date_key,full_date,day_of_month,day_name,day_of_week,iso_week,week_start_date,week_end_date,calendar_month,month_name,calendar_year_month,month_start_date,month_end_date,calendar_quarter,calendar_year,fiscal_month,fiscal_quarter,fiscal_year,fiscal_year_month,fiscal_year_quarter,is_weekend,is_working_day,days_from_start
20240101,2024-01-01,1,Monday,1,1,2024-01-01,2024-01-07,1,January,2024-01,2024-01-01,2024-01-31,Q1,2024,7,Q3,2024,FY2024-M07,FY2024-Q3,False,True,0
20240102,2024-01-02,2,Tuesday,2,1,2024-01-01,2024-01-07,1,January,2024-01,2024-01-01,2024-01-31,Q1,2024,7,Q3,2024,FY2024-M07,FY2024-Q3,False,True,1
20240103,2024-01-03,3,Wednesday,3,1,2024-01-01,2024-01-07,1,January,2024-01,2024-01-01,2024-01-31,Q1,2024,7,Q3,2024,FY2024-M07,FY2024-Q3,False,True,2
20240104,2024-01-04,4,Thursday,4,1,2024-01-01,2024-01-07,1,January,2024-01,2024-01-01,2024-01-31,Q1,2024,7,Q3,2024,FY2024-M07,FY2024-Q3,False,True,3
20240105,2024-01-05,5,Friday,5,1,2024-01-01,2024-01-07,1,January,2024-01,2024-01-01,2024-01-31,Q1,2024,7,Q3,2024,FY2024-M07,FY2024-Q3,False,True,4
20240106,2024-01-06,6,Saturday,6,1,2024-01-01,2024-01-07,1,January,2024-01,2024-01-01,2024-01-31,Q1,2024,7,Q3,2024,FY2024-M07,FY2024-Q3,True,False,5
20240107,2024-01-07,7,Sunday,7,1,2024-01-01,2024-01-07,1,January,2024-01,2024-01-01,2024-01-31,Q1,2024,7,Q3,2024,FY2024-M07,FY2024-Q3,True,False,6
20240108,2024-01-08,8,Monday,1,2,2024-01-08,2024-01-14,1,January,2024-01,2024-01-01,2024-01-31,Q1,2024,7,Q3,2024,FY2024-M07,FY2024-Q3,False,True,7
20240109,2024-01-09,9,Tuesday,2,2,2024-01-08,2024-01-14,1,January,2024-01,2024-01-01,2024-01-31,Q1,2024,7,Q3,2024,FY2024-M07,FY2024-Q3,False,True,8
20240110,2024-01-10,10,Wednesday,3,2,2024-01-08,2024-01-14,1,January,2024-01,2024-01-01,2024-01-31,Q1,2024,7,Q3,2024,FY2024-M07,FY2024-Q3,False,True,9
20240111,2024-01-11,11,Thursday,4,2,2024-01-08,2024-01-14,1,January,2024-01,2024-01-01,2024-01-31,Q1,2024,7,Q3,2024,FY2024-M07,FY2024-Q3,False,True,10
20240112,2024-01-12,12,Friday,5,2,2024-01-08,2024-01-14,1,January,2024-01,2024-01-01,2024-01-31,Q1,2024,7,Q3,2024,FY2024-M07,FY2024-Q3,False,True,11
20240113,2024-01-13,13,Saturday,6,2,2024-01-08,2024-01-14,1,January,2024-01,2024-01-01,2024-01-31,Q1,2024,7,Q3,2024,FY2024-M07,FY2024-Q3,True,False,12
20240114,2024-01-14,14,Sunday,7,2,2024-01-08,2024-01-14,1,January,2024-01,2024-01-01,2024-01-31,Q1,2024,7,Q3,2024,FY2024-M07,FY2024-Q3,True,False,13
20240115,2024-01-15,15,Monday,1,3,2024-01-15,2024-01-21,1,January,2024-01,2024-01-01,2024-01-31,Q1,2024,7,Q3,2024,FY2024-M07,FY2024-Q3,False,True,14
20240116,2024-01-16,16,Tuesday,2,3,2024-01-15,2024-01-21,1,January,2024-01,2024-01-01,2024-01-31,Q1,2024,7,Q3,2024,FY2024-M07,FY2024-Q3,False,True,15
20240117,2024-01-17,17,Wednesday,3,3,2024-01-15,2024-01-21,1,January,2024-01,2024-01-01,2024-01-31,Q1,2024,7,Q3,2024,FY2024-M07,FY2024-Q3,False,True,16
20240118,2024-01-18,18,Thursday,4,3,2024-01-15,2024-01-21,1,January,2024-01,2024-01-01,2024-01-31,Q1,2024,7,Q3,2024,FY2024-M07,FY2024-Q3,False,True,17
20240119,2024-01-19,19,Friday,5,3,2024-01-15,2024-01-21,1,January,2024-01,2024-01-01,2024-01-31,Q1,2024,7,Q3,2024,FY2024-M07,FY2024-Q3,False,True,18
20240120,2024-01-20,20,Saturday,6,3,2024-01-15,2024-01-21,1,January,2024-01,2024-01-01,2024-01-31,Q1,2024,7,Q3,2024,FY2024-M07,FY2024-Q3,True,False,19
20240121,2024-01-21,21,Sunday,7,3,2024-01-15,2024-01-21,1,January,2024-01,2024-01-01,2024-01-31,Q1,2024,7,Q3,2024,FY2024-M07,FY2024-Q3,True,False,20
20240122,2024-01-22,22,Monday,1,4,2024-01-22,2024-01-28,1,January,2024-01,2024-01-01,2024-01-31,Q1,2024,7,Q3,2024,FY2024-M07,FY2024-Q3,False,True,21
20240123,2024-01-23,23,Tuesday,2,4,2024-01-22,2024-01-28,1,January,2024-01,2024-01-01,2024-01-31,Q1,2024,7,Q3,2024,FY2024-M07,FY2024-Q3,False,True,22
20240124,2024-01-24,24,Wednesday,3,4,2024-01-22,2024-01-28,1,January,2024-01,2024-01-01,2024-01-31,Q1,2024,7,Q3,2024,FY2024-M07,FY2024-Q3,False,True,23
20240125,2024-01-25,25,Thursday,4,4,2024-01-22,2024-01-28,1,January,2024-01,2024-01-01,2024-01-31,Q1,2024,7,Q3,2024,FY2024-M07,FY2024-Q3,False,True,24
20240126,2024-01-26,26,Friday,5,4,2024-01-22,2024-01-28,1,January,2024-01,2024-01-01,2024-01-31,Q1,2024,7,Q3,2024,FY2024-M07,FY2024-Q3,False,True,25
20240127,2024-01-27,27,Saturday,6,4,2024-01-22,2024-01-28,1,January,2024-01,2024-01-01,2024-01-31,Q1,2024,7,Q3,2024,FY2024-M07,FY2024-Q3,True,False,26
20240128,2024-01-28,28,Sunday,7,4,2024-01-22,2024-01-28,1,January,2024-01,2024-01-01,2024-01-31,Q1,2024,7,Q3,2024,FY2024-M07,FY2024-Q3,True,False,27
20240129,2024-01-29,29,Monday,1,5,2024-01-29,2024-02-04,1,January,2024-01,2024-01-01,2024-01-31,Q1,2024,7,Q3,2024,FY2024-M07,FY2024-Q3,False,True,28
20240130,2024-01-30,30,Tuesday,2,5,2024-01-29,2024-02-04,1,January,2024-01,2024-01-01,2024-01-31,Q1,2024,7,Q3,2024,FY2024-M07,FY2024-Q3,False,True,29
20240131,2024-01-31,31,Wednesday,3,5,2024-01-29,2024-02-04,1,January,2024-01,2024-01-01,2024-01-31,Q1,2024,7,Q3,2024,FY2024-M07,FY2024-Q3,False,True,30
20240201,2024-02-01,1,Thursday,4,5,2024-01-29,2024-02-04,2,February,2024-02,2024-02-01,2024-02-29,Q1,2024,8,Q3,2024,FY2024-M08,FY2024-Q3,False,True,31
20240202,2024-02-02,2,Friday,5,5,2024-01-29,2024-02-04,2,February,2024-02,2024-02-01,2024-02-29,Q1,2024,8,Q3,2024,FY2024-M08,FY2024-Q3,False,True,32
20240203,2024-02-03,3,Saturday,6,5,2024-01-29,2024-02-04,2,February,2024-02,2024-02-01,2024-02-29,Q1,2024,8,Q3,2024,FY2024-M08,FY2024-Q3,True,False,33
20240204,2024-02-04,4,Sunday,7,5,2024-01-29,2024-02-04,2,February,2024-02,2024-02-01,2024-02-29,Q1,2024,8,Q3,2024,FY2024-M08,FY2024-Q3,True,False,34
20240205,2024-02-05,5,Monday,1,6,2024-02-05,2024-02-11,2,February,2024-02,2024-02-01,2024-02-29,Q1,2024,8,Q3,2024,FY2024-M08,FY2024-Q3,False,True,35
20240206,2024-02-06,6,Tuesday,2,6,2024-02-05,2024-02-11,2,February,2024-02,2024-02-01,2024-02-29,Q1,2024,8,Q3,2024,FY2024-M08,FY2024-Q3,False,True,36
20240207,2024-02-07,7,Wednesday,3,6,2024-02-05,2024-02-11,2,February,2024-02,2024-02-01,2024-02-29,Q1,2024,8,Q3,2024,FY2024-M08,FY2024-Q3,False,True,37
20240208,2024-02-08,8,Thursday,4,6,2024-02-05,2024-02-11,2,February,2024-02,2024-02-01,2024-02-29,Q1,2024,8,Q3,2024,FY2024-M08,FY2024-Q3,False,True,38
20240209,2024-02-09,9,Friday,5,6,2024-02-05,2024-02-11,2,February,2024-02,2024-02-01,2024-02-29,Q1,2024,8,Q3,2024,FY2024-M08,FY2024-Q3,False,True,39
20240210,2024-02-10,10,Saturday,6,6,2024-02-05,2024-02-11,2,February,2024-02,2024-02-01,2024-02-29,Q1,2024,8,Q3,2024,FY2024-M08,FY2024-Q3,True,False,40
20240211,2024-02-11,11,Sunday,7,6,2024-02-05,2024-02-11,2,February,2024-02,2024-02-01,2024-02-29,Q1,2024,8,Q3,2024,FY2024-M08,FY2024-Q3,True,False,41
20240212,2024-02-12,12,Monday,1,7,2024-02-12,2024-02-18,2,February,2024-02,2024-02-01,2024-02-29,Q1,2024,8,Q3,2024,FY2024-M08,FY2024-Q3,False,True,42
20240213,2024-02-13,13,Tuesday,2,7,2024-02-12,2024-02-18,2,February,2024-02,2024-02-01,2024-02-29,Q1,2024,8,Q3,2024,FY2024-M08,FY2024-Q3,False,True,43
20240214,2024-02-14,14,Wednesday,3,7,2024-02-12,2024-02-18,2,February,2024-02,2024-02-01,2024-02-29,Q1,2024,8,Q3,2024,FY2024-M08,FY2024-Q3,False,True,44
20240215,2024-02-15,15,Thursday,4,7,2024-02-12,2024-02-18,2,February,2024-02,2024-02-01,2024-02-29,Q1,2024,8,Q3,2024,FY2024-M08,FY2024-Q3,False,True,45
20240216,2024-02-16,16,Friday,5,7,2024-02-12,2024-02-18,2,February,2024-02,2024-02-01,2024-02-29,Q1,2024,8,Q3,2024,FY2024-M08,FY2024-Q3,False,True,46
20240217,2024-02-17,17,Saturday,6,7,2024-02-12,2024-02-18,2,February,2024-02,2024-02-01,2024-02-29,Q1,2024,8,Q3,2024,FY2024-M08,FY2024-Q3,True,False,47
20240218,2024-02-18,18,Sunday,7,7,2024-02-12,2024-02-18,2,February,2024-02,2024-02-01,2024-02-29,Q1,2024,8,Q3,2024,FY2024-M08,FY2024-Q3,True,False,48
20240219,2024-02-19,19,Monday,1,8,2024-02-19,2024-02-25,2,February,2024-02,2024-02-01,2024-02-29,Q1,2024,8,Q3,2024,FY2024-M08,FY2024-Q3,False,True,49
20240220,2024-02-20,20,Tuesday,2,8,2024-02-19,2024-02-25,2,February,2024-02,2024-02-01,2024-02-29,Q1,2024,8,Q3,2024,FY2024-M08,FY2024-Q3,False,True,50
20240221,2024-02-21,21,Wednesday,3,8,2024-02-19,2024-02-25,2,February,2024-02,2024-02-01,2024-02-29,Q1,2024,8,Q3,2024,FY2024-M08,FY2024-Q3,False,True,51
20240222,2024-02-22,22,Thursday,4,8,2024-02-19,2024-02-25,2,February,2024-02,2024-02-01,2024-02-29,Q1,2024,8,Q3,2024,FY2024-M08,FY2024-Q3,False,True,52
20240223,2024-02-23,23,Friday,5,8,2024-02-19,2024-02-25,2,February,2024-02,2024-02-01,2024-02-29,Q1,2024,8,Q3,2024,FY2024-M08,FY2024-Q3,False,True,53
20240224,2024-02-24,24,Saturday,6,8,2024-02-19,2024-02-25,2,February,2024-02,2024-02-01,2024-02-29,Q1,2024,8,Q3,2024,FY2024-M08,FY2024-Q3,True,False,54
20240225,2024-02-25,25,Sunday,7,8,2024-02-19,2024-02-25,2,February,2024-02,2024-02-01,2024-02-29,Q1,2024,8,Q3,2024,FY2024-M08,FY2024-Q3,True,False,55
20240226,2024-02-26,26,Monday,1,9,2024-02-26,2024-03-03,2,February,2024-02,2024-02-01,2024-02-29,Q1,2024,8,Q3,2024,FY2024-M08,FY2024-Q3,False,True,56
20240227,2024-02-27,27,Tuesday,2,9,2024-02-26,2024-03-03,2,February,2024-02,2024-02-01,2024-02-29,Q1,2024,8,Q3,2024,FY2024-M08,FY2024-Q3,False,True,57
20240228,2024-02-28,28,Wednesday,3,9,2024-02-26,2024-03-03,2,February,2024-02,2024-02-01,2024-02-29,Q1,2024,8,Q3,2024,FY2024-M08,FY2024-Q3,False,True,58
20240229,2024-02-29,29,Thursday,4,9,2024-02-26,2024-03-03,2,February,2024-02,2024-02-01,2024-02-29,Q1,2024,8,Q3,2024,FY2024-M08,FY2024-Q3,False,True,59
20240301,2024-03-01,1,Friday,5,9,2024-02-26,2024-03-03,3,March,2024-03,2024-03-01,2024-03-31,Q1,2024,9,Q3,2024,FY2024-M09,FY2024-Q3,False,True,60
20240302,2024-03-02,2,Saturday,6,9,2024-02-26,2024-03-03,3,March,2024-03,2024-03-01,2024-03-31,Q1,2024,9,Q3,2024,FY2024-M09,FY2024-Q3,True,False,61
20240303,2024-03-03,3,Sunday,7,9,2024-02-26,2024-03-03,3,March,2024-03,2024-03-01,2024-03-31,Q1,2024,9,Q3,2024,FY2024-M09,FY2024-Q3,True,False,62
20240304,2024-03-04,4,Monday,1,10,2024-03-04,2024-03-10,3,March,2024-03,2024-03-01,2024-03-31,Q1,2024,9,Q3,2024,FY2024-M09,FY2024-Q3,False,True,63
20240305,2024-03-05,5,Tuesday,2,10,2024-03-04,2024-03-10,3,March,2024-03,2024-03-01,2024-03-31,Q1,2024,9,Q3,2024,FY2024-M09,FY2024-Q3,False,True,64
20240306,2024-03-06,6,Wednesday,3,10,2024-03-04,2024-03-10,3,March,2024-03,2024-03-01,2024-03-31,Q1,2024,9,Q3,2024,FY2024-M09,FY2024-Q3,False,True,65
20240307,2024-03-07,7,Thursday,4,10,2024-03-04,2024-03-10,3,March,2024-03,2024-03-01,2024-03-31,Q1,2024,9,Q3,2024,FY2024-M09,FY2024-Q3,False,True,66
20240308,2024-03-08,8,Friday,5,10,2024-03-04,2024-03-10,3,March,2024-03,2024-03-01,2024-03-31,Q1,2024,9,Q3,2024,FY2024-M09,FY2024-Q3,False,True,67
20240309,2024-03-09,9,Saturday,6,10,2024-03-04,2024-03-10,3,March,2024-03,2024-03-01,2024-03-31,Q1,2024,9,Q3,2024,FY2024-M09,FY2024-Q3,True,False,68
20240310,2024-03-10,10,Sunday,7,10,2024-03-04,2024-03-10,3,March,2024-03,2024-03-01,2024-03-31,Q1,2024,9,Q3,2024,FY2024-M09,FY2024-Q3,True,False,69
20240311,2024-03-11,11,Monday,1,11,2024-03-11,2024-03-17,3,March,2024-03,2024-03-01,2024-03-31,Q1,2024,9,Q3,2024,FY2024-M09,FY2024-Q3,False,True,70
20240312,2024-03-12,12,Tuesday,2,11,2024-03-11,2024-03-17,3,March,2024-03,2024-03-01,2024-03-31,Q1,2024,9,Q3,2024,FY2024-M09,FY2024-Q3,False,True,71
20240313,2024-03-13,13,Wednesday,3,11,2024-03-11,2024-03-17,3,March,2024-03,2024-03-01,2024-03-31,Q1,2024,9,Q3,2024,FY2024-M09,FY2024-Q3,False,True,72
20240314,2024-03-14,14,Thursday,4,11,2024-03-11,2024-03-17,3,March,2024-03,2024-03-01,2024-03-31,Q1,2024,9,Q3,2024,FY2024-M09,FY2024-Q3,False,True,73
20240315,2024-03-15,15,Friday,5,11,2024-03-11,2024-03-17,3,March,2024-03,2024-03-01,2024-03-31,Q1,2024,9,Q3,2024,FY2024-M09,FY2024-Q3,False,True,74
20240316,2024-03-16,16,Saturday,6,11,2024-03-11,2024-03-17,3,March,2024-03,2024-03-01,2024-03-31,Q1,2024,9,Q3,2024,FY2024-M09,FY2024-Q3,True,False,75
20240317,2024-03-17,17,Sunday,7,11,2024-03-11,2024-03-17,3,March,2024-03,2024-03-01,2024-03-31,Q1,2024,9,Q3,2024,FY2024-M09,FY2024-Q3,True,False,76
20240318,2024-03-18,18,Monday,1,12,2024-03-18,2024-03-24,3,March,2024-03,2024-03-01,2024-03-31,Q1,2024,9,Q3,2024,FY2024-M09,FY2024-Q3,False,True,77
20240319,2024-03-19,19,Tuesday,2,12,2024-03-18,2024-03-24,3,March,2024-03,2024-03-01,2024-03-31,Q1,2024,9,Q3,2024,FY2024-M09,FY2024-Q3,False,True,78
20240320,2024-03-20,20,Wednesday,3,12,2024-03-18,2024-03-24,3,March,2024-03,2024-03-01,2024-03-31,Q1,2024,9,Q3,2024,FY2024-M09,FY2024-Q3,False,True,79
20240321,2024-03-21,21,Thursday,4,12,2024-03-18,2024-03-24,3,March,2024-03,2024-03-01,2024-03-31,Q1,2024,9,Q3,2024,FY2024-M09,FY2024-Q3,False,True,80
20240322,2024-03-22,22,Friday,5,12,2024-03-18,2024-03-24,3,March,2024-03,2024-03-01,2024-03-31,Q1,2024,9,Q3,2024,FY2024-M09,FY2024-Q3,False,True,81
20240323,2024-03-23,23,Saturday,6,12,2024-03-18,2024-03-24,3,March,2024-03,2024-03-01,2024-03-31,Q1,2024,9,Q3,2024,FY2024-M09,FY2024-Q3,True,False,82
20240324,2024-03-24,24,Sunday,7,12,2024-03-18,2024-03-24,3,March,2024-03,2024-03-01,2024-03-31,Q1,2024,9,Q3,2024,FY2024-M09,FY2024-Q3,True,False,83
20240325,2024-03-25,25,Monday,1,13,2024-03-25,2024-03-31,3,March,2024-03,2024-03-01,2024-03-31,Q1,2024,9,Q3,2024,FY2024-M09,FY2024-Q3,False,True,84
20240326,2024-03-26,26,Tuesday,2,13,2024-03-25,2024-03-31,3,March,2024-03,2024-03-01,2024-03-31,Q1,2024,9,Q3,2024,FY2024-M09,FY2024-Q3,False,True,85
20240327,2024-03-27,27,Wednesday,3,13,2024-03-25,2024-03-31,3,March,2024-03,2024-03-01,2024-03-31,Q1,2024,9,Q3,2024,FY2024-M09,FY2024-Q3,False,True,86
20240328,2024-03-28,28,Thursday,4,13,2024-03-25,2024-03-31,3,March,2024-03,2024-03-01,2024-03-31,Q1,2024,9,Q3,2024,FY2024-M09,FY2024-Q3,False,True,87
20240329,2024-03-29,29,Friday,5,13,2024-03-25,2024-03-31,3,March,2024-03,2024-03-01,2024-03-31,Q1,2024,9,Q3,2024,FY2024-M09,FY2024-Q3,False,True,88
20240330,2024-03-30,30,Saturday,6,13,2024-03-25,2024-03-31,3,March,2024-03,2024-03-01,2024-03-31,Q1,2024,9,Q3,2024,FY2024-M09,FY2024-Q3,True,False,89
20240331,2024-03-31,31,Sunday,7,13,2024-03-25,2024-03-31,3,March,2024-03,2024-03-01,2024-03-31,Q1,2024,9,Q3,2024,FY2024-M09,FY2024-Q3,True,False,90
20240401,2024-04-01,1,Monday,1,14,2024-04-01,2024-04-07,4,April,2024-04,2024-04-01,2024-04-30,Q2,2024,10,Q4,2024,FY2024-M10,FY2024-Q4,False,True,91
20240402,2024-04-02,2,Tuesday,2,14,2024-04-01,2024-04-07,4,April,2024-04,2024-04-01,2024-04-30,Q2,2024,10,Q4,2024,FY2024-M10,FY2024-Q4,False,True,92
20240403,2024-04-03,3,Wednesday,3,14,2024-04-01,2024-04-07,4,April,2024-04,2024-04-01,2024-04-30,Q2,2024,10,Q4,2024,FY2024-M10,FY2024-Q4,False,True,93
20240404,2024-04-04,4,Thursday,4,14,2024-04-01,2024-04-07,4,April,2024-04,2024-04-01,2024-04-30,Q2,2024,10,Q4,2024,FY2024-M10,FY2024-Q4,False,True,94
20240405,2024-04-05,5,Friday,5,14,2024-04-01,2024-04-07,4,April,2024-04,2024-04-01,2024-04-30,Q2,2024,10,Q4,2024,FY2024-M10,FY2024-Q4,False,True,95
20240406,2024-04-06,6,Saturday,6,14,2024-04-01,2024-04-07,4,April,2024-04,2024-04-01,2024-04-30,Q2,2024,10,Q4,2024,FY2024-M10,FY2024-Q4,True,False,96
20240407,2024-04-07,7,Sunday,7,14,2024-04-01,2024-04-07,4,April,2024-04,2024-04-01,2024-04-30,Q2,2024,10,Q4,2024,FY2024-M10,FY2024-Q4,True,False,97
20240408,2024-04-08,8,Monday,1,15,2024-04-08,2024-04-14,4,April,2024-04,2024-04-01,2024-04-30,Q2,2024,10,Q4,2024,FY2024-M10,FY2024-Q4,False,True,98
20240409,2024-04-09,9,Tuesday,2,15,2024-04-08,2024-04-14,4,April,2024-04,2024-04-01,2024-04-30,Q2,2024,10,Q4,2024,FY2024-M10,FY2024-Q4,False,True,99
20240410,2024-04-10,10,Wednesday,3,15,2024-04-08,2024-04-14,4,April,2024-04,2024-04-01,2024-04-30,Q2,2024,10,Q4,2024,FY2024-M10,FY2024-Q4,False,True,100
20240411,2024-04-11,11,Thursday,4,15,2024-04-08,2024-04-14,4,April,2024-04,2024-04-01,2024-04-30,Q2,2024,10,Q4,2024,FY2024-M10,FY2024-Q4,False,True,101
20240412,2024-04-12,12,Friday,5,15,2024-04-08,2024-04-14,4,April,2024-04,2024-04-01,2024-04-30,Q2,2024,10,Q4,2024,FY2024-M10,FY2024-Q4,False,True,102
20240413,2024-04-13,13,Saturday,6,15,2024-04-08,2024-04-14,4,April,2024-04,2024-04-01,2024-04-30,Q2,2024,10,Q4,2024,FY2024-M10,FY2024-Q4,True,False,103
20240414,2024-04-14,14,Sunday,7,15,2024-04-08,2024-04-14,4,April,2024-04,2024-04-01,2024-04-30,Q2,2024,10,Q4,2024,FY2024-M10,FY2024-Q4,True,False,104
20240415,2024-04-15,15,Monday,1,16,2024-04-15,2024-04-21,4,April,2024-04,2024-04-01,2024-04-30,Q2,2024,10,Q4,2024,FY2024-M10,FY2024-Q4,False,True,105
20240416,2024-04-16,16,Tuesday,2,16,2024-04-15,2024-04-21,4,April,2024-04,2024-04-01,2024-04-30,Q2,2024,10,Q4,2024,FY2024-M10,FY2024-Q4,False,True,106
20240417,2024-04-17,17,Wednesday,3,16,2024-04-15,2024-04-21,4,April,2024-04,2024-04-01,2024-04-30,Q2,2024,10,Q4,2024,FY2024-M10,FY2024-Q4,False,True,107
20240418,2024-04-18,18,Thursday,4,16,2024-04-15,2024-04-21,4,April,2024-04,2024-04-01,2024-04-30,Q2,2024,10,Q4,2024,FY2024-M10,FY2024-Q4,False,True,108
20240419,2024-04-19,19,Friday,5,16,2024-04-15,2024-04-21,4,April,2024-04,2024-04-01,2024-04-30,Q2,2024,10,Q4,2024,FY2024-M10,FY2024-Q4,False,True,109
20240420,2024-04-20,20,Saturday,6,16,2024-04-15,2024-04-21,4,April,2024-04,2024-04-01,2024-04-30,Q2,2024,10,Q4,2024,FY2024-M10,FY2024-Q4,True,False,110
20240421,2024-04-21,21,Sunday,7,16,2024-04-15,2024-04-21,4,April,2024-04,2024-04-01,2024-04-30,Q2,2024,10,Q4,2024,FY2024-M10,FY2024-Q4,True,False,111
20240422,2024-04-22,22,Monday,1,17,2024-04-22,2024-04-28,4,April,2024-04,2024-04-01,2024-04-30,Q2,2024,10,Q4,2024,FY2024-M10,FY2024-Q4,False,True,112
20240423,2024-04-23,23,Tuesday,2,17,2024-04-22,2024-04-28,4,April,2024-04,2024-04-01,2024-04-30,Q2,2024,10,Q4,2024,FY2024-M10,FY2024-Q4,False,True,113
20240424,2024-04-24,24,Wednesday,3,17,2024-04-22,2024-04-28,4,April,2024-04,2024-04-01,2024-04-30,Q2,2024,10,Q4,2024,FY2024-M10,FY2024-Q4,False,True,114
20240425,2024-04-25,25,Thursday,4,17,2024-04-22,2024-04-28,4,April,2024-04,2024-04-01,2024-04-30,Q2,2024,10,Q4,2024,FY2024-M10,FY2024-Q4,False,True,115
20240426,2024-04-26,26,Friday,5,17,2024-04-22,2024-04-28,4,April,2024-04,2024-04-01,2024-04-30,Q2,2024,10,Q4,2024,FY2024-M10,FY2024-Q4,False,True,116
20240427,2024-04-27,27,Saturday,6,17,2024-04-22,2024-04-28,4,April,2024-04,2024-04-01,2024-04-30,Q2,2024,10,Q4,2024,FY2024-M10,FY2024-Q4,True,False,117
20240428,2024-04-28,28,Sunday,7,17,2024-04-22,2024-04-28,4,April,2024-04,2024-04-01,2024-04-30,Q2,2024,10,Q4,2024,FY2024-M10,FY2024-Q4,True,False,118
20240429,2024-04-29,29,Monday,1,18,2024-04-29,2024-05-05,4,April,2024-04,2024-04-01,2024-04-30,Q2,2024,10,Q4,2024,FY2024-M10,FY2024-Q4,False,True,119
20240430,2024-04-30,30,Tuesday,2,18,2024-04-29,2024-05-05,4,April,2024-04,2024-04-01,2024-04-30,Q2,2024,10,Q4,2024,FY2024-M10,FY2024-Q4,False,True,120
20240501,2024-05-01,1,Wednesday,3,18,2024-04-29,2024-05-05,5,May,2024-05,2024-05-01,2024-05-31,Q2,2024,11,Q4,2024,FY2024-M11,FY2024-Q4,False,True,121
20240502,2024-05-02,2,Thursday,4,18,2024-04-29,2024-05-05,5,May,2024-05,2024-05-01,2024-05-31,Q2,2024,11,Q4,2024,FY2024-M11,FY2024-Q4,False,True,122
20240503,2024-05-03,3,Friday,5,18,2024-04-29,2024-05-05,5,May,2024-05,2024-05-01,2024-05-31,Q2,2024,11,Q4,2024,FY2024-M11,FY2024-Q4,False,True,123
20240504,2024-05-04,4,Saturday,6,18,2024-04-29,2024-05-05,5,May,2024-05,2024-05-01,2024-05-31,Q2,2024,11,Q4,2024,FY2024-M11,FY2024-Q4,True,False,124
20240505,2024-05-05,5,Sunday,7,18,2024-04-29,2024-05-05,5,May,2024-05,2024-05-01,2024-05-31,Q2,2024,11,Q4,2024,FY2024-M11,FY2024-Q4,True,False,125
20240506,2024-05-06,6,Monday,1,19,2024-05-06,2024-05-12,5,May,2024-05,2024-05-01,2024-05-31,Q2,2024,11,Q4,2024,FY2024-M11,FY2024-Q4,False,True,126
20240507,2024-05-07,7,Tuesday,2,19,2024-05-06,2024-05-12,5,May,2024-05,2024-05-01,2024-05-31,Q2,2024,11,Q4,2024,FY2024-M11,FY2024-Q4,False,True,127
20240508,2024-05-08,8,Wednesday,3,19,2024-05-06,2024-05-12,5,May,2024-05,2024-05-01,2024-05-31,Q2,2024,11,Q4,2024,FY2024-M11,FY2024-Q4,False,True,128
20240509,2024-05-09,9,Thursday,4,19,2024-05-06,2024-05-12,5,May,2024-05,2024-05-01,2024-05-31,Q2,2024,11,Q4,2024,FY2024-M11,FY2024-Q4,False,True,129
20240510,2024-05-10,10,Friday,5,19,2024-05-06,2024-05-12,5,May,2024-05,2024-05-01,2024-05-31,Q2,2024,11,Q4,2024,FY2024-M11,FY2024-Q4,False,True,130
20240511,2024-05-11,11,Saturday,6,19,2024-05-06,2024-05-12,5,May,2024-05,2024-05-01,2024-05-31,Q2,2024,11,Q4,2024,FY2024-M11,FY2024-Q4,True,False,131
20240512,2024-05-12,12,Sunday,7,19,2024-05-06,2024-05-12,5,May,2024-05,2024-05-01,2024-05-31,Q2,2024,11,Q4,2024,FY2024-M11,FY2024-Q4,True,False,132
20240513,2024-05-13,13,Monday,1,20,2024-05-13,2024-05-19,5,May,2024-05,2024-05-01,2024-05-31,Q2,2024,11,Q4,2024,FY2024-M11,FY2024-Q4,False,True,133
20240514,2024-05-14,14,Tuesday,2,20,2024-05-13,2024-05-19,5,May,2024-05,2024-05-01,2024-05-31,Q2,2024,11,Q4,2024,FY2024-M11,FY2024-Q4,False,True,134
20240515,2024-05-15,15,Wednesday,3,20,2024-05-13,2024-05-19,5,May,2024-05,2024-05-01,2024-05-31,Q2,2024,11,Q4,2024,FY2024-M11,FY2024-Q4,False,True,135
20240516,2024-05-16,16,Thursday,4,20,2024-05-13,2024-05-19,5,May,2024-05,2024-05-01,2024-05-31,Q2,2024,11,Q4,2024,FY2024-M11,FY2024-Q4,False,True,136
20240517,2024-05-17,17,Friday,5,20,2024-05-13,2024-05-19,5,May,2024-05,2024-05-01,2024-05-31,Q2,2024,11,Q4,2024,FY2024-M11,FY2024-Q4,False,True,137
20240518,2024-05-18,18,Saturday,6,20,2024-05-13,2024-05-19,5,May,2024-05,2024-05-01,2024-05-31,Q2,2024,11,Q4,2024,FY2024-M11,FY2024-Q4,True,False,138
20240519,2024-05-19,19,Sunday,7,20,2024-05-13,2024-05-19,5,May,2024-05,2024-05-01,2024-05-31,Q2,2024,11,Q4,2024,FY2024-M11,FY2024-Q4,True,False,139
20240520,2024-05-20,20,Monday,1,21,2024-05-20,2024-05-26,5,May,2024-05,2024-05-01,2024-05-31,Q2,2024,11,Q4,2024,FY2024-M11,FY2024-Q4,False,True,140
20240521,2024-05-21,21,Tuesday,2,21,2024-05-20,2024-05-26,5,May,2024-05,2024-05-01,2024-05-31,Q2,2024,11,Q4,2024,FY2024-M11,FY2024-Q4,False,True,141
20240522,2024-05-22,22,Wednesday,3,21,2024-05-20,2024-05-26,5,May,2024-05,2024-05-01,2024-05-31,Q2,2024,11,Q4,2024,FY2024-M11,FY2024-Q4,False,True,142
20240523,2024-05-23,23,Thursday,4,21,2024-05-20,2024-05-26,5,May,2024-05,2024-05-01,2024-05-31,Q2,2024,11,Q4,2024,FY2024-M11,FY2024-Q4,False,True,143
20240524,2024-05-24,24,Friday,5,21,2024-05-20,2024-05-26,5,May,2024-05,2024-05-01,2024-05-31,Q2,2024,11,Q4,2024,FY2024-M11,FY2024-Q4,False,True,144
20240525,2024-05-25,25,Saturday,6,21,2024-05-20,2024-05-26,5,May,2024-05,2024-05-01,2024-05-31,Q2,2024,11,Q4,2024,FY2024-M11,FY2024-Q4,True,False,145
20240526,2024-05-26,26,Sunday,7,21,2024-05-20,2024-05-26,5,May,2024-05,2024-05-01,2024-05-31,Q2,2024,11,Q4,2024,FY2024-M11,FY2024-Q4,True,False,146
20240527,2024-05-27,27,Monday,1,22,2024-05-27,2024-06-02,5,May,2024-05,2024-05-01,2024-05-31,Q2,2024,11,Q4,2024,FY2024-M11,FY2024-Q4,False,True,147
20240528,2024-05-28,28,Tuesday,2,22,2024-05-27,2024-06-02,5,May,2024-05,2024-05-01,2024-05-31,Q2,2024,11,Q4,2024,FY2024-M11,FY2024-Q4,False,True,148
20240529,2024-05-29,29,Wednesday,3,22,2024-05-27,2024-06-02,5,May,2024-05,2024-05-01,2024-05-31,Q2,2024,11,Q4,2024,FY2024-M11,FY2024-Q4,False,True,149
20240530,2024-05-30,30,Thursday,4,22,2024-05-27,2024-06-02,5,May,2024-05,2024-05-01,2024-05-31,Q2,2024,11,Q4,2024,FY2024-M11,FY2024-Q4,False,True,150
20240531,2024-05-31,31,Friday,5,22,2024-05-27,2024-06-02,5,May,2024-05,2024-05-01,2024-05-31,Q2,2024,11,Q4,2024,FY2024-M11,FY2024-Q4,False,True,151
20240601,2024-06-01,1,Saturday,6,22,2024-05-27,2024-06-02,6,June,2024-06,2024-06-01,2024-06-30,Q2,2024,12,Q4,2024,FY2024-M12,FY2024-Q4,True,False,152
20240602,2024-06-02,2,Sunday,7,22,2024-05-27,2024-06-02,6,June,2024-06,2024-06-01,2024-06-30,Q2,2024,12,Q4,2024,FY2024-M12,FY2024-Q4,True,False,153
20240603,2024-06-03,3,Monday,1,23,2024-06-03,2024-06-09,6,June,2024-06,2024-06-01,2024-06-30,Q2,2024,12,Q4,2024,FY2024-M12,FY2024-Q4,False,True,154
20240604,2024-06-04,4,Tuesday,2,23,2024-06-03,2024-06-09,6,June,2024-06,2024-06-01,2024-06-30,Q2,2024,12,Q4,2024,FY2024-M12,FY2024-Q4,False,True,155
20240605,2024-06-05,5,Wednesday,3,23,2024-06-03,2024-06-09,6,June,2024-06,2024-06-01,2024-06-30,Q2,2024,12,Q4,2024,FY2024-M12,FY2024-Q4,False,True,156
20240606,2024-06-06,6,Thursday,4,23,2024-06-03,2024-06-09,6,June,2024-06,2024-06-01,2024-06-30,Q2,2024,12,Q4,2024,FY2024-M12,FY2024-Q4,False,True,157
20240607,2024-06-07,7,Friday,5,23,2024-06-03,2024-06-09,6,June,2024-06,2024-06-01,2024-06-30,Q2,2024,12,Q4,2024,FY2024-M12,FY2024-Q4,False,True,158
20240608,2024-06-08,8,Saturday,6,23,2024-06-03,2024-06-09,6,June,2024-06,2024-06-01,2024-06-30,Q2,2024,12,Q4,2024,FY2024-M12,FY2024-Q4,True,False,159
20240609,2024-06-09,9,Sunday,7,23,2024-06-03,2024-06-09,6,June,2024-06,2024-06-01,2024-06-30,Q2,2024,12,Q4,2024,FY2024-M12,FY2024-Q4,True,False,160
20240610,2024-06-10,10,Monday,1,24,2024-06-10,2024-06-16,6,June,2024-06,2024-06-01,2024-06-30,Q2,2024,12,Q4,2024,FY2024-M12,FY2024-Q4,False,True,161
20240611,2024-06-11,11,Tuesday,2,24,2024-06-10,2024-06-16,6,June,2024-06,2024-06-01,2024-06-30,Q2,2024,12,Q4,2024,FY2024-M12,FY2024-Q4,False,True,162
20240612,2024-06-12,12,Wednesday,3,24,2024-06-10,2024-06-16,6,June,2024-06,2024-06-01,2024-06-30,Q2,2024,12,Q4,2024,FY2024-M12,FY2024-Q4,False,True,163
20240613,2024-06-13,13,Thursday,4,24,2024-06-10,2024-06-16,6,June,2024-06,2024-06-01,2024-06-30,Q2,2024,12,Q4,2024,FY2024-M12,FY2024-Q4,False,True,164
20240614,2024-06-14,14,Friday,5,24,2024-06-10,2024-06-16,6,June,2024-06,2024-06-01,2024-06-30,Q2,2024,12,Q4,2024,FY2024-M12,FY2024-Q4,False,True,165
20240615,2024-06-15,15,Saturday,6,24,2024-06-10,2024-06-16,6,June,2024-06,2024-06-01,2024-06-30,Q2,2024,12,Q4,2024,FY2024-M12,FY2024-Q4,True,False,166
20240616,2024-06-16,16,Sunday,7,24,2024-06-10,2024-06-16,6,June,2024-06,2024-06-01,2024-06-30,Q2,2024,12,Q4,2024,FY2024-M12,FY2024-Q4,True,False,167
20240617,2024-06-17,17,Monday,1,25,2024-06-17,2024-06-23,6,June,2024-06,2024-06-01,2024-06-30,Q2,2024,12,Q4,2024,FY2024-M12,FY2024-Q4,False,True,168
20240618,2024-06-18,18,Tuesday,2,25,2024-06-17,2024-06-23,6,June,2024-06,2024-06-01,2024-06-30,Q2,2024,12,Q4,2024,FY2024-M12,FY2024-Q4,False,True,169
20240619,2024-06-19,19,Wednesday,3,25,2024-06-17,2024-06-23,6,June,2024-06,2024-06-01,2024-06-30,Q2,2024,12,Q4,2024,FY2024-M12,FY2024-Q4,False,True,170
20240620,2024-06-20,20,Thursday,4,25,2024-06-17,2024-06-23,6,June,2024-06,2024-06-01,2024-06-30,Q2,2024,12,Q4,2024,FY2024-M12,FY2024-Q4,False,True,171
20240621,2024-06-21,21,Friday,5,25,2024-06-17,2024-06-23,6,June,2024-06,2024-06-01,2024-06-30,Q2,2024,12,Q4,2024,FY2024-M12,FY2024-Q4,False,True,172
20240622,2024-06-22,22,Saturday,6,25,2024-06-17,2024-06-23,6,June,2024-06,2024-06-01,2024-06-30,Q2,2024,12,Q4,2024,FY2024-M12,FY2024-Q4,True,False,173
20240623,2024-06-23,23,Sunday,7,25,2024-06-17,2024-06-23,6,June,2024-06,2024-06-01,2024-06-30,Q2,2024,12,Q4,2024,FY2024-M12,FY2024-Q4,True,False,174
20240624,2024-06-24,24,Monday,1,26,2024-06-24,2024-06-30,6,June,2024-06,2024-06-01,2024-06-30,Q2,2024,12,Q4,2024,FY2024-M12,FY2024-Q4,False,True,175
20240625,2024-06-25,25,Tuesday,2,26,2024-06-24,2024-06-30,6,June,2024-06,2024-06-01,2024-06-30,Q2,2024,12,Q4,2024,FY2024-M12,FY2024-Q4,False,True,176
20240626,2024-06-26,26,Wednesday,3,26,2024-06-24,2024-06-30,6,June,2024-06,2024-06-01,2024-06-30,Q2,2024,12,Q4,2024,FY2024-M12,FY2024-Q4,False,True,177
20240627,2024-06-27,27,Thursday,4,26,2024-06-24,2024-06-30,6,June,2024-06,2024-06-01,2024-06-30,Q2,2024,12,Q4,2024,FY2024-M12,FY2024-Q4,False,True,178
20240628,2024-06-28,28,Friday,5,26,2024-06-24,2024-06-30,6,June,2024-06,2024-06-01,2024-06-30,Q2,2024,12,Q4,2024,FY2024-M12,FY2024-Q4,False,True,179
20240629,2024-06-29,29,Saturday,6,26,2024-06-24,2024-06-30,6,June,2024-06,2024-06-01,2024-06-30,Q2,2024,12,Q4,2024,FY2024-M12,FY2024-Q4,True,False,180
20240630,2024-06-30,30,Sunday,7,26,2024-06-24,2024-06-30,6,June,2024-06,2024-06-01,2024-06-30,Q2,2024,12,Q4,2024,FY2024-M12,FY2024-Q4,True,False,181
20240701,2024-07-01,1,Monday,1,27,2024-07-01,2024-07-07,7,July,2024-07,2024-07-01,2024-07-31,Q3,2024,1,Q1,2025,FY2025-M01,FY2025-Q1,False,True,182
20240702,2024-07-02,2,Tuesday,2,27,2024-07-01,2024-07-07,7,July,2024-07,2024-07-01,2024-07-31,Q3,2024,1,Q1,2025,FY2025-M01,FY2025-Q1,False,True,183
20240703,2024-07-03,3,Wednesday,3,27,2024-07-01,2024-07-07,7,July,2024-07,2024-07-01,2024-07-31,Q3,2024,1,Q1,2025,FY2025-M01,FY2025-Q1,False,True,184
20240704,2024-07-04,4,Thursday,4,27,2024-07-01,2024-07-07,7,July,2024-07,2024-07-01,2024-07-31,Q3,2024,1,Q1,2025,FY2025-M01,FY2025-Q1,False,True,185
20240705,2024-07-05,5,Friday,5,27,2024-07-01,2024-07-07,7,July,2024-07,2024-07-01,2024-07-31,Q3,2024,1,Q1,2025,FY2025-M01,FY2025-Q1,False,True,186
20240706,2024-07-06,6,Saturday,6,27,2024-07-01,2024-07-07,7,July,2024-07,2024-07-01,2024-07-31,Q3,2024,1,Q1,2025,FY2025-M01,FY2025-Q1,True,False,187
20240707,2024-07-07,7,Sunday,7,27,2024-07-01,2024-07-07,7,July,2024-07,2024-07-01,2024-07-31,Q3,2024,1,Q1,2025,FY2025-M01,FY2025-Q1,True,False,188
20240708,2024-07-08,8,Monday,1,28,2024-07-08,2024-07-14,7,July,2024-07,2024-07-01,2024-07-31,Q3,2024,1,Q1,2025,FY2025-M01,FY2025-Q1,False,True,189
20240709,2024-07-09,9,Tuesday,2,28,2024-07-08,2024-07-14,7,July,2024-07,2024-07-01,2024-07-31,Q3,2024,1,Q1,2025,FY2025-M01,FY2025-Q1,False,True,190
20240710,2024-07-10,10,Wednesday,3,28,2024-07-08,2024-07-14,7,July,2024-07,2024-07-01,2024-07-31,Q3,2024,1,Q1,2025,FY2025-M01,FY2025-Q1,False,True,191
20240711,2024-07-11,11,Thursday,4,28,2024-07-08,2024-07-14,7,July,2024-07,2024-07-01,2024-07-31,Q3,2024,1,Q1,2025,FY2025-M01,FY2025-Q1,False,True,192
20240712,2024-07-12,12,Friday,5,28,2024-07-08,2024-07-14,7,July,2024-07,2024-07-01,2024-07-31,Q3,2024,1,Q1,2025,FY2025-M01,FY2025-Q1,False,True,193
20240713,2024-07-13,13,Saturday,6,28,2024-07-08,2024-07-14,7,July,2024-07,2024-07-01,2024-07-31,Q3,2024,1,Q1,2025,FY2025-M01,FY2025-Q1,True,False,194
20240714,2024-07-14,14,Sunday,7,28,2024-07-08,2024-07-14,7,July,2024-07,2024-07-01,2024-07-31,Q3,2024,1,Q1,2025,FY2025-M01,FY2025-Q1,True,False,195
20240715,2024-07-15,15,Monday,1,29,2024-07-15,2024-07-21,7,July,2024-07,2024-07-01,2024-07-31,Q3,2024,1,Q1,2025,FY2025-M01,FY2025-Q1,False,True,196
20240716,2024-07-16,16,Tuesday,2,29,2024-07-15,2024-07-21,7,July,2024-07,2024-07-01,2024-07-31,Q3,2024,1,Q1,2025,FY2025-M01,FY2025-Q1,False,True,197
20240717,2024-07-17,17,Wednesday,3,29,2024-07-15,2024-07-21,7,July,2024-07,2024-07-01,2024-07-31,Q3,2024,1,Q1,2025,FY2025-M01,FY2025-Q1,False,True,198
20240718,2024-07-18,18,Thursday,4,29,2024-07-15,2024-07-21,7,July,2024-07,2024-07-01,2024-07-31,Q3,2024,1,Q1,2025,FY2025-M01,FY2025-Q1,False,True,199
20240719,2024-07-19,19,Friday,5,29,2024-07-15,2024-07-21,7,July,2024-07,2024-07-01,2024-07-31,Q3,2024,1,Q1,2025,FY2025-M01,FY2025-Q1,False,True,200
20240720,2024-07-20,20,Saturday,6,29,2024-07-15,2024-07-21,7,July,2024-07,2024-07-01,2024-07-31,Q3,2024,1,Q1,2025,FY2025-M01,FY2025-Q1,True,False,201
20240721,2024-07-21,21,Sunday,7,29,2024-07-15,2024-07-21,7,July,2024-07,2024-07-01,2024-07-31,Q3,2024,1,Q1,2025,FY2025-M01,FY2025-Q1,True,False,202
20240722,2024-07-22,22,Monday,1,30,2024-07-22,2024-07-28,7,July,2024-07,2024-07-01,2024-07-31,Q3,2024,1,Q1,2025,FY2025-M01,FY2025-Q1,False,True,203
20240723,2024-07-23,23,Tuesday,2,30,2024-07-22,2024-07-28,7,July,2024-07,2024-07-01,2024-07-31,Q3,2024,1,Q1,2025,FY2025-M01,FY2025-Q1,False,True,204
20240724,2024-07-24,24,Wednesday,3,30,2024-07-22,2024-07-28,7,July,2024-07,2024-07-01,2024-07-31,Q3,2024,1,Q1,2025,FY2025-M01,FY2025-Q1,False,True,205
20240725,2024-07-25,25,Thursday,4,30,2024-07-22,2024-07-28,7,July,2024-07,2024-07-01,2024-07-31,Q3,2024,1,Q1,2025,FY2025-M01,FY2025-Q1,False,True,206
20240726,2024-07-26,26,Friday,5,30,2024-07-22,2024-07-28,7,July,2024-07,2024-07-01,2024-07-31,Q3,2024,1,Q1,2025,FY2025-M01,FY2025-Q1,False,True,207
20240727,2024-07-27,27,Saturday,6,30,2024-07-22,2024-07-28,7,July,2024-07,2024-07-01,2024-07-31,Q3,2024,1,Q1,2025,FY2025-M01,FY2025-Q1,True,False,208
20240728,2024-07-28,28,Sunday,7,30,2024-07-22,2024-07-28,7,July,2024-07,2024-07-01,2024-07-31,Q3,2024,1,Q1,2025,FY2025-M01,FY2025-Q1,True,False,209
20240729,2024-07-29,29,Monday,1,31,2024-07-29,2024-08-04,7,July,2024-07,2024-07-01,2024-07-31,Q3,2024,1,Q1,2025,FY2025-M01,FY2025-Q1,False,True,210
20240730,2024-07-30,30,Tuesday,2,31,2024-07-29,2024-08-04,7,July,2024-07,2024-07-01,2024-07-31,Q3,2024,1,Q1,2025,FY2025-M01,FY2025-Q1,False,True,211
20240731,2024-07-31,31,Wednesday,3,31,2024-07-29,2024-08-04,7,July,2024-07,2024-07-01,2024-07-31,Q3,2024,1,Q1,2025,FY2025-M01,FY2025-Q1,False,True,212
20240801,2024-08-01,1,Thursday,4,31,2024-07-29,2024-08-04,8,August,2024-08,2024-08-01,2024-08-31,Q3,2024,2,Q1,2025,FY2025-M02,FY2025-Q1,False,True,213
20240802,2024-08-02,2,Friday,5,31,2024-07-29,2024-08-04,8,August,2024-08,2024-08-01,2024-08-31,Q3,2024,2,Q1,2025,FY2025-M02,FY2025-Q1,False,True,214
20240803,2024-08-03,3,Saturday,6,31,2024-07-29,2024-08-04,8,August,2024-08,2024-08-01,2024-08-31,Q3,2024,2,Q1,2025,FY2025-M02,FY2025-Q1,True,False,215
20240804,2024-08-04,4,Sunday,7,31,2024-07-29,2024-08-04,8,August,2024-08,2024-08-01,2024-08-31,Q3,2024,2,Q1,2025,FY2025-M02,FY2025-Q1,True,False,216
20240805,2024-08-05,5,Monday,1,32,2024-08-05,2024-08-11,8,August,2024-08,2024-08-01,2024-08-31,Q3,2024,2,Q1,2025,FY2025-M02,FY2025-Q1,False,True,217
20240806,2024-08-06,6,Tuesday,2,32,2024-08-05,2024-08-11,8,August,2024-08,2024-08-01,2024-08-31,Q3,2024,2,Q1,2025,FY2025-M02,FY2025-Q1,False,True,218
20240807,2024-08-07,7,Wednesday,3,32,2024-08-05,2024-08-11,8,August,2024-08,2024-08-01,2024-08-31,Q3,2024,2,Q1,2025,FY2025-M02,FY2025-Q1,False,True,219
20240808,2024-08-08,8,Thursday,4,32,2024-08-05,2024-08-11,8,August,2024-08,2024-08-01,2024-08-31,Q3,2024,2,Q1,2025,FY2025-M02,FY2025-Q1,False,True,220
20240809,2024-08-09,9,Friday,5,32,2024-08-05,2024-08-11,8,August,2024-08,2024-08-01,2024-08-31,Q3,2024,2,Q1,2025,FY2025-M02,FY2025-Q1,False,True,221
20240810,2024-08-10,10,Saturday,6,32,2024-08-05,2024-08-11,8,August,2024-08,2024-08-01,2024-08-31,Q3,2024,2,Q1,2025,FY2025-M02,FY2025-Q1,True,False,222
20240811,2024-08-11,11,Sunday,7,32,2024-08-05,2024-08-11,8,August,2024-08,2024-08-01,2024-08-31,Q3,2024,2,Q1,2025,FY2025-M02,FY2025-Q1,True,False,223
20240812,2024-08-12,12,Monday,1,33,2024-08-12,2024-08-18,8,August,2024-08,2024-08-01,2024-08-31,Q3,2024,2,Q1,2025,FY2025-M02,FY2025-Q1,False,True,224
20240813,2024-08-13,13,Tuesday,2,33,2024-08-12,2024-08-18,8,August,2024-08,2024-08-01,2024-08-31,Q3,2024,2,Q1,2025,FY2025-M02,FY2025-Q1,False,True,225
20240814,2024-08-14,14,Wednesday,3,33,2024-08-12,2024-08-18,8,August,2024-08,2024-08-01,2024-08-31,Q3,2024,2,Q1,2025,FY2025-M02,FY2025-Q1,False,True,226
20240815,2024-08-15,15,Thursday,4,33,2024-08-12,2024-08-18,8,August,2024-08,2024-08-01,2024-08-31,Q3,2024,2,Q1,2025,FY2025-M02,FY2025-Q1,False,True,227
20240816,2024-08-16,16,Friday,5,33,2024-08-12,2024-08-18,8,August,2024-08,2024-08-01,2024-08-31,Q3,2024,2,Q1,2025,FY2025-M02,FY2025-Q1,False,True,228
20240817,2024-08-17,17,Saturday,6,33,2024-08-12,2024-08-18,8,August,2024-08,2024-08-01,2024-08-31,Q3,2024,2,Q1,2025,FY2025-M02,FY2025-Q1,True,False,229
20240818,2024-08-18,18,Sunday,7,33,2024-08-12,2024-08-18,8,August,2024-08,2024-08-01,2024-08-31,Q3,2024,2,Q1,2025,FY2025-M02,FY2025-Q1,True,False,230
20240819,2024-08-19,19,Monday,1,34,2024-08-19,2024-08-25,8,August,2024-08,2024-08-01,2024-08-31,Q3,2024,2,Q1,2025,FY2025-M02,FY2025-Q1,False,True,231
20240820,2024-08-20,20,Tuesday,2,34,2024-08-19,2024-08-25,8,August,2024-08,2024-08-01,2024-08-31,Q3,2024,2,Q1,2025,FY2025-M02,FY2025-Q1,False,True,232
20240821,2024-08-21,21,Wednesday,3,34,2024-08-19,2024-08-25,8,August,2024-08,2024-08-01,2024-08-31,Q3,2024,2,Q1,2025,FY2025-M02,FY2025-Q1,False,True,233
20240822,2024-08-22,22,Thursday,4,34,2024-08-19,2024-08-25,8,August,2024-08,2024-08-01,2024-08-31,Q3,2024,2,Q1,2025,FY2025-M02,FY2025-Q1,False,True,234
20240823,2024-08-23,23,Friday,5,34,2024-08-19,2024-08-25,8,August,2024-08,2024-08-01,2024-08-31,Q3,2024,2,Q1,2025,FY2025-M02,FY2025-Q1,False,True,235
20240824,2024-08-24,24,Saturday,6,34,2024-08-19,2024-08-25,8,August,2024-08,2024-08-01,2024-08-31,Q3,2024,2,Q1,2025,FY2025-M02,FY2025-Q1,True,False,236
20240825,2024-08-25,25,Sunday,7,34,2024-08-19,2024-08-25,8,August,2024-08,2024-08-01,2024-08-31,Q3,2024,2,Q1,2025,FY2025-M02,FY2025-Q1,True,False,237
20240826,2024-08-26,26,Monday,1,35,2024-08-26,2024-09-01,8,August,2024-08,2024-08-01,2024-08-31,Q3,2024,2,Q1,2025,FY2025-M02,FY2025-Q1,False,True,238
20240827,2024-08-27,27,Tuesday,2,35,2024-08-26,2024-09-01,8,August,2024-08,2024-08-01,2024-08-31,Q3,2024,2,Q1,2025,FY2025-M02,FY2025-Q1,False,True,239
20240828,2024-08-28,28,Wednesday,3,35,2024-08-26,2024-09-01,8,August,2024-08,2024-08-01,2024-08-31,Q3,2024,2,Q1,2025,FY2025-M02,FY2025-Q1,False,True,240
20240829,2024-08-29,29,Thursday,4,35,2024-08-26,2024-09-01,8,August,2024-08,2024-08-01,2024-08-31,Q3,2024,2,Q1,2025,FY2025-M02,FY2025-Q1,False,True,241
20240830,2024-08-30,30,Friday,5,35,2024-08-26,2024-09-01,8,August,2024-08,2024-08-01,2024-08-31,Q3,2024,2,Q1,2025,FY2025-M02,FY2025-Q1,False,True,242
20240831,2024-08-31,31,Saturday,6,35,2024-08-26,2024-09-01,8,August,2024-08,2024-08-01,2024-08-31,Q3,2024,2,Q1,2025,FY2025-M02,FY2025-Q1,True,False,243
20240901,2024-09-01,1,Sunday,7,35,2024-08-26,2024-09-01,9,September,2024-09,2024-09-01,2024-09-30,Q3,2024,3,Q1,2025,FY2025-M03,FY2025-Q1,True,False,244
20240902,2024-09-02,2,Monday,1,36,2024-09-02,2024-09-08,9,September,2024-09,2024-09-01,2024-09-30,Q3,2024,3,Q1,2025,FY2025-M03,FY2025-Q1,False,True,245
20240903,2024-09-03,3,Tuesday,2,36,2024-09-02,2024-09-08,9,September,2024-09,2024-09-01,2024-09-30,Q3,2024,3,Q1,2025,FY2025-M03,FY2025-Q1,False,True,246
20240904,2024-09-04,4,Wednesday,3,36,2024-09-02,2024-09-08,9,September,2024-09,2024-09-01,2024-09-30,Q3,2024,3,Q1,2025,FY2025-M03,FY2025-Q1,False,True,247
20240905,2024-09-05,5,Thursday,4,36,2024-09-02,2024-09-08,9,September,2024-09,2024-09-01,2024-09-30,Q3,2024,3,Q1,2025,FY2025-M03,FY2025-Q1,False,True,248
20240906,2024-09-06,6,Friday,5,36,2024-09-02,2024-09-08,9,September,2024-09,2024-09-01,2024-09-30,Q3,2024,3,Q1,2025,FY2025-M03,FY2025-Q1,False,True,249
20240907,2024-09-07,7,Saturday,6,36,2024-09-02,2024-09-08,9,September,2024-09,2024-09-01,2024-09-30,Q3,2024,3,Q1,2025,FY2025-M03,FY2025-Q1,True,False,250
20240908,2024-09-08,8,Sunday,7,36,2024-09-02,2024-09-08,9,September,2024-09,2024-09-01,2024-09-30,Q3,2024,3,Q1,2025,FY2025-M03,FY2025-Q1,True,False,251
20240909,2024-09-09,9,Monday,1,37,2024-09-09,2024-09-15,9,September,2024-09,2024-09-01,2024-09-30,Q3,2024,3,Q1,2025,FY2025-M03,FY2025-Q1,False,True,252
20240910,2024-09-10,10,Tuesday,2,37,2024-09-09,2024-09-15,9,September,2024-09,2024-09-01,2024-09-30,Q3,2024,3,Q1,2025,FY2025-M03,FY2025-Q1,False,True,253
20240911,2024-09-11,11,Wednesday,3,37,2024-09-09,2024-09-15,9,September,2024-09,2024-09-01,2024-09-30,Q3,2024,3,Q1,2025,FY2025-M03,FY2025-Q1,False,True,254
20240912,2024-09-12,12,Thursday,4,37,2024-09-09,2024-09-15,9,September,2024-09,2024-09-01,2024-09-30,Q3,2024,3,Q1,2025,FY2025-M03,FY2025-Q1,False,True,255
20240913,2024-09-13,13,Friday,5,37,2024-09-09,2024-09-15,9,September,2024-09,2024-09-01,2024-09-30,Q3,2024,3,Q1,2025,FY2025-M03,FY2025-Q1,False,True,256
20240914,2024-09-14,14,Saturday,6,37,2024-09-09,2024-09-15,9,September,2024-09,2024-09-01,2024-09-30,Q3,2024,3,Q1,2025,FY2025-M03,FY2025-Q1,True,False,257
20240915,2024-09-15,15,Sunday,7,37,2024-09-09,2024-09-15,9,September,2024-09,2024-09-01,2024-09-30,Q3,2024,3,Q1,2025,FY2025-M03,FY2025-Q1,True,False,258
20240916,2024-09-16,16,Monday,1,38,2024-09-16,2024-09-22,9,September,2024-09,2024-09-01,2024-09-30,Q3,2024,3,Q1,2025,FY2025-M03,FY2025-Q1,False,True,259
20240917,2024-09-17,17,Tuesday,2,38,2024-09-16,2024-09-22,9,September,2024-09,2024-09-01,2024-09-30,Q3,2024,3,Q1,2025,FY2025-M03,FY2025-Q1,False,True,260
20240918,2024-09-18,18,Wednesday,3,38,2024-09-16,2024-09-22,9,September,2024-09,2024-09-01,2024-09-30,Q3,2024,3,Q1,2025,FY2025-M03,FY2025-Q1,False,True,261
20240919,2024-09-19,19,Thursday,4,38,2024-09-16,2024-09-22,9,September,2024-09,2024-09-01,2024-09-30,Q3,2024,3,Q1,2025,FY2025-M03,FY2025-Q1,False,True,262
20240920,2024-09-20,20,Friday,5,38,2024-09-16,2024-09-22,9,September,2024-09,2024-09-01,2024-09-30,Q3,2024,3,Q1,2025,FY2025-M03,FY2025-Q1,False,True,263
20240921,2024-09-21,21,Saturday,6,38,2024-09-16,2024-09-22,9,September,2024-09,2024-09-01,2024-09-30,Q3,2024,3,Q1,2025,FY2025-M03,FY2025-Q1,True,False,264
20240922,2024-09-22,22,Sunday,7,38,2024-09-16,2024-09-22,9,September,2024-09,2024-09-01,2024-09-30,Q3,2024,3,Q1,2025,FY2025-M03,FY2025-Q1,True,False,265
20240923,2024-09-23,23,Monday,1,39,2024-09-23,2024-09-29,9,September,2024-09,2024-09-01,2024-09-30,Q3,2024,3,Q1,2025,FY2025-M03,FY2025-Q1,False,True,266
20240924,2024-09-24,24,Tuesday,2,39,2024-09-23,2024-09-29,9,September,2024-09,2024-09-01,2024-09-30,Q3,2024,3,Q1,2025,FY2025-M03,FY2025-Q1,False,True,267
20240925,2024-09-25,25,Wednesday,3,39,2024-09-23,2024-09-29,9,September,2024-09,2024-09-01,2024-09-30,Q3,2024,3,Q1,2025,FY2025-M03,FY2025-Q1,False,True,268
20240926,2024-09-26,26,Thursday,4,39,2024-09-23,2024-09-29,9,September,2024-09,2024-09-01,2024-09-30,Q3,2024,3,Q1,2025,FY2025-M03,FY2025-Q1,False,True,269
20240927,2024-09-27,27,Friday,5,39,2024-09-23,2024-09-29,9,September,2024-09,2024-09-01,2024-09-30,Q3,2024,3,Q1,2025,FY2025-M03,FY2025-Q1,False,True,270
20240928,2024-09-28,28,Saturday,6,39,2024-09-23,2024-09-29,9,September,2024-09,2024-09-01,2024-09-30,Q3,2024,3,Q1,2025,FY2025-M03,FY2025-Q1,True,False,271
20240929,2024-09-29,29,Sunday,7,39,2024-09-23,2024-09-29,9,September,2024-09,2024-09-01,2024-09-30,Q3,2024,3,Q1,2025,FY2025-M03,FY2025-Q1,True,False,272
20240930,2024-09-30,30,Monday,1,40,2024-09-30,2024-10-06,9,September,2024-09,2024-09-01,2024-09-30,Q3,2024,3,Q1,2025,FY2025-M03,FY2025-Q1,False,True,273
20241001,2024-10-01,1,Tuesday,2,40,2024-09-30,2024-10-06,10,October,2024-10,2024-10-01,2024-10-31,Q4,2024,4,Q2,2025,FY2025-M04,FY2025-Q2,False,True,274
20241002,2024-10-02,2,Wednesday,3,40,2024-09-30,2024-10-06,10,October,2024-10,2024-10-01,2024-10-31,Q4,2024,4,Q2,2025,FY2025-M04,FY2025-Q2,False,True,275
20241003,2024-10-03,3,Thursday,4,40,2024-09-30,2024-10-06,10,October,2024-10,2024-10-01,2024-10-31,Q4,2024,4,Q2,2025,FY2025-M04,FY2025-Q2,False,True,276
20241004,2024-10-04,4,Friday,5,40,2024-09-30,2024-10-06,10,October,2024-10,2024-10-01,2024-10-31,Q4,2024,4,Q2,2025,FY2025-M04,FY2025-Q2,False,True,277
20241005,2024-10-05,5,Saturday,6,40,2024-09-30,2024-10-06,10,October,2024-10,2024-10-01,2024-10-31,Q4,2024,4,Q2,2025,FY2025-M04,FY2025-Q2,True,False,278
20241006,2024-10-06,6,Sunday,7,40,2024-09-30,2024-10-06,10,October,2024-10,2024-10-01,2024-10-31,Q4,2024,4,Q2,2025,FY2025-M04,FY2025-Q2,True,False,279
20241007,2024-10-07,7,Monday,1,41,2024-10-07,2024-10-13,10,October,2024-10,2024-10-01,2024-10-31,Q4,2024,4,Q2,2025,FY2025-M04,FY2025-Q2,False,True,280
20241008,2024-10-08,8,Tuesday,2,41,2024-10-07,2024-10-13,10,October,2024-10,2024-10-01,2024-10-31,Q4,2024,4,Q2,2025,FY2025-M04,FY2025-Q2,False,True,281
20241009,2024-10-09,9,Wednesday,3,41,2024-10-07,2024-10-13,10,October,2024-10,2024-10-01,2024-10-31,Q4,2024,4,Q2,2025,FY2025-M04,FY2025-Q2,False,True,282
20241010,2024-10-10,10,Thursday,4,41,2024-10-07,2024-10-13,10,October,2024-10,2024-10-01,2024-10-31,Q4,2024,4,Q2,2025,FY2025-M04,FY2025-Q2,False,True,283
20241011,2024-10-11,11,Friday,5,41,2024-10-07,2024-10-13,10,October,2024-10,2024-10-01,2024-10-31,Q4,2024,4,Q2,2025,FY2025-M04,FY2025-Q2,False,True,284
20241012,2024-10-12,12,Saturday,6,41,2024-10-07,2024-10-13,10,October,2024-10,2024-10-01,2024-10-31,Q4,2024,4,Q2,2025,FY2025-M04,FY2025-Q2,True,False,285
20241013,2024-10-13,13,Sunday,7,41,2024-10-07,2024-10-13,10,October,2024-10,2024-10-01,2024-10-31,Q4,2024,4,Q2,2025,FY2025-M04,FY2025-Q2,True,False,286
20241014,2024-10-14,14,Monday,1,42,2024-10-14,2024-10-20,10,October,2024-10,2024-10-01,2024-10-31,Q4,2024,4,Q2,2025,FY2025-M04,FY2025-Q2,False,True,287
20241015,2024-10-15,15,Tuesday,2,42,2024-10-14,2024-10-20,10,October,2024-10,2024-10-01,2024-10-31,Q4,2024,4,Q2,2025,FY2025-M04,FY2025-Q2,False,True,288
20241016,2024-10-16,16,Wednesday,3,42,2024-10-14,2024-10-20,10,October,2024-10,2024-10-01,2024-10-31,Q4,2024,4,Q2,2025,FY2025-M04,FY2025-Q2,False,True,289
20241017,2024-10-17,17,Thursday,4,42,2024-10-14,2024-10-20,10,October,2024-10,2024-10-01,2024-10-31,Q4,2024,4,Q2,2025,FY2025-M04,FY2025-Q2,False,True,290
20241018,2024-10-18,18,Friday,5,42,2024-10-14,2024-10-20,10,October,2024-10,2024-10-01,2024-10-31,Q4,2024,4,Q2,2025,FY2025-M04,FY2025-Q2,False,True,291
20241019,2024-10-19,19,Saturday,6,42,2024-10-14,2024-10-20,10,October,2024-10,2024-10-01,2024-10-31,Q4,2024,4,Q2,2025,FY2025-M04,FY2025-Q2,True,False,292
20241020,2024-10-20,20,Sunday,7,42,2024-10-14,2024-10-20,10,October,2024-10,2024-10-01,2024-10-31,Q4,2024,4,Q2,2025,FY2025-M04,FY2025-Q2,True,False,293
20241021,2024-10-21,21,Monday,1,43,2024-10-21,2024-10-27,10,October,2024-10,2024-10-01,2024-10-31,Q4,2024,4,Q2,2025,FY2025-M04,FY2025-Q2,False,True,294
20241022,2024-10-22,22,Tuesday,2,43,2024-10-21,2024-10-27,10,October,2024-10,2024-10-01,2024-10-31,Q4,2024,4,Q2,2025,FY2025-M04,FY2025-Q2,False,True,295
20241023,2024-10-23,23,Wednesday,3,43,2024-10-21,2024-10-27,10,October,2024-10,2024-10-01,2024-10-31,Q4,2024,4,Q2,2025,FY2025-M04,FY2025-Q2,False,True,296
20241024,2024-10-24,24,Thursday,4,43,2024-10-21,2024-10-27,10,October,2024-10,2024-10-01,2024-10-31,Q4,2024,4,Q2,2025,FY2025-M04,FY2025-Q2,False,True,297
20241025,2024-10-25,25,Friday,5,43,2024-10-21,2024-10-27,10,October,2024-10,2024-10-01,2024-10-31,Q4,2024,4,Q2,2025,FY2025-M04,FY2025-Q2,False,True,298
20241026,2024-10-26,26,Saturday,6,43,2024-10-21,2024-10-27,10,October,2024-10,2024-10-01,2024-10-31,Q4,2024,4,Q2,2025,FY2025-M04,FY2025-Q2,True,False,299
20241027,2024-10-27,27,Sunday,7,43,2024-10-21,2024-10-27,10,October,2024-10,2024-10-01,2024-10-31,Q4,2024,4,Q2,2025,FY2025-M04,FY2025-Q2,True,False,300
20241028,2024-10-28,28,Monday,1,44,2024-10-28,2024-11-03,10,October,2024-10,2024-10-01,2024-10-31,Q4,2024,4,Q2,2025,FY2025-M04,FY2025-Q2,False,True,301
20241029,2024-10-29,29,Tuesday,2,44,2024-10-28,2024-11-03,10,October,2024-10,2024-10-01,2024-10-31,Q4,2024,4,Q2,2025,FY2025-M04,FY2025-Q2,False,True,302
20241030,2024-10-30,30,Wednesday,3,44,2024-10-28,2024-11-03,10,October,2024-10,2024-10-01,2024-10-31,Q4,2024,4,Q2,2025,FY2025-M04,FY2025-Q2,False,True,303
20241031,2024-10-31,31,Thursday,4,44,2024-10-28,2024-11-03,10,October,2024-10,2024-10-01,2024-10-31,Q4,2024,4,Q2,2025,FY2025-M04,FY2025-Q2,False,True,304
20241101,2024-11-01,1,Friday,5,44,2024-10-28,2024-11-03,11,November,2024-11,2024-11-01,2024-11-30,Q4,2024,5,Q2,2025,FY2025-M05,FY2025-Q2,False,True,305
20241102,2024-11-02,2,Saturday,6,44,2024-10-28,2024-11-03,11,November,2024-11,2024-11-01,2024-11-30,Q4,2024,5,Q2,2025,FY2025-M05,FY2025-Q2,True,False,306
20241103,2024-11-03,3,Sunday,7,44,2024-10-28,2024-11-03,11,November,2024-11,2024-11-01,2024-11-30,Q4,2024,5,Q2,2025,FY2025-M05,FY2025-Q2,True,False,307
20241104,2024-11-04,4,Monday,1,45,2024-11-04,2024-11-10,11,November,2024-11,2024-11-01,2024-11-30,Q4,2024,5,Q2,2025,FY2025-M05,FY2025-Q2,False,True,308
20241105,2024-11-05,5,Tuesday,2,45,2024-11-04,2024-11-10,11,November,2024-11,2024-11-01,2024-11-30,Q4,2024,5,Q2,2025,FY2025-M05,FY2025-Q2,False,True,309
20241106,2024-11-06,6,Wednesday,3,45,2024-11-04,2024-11-10,11,November,2024-11,2024-11-01,2024-11-30,Q4,2024,5,Q2,2025,FY2025-M05,FY2025-Q2,False,True,310
20241107,2024-11-07,7,Thursday,4,45,2024-11-04,2024-11-10,11,November,2024-11,2024-11-01,2024-11-30,Q4,2024,5,Q2,2025,FY2025-M05,FY2025-Q2,False,True,311
20241108,2024-11-08,8,Friday,5,45,2024-11-04,2024-11-10,11,November,2024-11,2024-11-01,2024-11-30,Q4,2024,5,Q2,2025,FY2025-M05,FY2025-Q2,False,True,312
20241109,2024-11-09,9,Saturday,6,45,2024-11-04,2024-11-10,11,November,2024-11,2024-11-01,2024-11-30,Q4,2024,5,Q2,2025,FY2025-M05,FY2025-Q2,True,False,313
20241110,2024-11-10,10,Sunday,7,45,2024-11-04,2024-11-10,11,November,2024-11,2024-11-01,2024-11-30,Q4,2024,5,Q2,2025,FY2025-M05,FY2025-Q2,True,False,314
20241111,2024-11-11,11,Monday,1,46,2024-11-11,2024-11-17,11,November,2024-11,2024-11-01,2024-11-30,Q4,2024,5,Q2,2025,FY2025-M05,FY2025-Q2,False,True,315
20241112,2024-11-12,12,Tuesday,2,46,2024-11-11,2024-11-17,11,November,2024-11,2024-11-01,2024-11-30,Q4,2024,5,Q2,2025,FY2025-M05,FY2025-Q2,False,True,316
20241113,2024-11-13,13,Wednesday,3,46,2024-11-11,2024-11-17,11,November,2024-11,2024-11-01,2024-11-30,Q4,2024,5,Q2,2025,FY2025-M05,FY2025-Q2,False,True,317
20241114,2024-11-14,14,Thursday,4,46,2024-11-11,2024-11-17,11,November,2024-11,2024-11-01,2024-11-30,Q4,2024,5,Q2,2025,FY2025-M05,FY2025-Q2,False,True,318
20241115,2024-11-15,15,Friday,5,46,2024-11-11,2024-11-17,11,November,2024-11,2024-11-01,2024-11-30,Q4,2024,5,Q2,2025,FY2025-M05,FY2025-Q2,False,True,319
20241116,2024-11-16,16,Saturday,6,46,2024-11-11,2024-11-17,11,November,2024-11,2024-11-01,2024-11-30,Q4,2024,5,Q2,2025,FY2025-M05,FY2025-Q2,True,False,320
20241117,2024-11-17,17,Sunday,7,46,2024-11-11,2024-11-17,11,November,2024-11,2024-11-01,2024-11-30,Q4,2024,5,Q2,2025,FY2025-M05,FY2025-Q2,True,False,321
20241118,2024-11-18,18,Monday,1,47,2024-11-18,2024-11-24,11,November,2024-11,2024-11-01,2024-11-30,Q4,2024,5,Q2,2025,FY2025-M05,FY2025-Q2,False,True,322
20241119,2024-11-19,19,Tuesday,2,47,2024-11-18,2024-11-24,11,November,2024-11,2024-11-01,2024-11-30,Q4,2024,5,Q2,2025,FY2025-M05,FY2025-Q2,False,True,323
20241120,2024-11-20,20,Wednesday,3,47,2024-11-18,2024-11-24,11,November,2024-11,2024-11-01,2024-11-30,Q4,2024,5,Q2,2025,FY2025-M05,FY2025-Q2,False,True,324
20241121,2024-11-21,21,Thursday,4,47,2024-11-18,2024-11-24,11,November,2024-11,2024-11-01,2024-11-30,Q4,2024,5,Q2,2025,FY2025-M05,FY2025-Q2,False,True,325
20241122,2024-11-22,22,Friday,5,47,2024-11-18,2024-11-24,11,November,2024-11,2024-11-01,2024-11-30,Q4,2024,5,Q2,2025,FY2025-M05,FY2025-Q2,False,True,326
20241123,2024-11-23,23,Saturday,6,47,2024-11-18,2024-11-24,11,November,2024-11,2024-11-01,2024-11-30,Q4,2024,5,Q2,2025,FY2025-M05,FY2025-Q2,True,False,327
20241124,2024-11-24,24,Sunday,7,47,2024-11-18,2024-11-24,11,November,2024-11,2024-11-01,2024-11-30,Q4,2024,5,Q2,2025,FY2025-M05,FY2025-Q2,True,False,328
20241125,2024-11-25,25,Monday,1,48,2024-11-25,2024-12-01,11,November,2024-11,2024-11-01,2024-11-30,Q4,2024,5,Q2,2025,FY2025-M05,FY2025-Q2,False,True,329
20241126,2024-11-26,26,Tuesday,2,48,2024-11-25,2024-12-01,11,November,2024-11,2024-11-01,2024-11-30,Q4,2024,5,Q2,2025,FY2025-M05,FY2025-Q2,False,True,330
20241127,2024-11-27,27,Wednesday,3,48,2024-11-25,2024-12-01,11,November,2024-11,2024-11-01,2024-11-30,Q4,2024,5,Q2,2025,FY2025-M05,FY2025-Q2,False,True,331
20241128,2024-11-28,28,Thursday,4,48,2024-11-25,2024-12-01,11,November,2024-11,2024-11-01,2024-11-30,Q4,2024,5,Q2,2025,FY2025-M05,FY2025-Q2,False,True,332
20241129,2024-11-29,29,Friday,5,48,2024-11-25,2024-12-01,11,November,2024-11,2024-11-01,2024-11-30,Q4,2024,5,Q2,2025,FY2025-M05,FY2025-Q2,False,True,333
20241130,2024-11-30,30,Saturday,6,48,2024-11-25,2024-12-01,11,November,2024-11,2024-11-01,2024-11-30,Q4,2024,5,Q2,2025,FY2025-M05,FY2025-Q2,True,False,334
20241201,2024-12-01,1,Sunday,7,48,2024-11-25,2024-12-01,12,December,2024-12,2024-12-01,2024-12-31,Q4,2024,6,Q2,2025,FY2025-M06,FY2025-Q2,True,False,335
20241202,2024-12-02,2,Monday,1,49,2024-12-02,2024-12-08,12,December,2024-12,2024-12-01,2024-12-31,Q4,2024,6,Q2,2025,FY2025-M06,FY2025-Q2,False,True,336
20241203,2024-12-03,3,Tuesday,2,49,2024-12-02,2024-12-08,12,December,2024-12,2024-12-01,2024-12-31,Q4,2024,6,Q2,2025,FY2025-M06,FY2025-Q2,False,True,337
20241204,2024-12-04,4,Wednesday,3,49,2024-12-02,2024-12-08,12,December,2024-12,2024-12-01,2024-12-31,Q4,2024,6,Q2,2025,FY2025-M06,FY2025-Q2,False,True,338
20241205,2024-12-05,5,Thursday,4,49,2024-12-02,2024-12-08,12,December,2024-12,2024-12-01,2024-12-31,Q4,2024,6,Q2,2025,FY2025-M06,FY2025-Q2,False,True,339
20241206,2024-12-06,6,Friday,5,49,2024-12-02,2024-12-08,12,December,2024-12,2024-12-01,2024-12-31,Q4,2024,6,Q2,2025,FY2025-M06,FY2025-Q2,False,True,340
20241207,2024-12-07,7,Saturday,6,49,2024-12-02,2024-12-08,12,December,2024-12,2024-12-01,2024-12-31,Q4,2024,6,Q2,2025,FY2025-M06,FY2025-Q2,True,False,341
20241208,2024-12-08,8,Sunday,7,49,2024-12-02,2024-12-08,12,December,2024-12,2024-12-01,2024-12-31,Q4,2024,6,Q2,2025,FY2025-M06,FY2025-Q2,True,False,342
20241209,2024-12-09,9,Monday,1,50,2024-12-09,2024-12-15,12,December,2024-12,2024-12-01,2024-12-31,Q4,2024,6,Q2,2025,FY2025-M06,FY2025-Q2,False,True,343
20241210,2024-12-10,10,Tuesday,2,50,2024-12-09,2024-12-15,12,December,2024-12,2024-12-01,2024-12-31,Q4,2024,6,Q2,2025,FY2025-M06,FY2025-Q2,False,True,344
20241211,2024-12-11,11,Wednesday,3,50,2024-12-09,2024-12-15,12,December,2024-12,2024-12-01,2024-12-31,Q4,2024,6,Q2,2025,FY2025-M06,FY2025-Q2,False,True,345
20241212,2024-12-12,12,Thursday,4,50,2024-12-09,2024-12-15,12,December,2024-12,2024-12-01,2024-12-31,Q4,2024,6,Q2,2025,FY2025-M06,FY2025-Q2,False,True,346
20241213,2024-12-13,13,Friday,5,50,2024-12-09,2024-12-15,12,December,2024-12,2024-12-01,2024-12-31,Q4,2024,6,Q2,2025,FY2025-M06,FY2025-Q2,False,True,347
20241214,2024-12-14,14,Saturday,6,50,2024-12-09,2024-12-15,12,December,2024-12,2024-12-01,2024-12-31,Q4,2024,6,Q2,2025,FY2025-M06,FY2025-Q2,True,False,348
20241215,2024-12-15,15,Sunday,7,50,2024-12-09,2024-12-15,12,December,2024-12,2024-12-01,2024-12-31,Q4,2024,6,Q2,2025,FY2025-M06,FY2025-Q2,True,False,349
20241216,2024-12-16,16,Monday,1,51,2024-12-16,2024-12-22,12,December,2024-12,2024-12-01,2024-12-31,Q4,2024,6,Q2,2025,FY2025-M06,FY2025-Q2,False,True,350
20241217,2024-12-17,17,Tuesday,2,51,2024-12-16,2024-12-22,12,December,2024-12,2024-12-01,2024-12-31,Q4,2024,6,Q2,2025,FY2025-M06,FY2025-Q2,False,True,351
20241218,2024-12-18,18,Wednesday,3,51,2024-12-16,2024-12-22,12,December,2024-12,2024-12-01,2024-12-31,Q4,2024,6,Q2,2025,FY2025-M06,FY2025-Q2,False,True,352
20241219,2024-12-19,19,Thursday,4,51,2024-12-16,2024-12-22,12,December,2024-12,2024-12-01,2024-12-31,Q4,2024,6,Q2,2025,FY2025-M06,FY2025-Q2,False,True,353
20241220,2024-12-20,20,Friday,5,51,2024-12-16,2024-12-22,12,December,2024-12,2024-12-01,2024-12-31,Q4,2024,6,Q2,2025,FY2025-M06,FY2025-Q2,False,True,354
20241221,2024-12-21,21,Saturday,6,51,2024-12-16,2024-12-22,12,December,2024-12,2024-12-01,2024-12-31,Q4,2024,6,Q2,2025,FY2025-M06,FY2025-Q2,True,False,355
20241222,2024-12-22,22,Sunday,7,51,2024-12-16,2024-12-22,12,December,2024-12,2024-12-01,2024-12-31,Q4,2024,6,Q2,2025,FY2025-M06,FY2025-Q2,True,False,356
20241223,2024-12-23,23,Monday,1,52,2024-12-23,2024-12-29,12,December,2024-12,2024-12-01,2024-12-31,Q4,2024,6,Q2,2025,FY2025-M06,FY2025-Q2,False,True,357
20241224,2024-12-24,24,Tuesday,2,52,2024-12-23,2024-12-29,12,December,2024-12,2024-12-01,2024-12-31,Q4,2024,6,Q2,2025,FY2025-M06,FY2025-Q2,False,True,358
20241225,2024-12-25,25,Wednesday,3,52,2024-12-23,2024-12-29,12,December,2024-12,2024-12-01,2024-12-31,Q4,2024,6,Q2,2025,FY2025-M06,FY2025-Q2,False,True,359
20241226,2024-12-26,26,Thursday,4,52,2024-12-23,2024-12-29,12,December,2024-12,2024-12-01,2024-12-31,Q4,2024,6,Q2,2025,FY2025-M06,FY2025-Q2,False,True,360
20241227,2024-12-27,27,Friday,5,52,2024-12-23,2024-12-29,12,December,2024-12,2024-12-01,2024-12-31,Q4,2024,6,Q2,2025,FY2025-M06,FY2025-Q2,False,True,361
20241228,2024-12-28,28,Saturday,6,52,2024-12-23,2024-12-29,12,December,2024-12,2024-12-01,2024-12-31,Q4,2024,6,Q2,2025,FY2025-M06,FY2025-Q2,True,False,362
20241229,2024-12-29,29,Sunday,7,52,2024-12-23,2024-12-29,12,December,2024-12,2024-12-01,2024-12-31,Q4,2024,6,Q2,2025,FY2025-M06,FY2025-Q2,True,False,363
20241230,2024-12-30,30,Monday,1,1,2024-12-30,2025-01-05,12,December,2024-12,2024-12-01,2024-12-31,Q4,2024,6,Q2,2025,FY2025-M06,FY2025-Q2,False,True,364
20241231,2024-12-31,31,Tuesday,2,1,2024-12-30,2025-01-05,12,December,2024-12,2024-12-01,2024-12-31,Q4,2024,6,Q2,2025,FY2025-M06,FY2025-Q2,False,True,365
20250101,2025-01-01,1,Wednesday,3,1,2024-12-30,2025-01-05,1,January,2025-01,2025-01-01,2025-01-31,Q1,2025,7,Q3,2025,FY2025-M07,FY2025-Q3,False,True,366
20250102,2025-01-02,2,Thursday,4,1,2024-12-30,2025-01-05,1,January,2025-01,2025-01-01,2025-01-31,Q1,2025,7,Q3,2025,FY2025-M07,FY2025-Q3,False,True,367
20250103,2025-01-03,3,Friday,5,1,2024-12-30,2025-01-05,1,January,2025-01,2025-01-01,2025-01-31,Q1,2025,7,Q3,2025,FY2025-M07,FY2025-Q3,False,True,368
20250104,2025-01-04,4,Saturday,6,1,2024-12-30,2025-01-05,1,January,2025-01,2025-01-01,2025-01-31,Q1,2025,7,Q3,2025,FY2025-M07,FY2025-Q3,True,False,369
20250105,2025-01-05,5,Sunday,7,1,2024-12-30,2025-01-05,1,January,2025-01,2025-01-01,2025-01-31,Q1,2025,7,Q3,2025,FY2025-M07,FY2025-Q3,True,False,370
20250106,2025-01-06,6,Monday,1,2,2025-01-06,2025-01-12,1,January,2025-01,2025-01-01,2025-01-31,Q1,2025,7,Q3,2025,FY2025-M07,FY2025-Q3,False,True,371
20250107,2025-01-07,7,Tuesday,2,2,2025-01-06,2025-01-12,1,January,2025-01,2025-01-01,2025-01-31,Q1,2025,7,Q3,2025,FY2025-M07,FY2025-Q3,False,True,372
20250108,2025-01-08,8,Wednesday,3,2,2025-01-06,2025-01-12,1,January,2025-01,2025-01-01,2025-01-31,Q1,2025,7,Q3,2025,FY2025-M07,FY2025-Q3,False,True,373
20250109,2025-01-09,9,Thursday,4,2,2025-01-06,2025-01-12,1,January,2025-01,2025-01-01,2025-01-31,Q1,2025,7,Q3,2025,FY2025-M07,FY2025-Q3,False,True,374
20250110,2025-01-10,10,Friday,5,2,2025-01-06,2025-01-12,1,January,2025-01,2025-01-01,2025-01-31,Q1,2025,7,Q3,2025,FY2025-M07,FY2025-Q3,False,True,375
20250111,2025-01-11,11,Saturday,6,2,2025-01-06,2025-01-12,1,January,2025-01,2025-01-01,2025-01-31,Q1,2025,7,Q3,2025,FY2025-M07,FY2025-Q3,True,False,376
20250112,2025-01-12,12,Sunday,7,2,2025-01-06,2025-01-12,1,January,2025-01,2025-01-01,2025-01-31,Q1,2025,7,Q3,2025,FY2025-M07,FY2025-Q3,True,False,377
20250113,2025-01-13,13,Monday,1,3,2025-01-13,2025-01-19,1,January,2025-01,2025-01-01,2025-01-31,Q1,2025,7,Q3,2025,FY2025-M07,FY2025-Q3,False,True,378
20250114,2025-01-14,14,Tuesday,2,3,2025-01-13,2025-01-19,1,January,2025-01,2025-01-01,2025-01-31,Q1,2025,7,Q3,2025,FY2025-M07,FY2025-Q3,False,True,379
20250115,2025-01-15,15,Wednesday,3,3,2025-01-13,2025-01-19,1,January,2025-01,2025-01-01,2025-01-31,Q1,2025,7,Q3,2025,FY2025-M07,FY2025-Q3,False,True,380
20250116,2025-01-16,16,Thursday,4,3,2025-01-13,2025-01-19,1,January,2025-01,2025-01-01,2025-01-31,Q1,2025,7,Q3,2025,FY2025-M07,FY2025-Q3,False,True,381
20250117,2025-01-17,17,Friday,5,3,2025-01-13,2025-01-19,1,January,2025-01,2025-01-01,2025-01-31,Q1,2025,7,Q3,2025,FY2025-M07,FY2025-Q3,False,True,382
20250118,2025-01-18,18,Saturday,6,3,2025-01-13,2025-01-19,1,January,2025-01,2025-01-01,2025-01-31,Q1,2025,7,Q3,2025,FY2025-M07,FY2025-Q3,True,False,383
20250119,2025-01-19,19,Sunday,7,3,2025-01-13,2025-01-19,1,January,2025-01,2025-01-01,2025-01-31,Q1,2025,7,Q3,2025,FY2025-M07,FY2025-Q3,True,False,384
20250120,2025-01-20,20,Monday,1,4,2025-01-20,2025-01-26,1,January,2025-01,2025-01-01,2025-01-31,Q1,2025,7,Q3,2025,FY2025-M07,FY2025-Q3,False,True,385
20250121,2025-01-21,21,Tuesday,2,4,2025-01-20,2025-01-26,1,January,2025-01,2025-01-01,2025-01-31,Q1,2025,7,Q3,2025,FY2025-M07,FY2025-Q3,False,True,386
20250122,2025-01-22,22,Wednesday,3,4,2025-01-20,2025-01-26,1,January,2025-01,2025-01-01,2025-01-31,Q1,2025,7,Q3,2025,FY2025-M07,FY2025-Q3,False,True,387
20250123,2025-01-23,23,Thursday,4,4,2025-01-20,2025-01-26,1,January,2025-01,2025-01-01,2025-01-31,Q1,2025,7,Q3,2025,FY2025-M07,FY2025-Q3,False,True,388
20250124,2025-01-24,24,Friday,5,4,2025-01-20,2025-01-26,1,January,2025-01,2025-01-01,2025-01-31,Q1,2025,7,Q3,2025,FY2025-M07,FY2025-Q3,False,True,389
20250125,2025-01-25,25,Saturday,6,4,2025-01-20,2025-01-26,1,January,2025-01,2025-01-01,2025-01-31,Q1,2025,7,Q3,2025,FY2025-M07,FY2025-Q3,True,False,390
20250126,2025-01-26,26,Sunday,7,4,2025-01-20,2025-01-26,1,January,2025-01,2025-01-01,2025-01-31,Q1,2025,7,Q3,2025,FY2025-M07,FY2025-Q3,True,False,391
20250127,2025-01-27,27,Monday,1,5,2025-01-27,2025-02-02,1,January,2025-01,2025-01-01,2025-01-31,Q1,2025,7,Q3,2025,FY2025-M07,FY2025-Q3,False,True,392
20250128,2025-01-28,28,Tuesday,2,5,2025-01-27,2025-02-02,1,January,2025-01,2025-01-01,2025-01-31,Q1,2025,7,Q3,2025,FY2025-M07,FY2025-Q3,False,True,393
20250129,2025-01-29,29,Wednesday,3,5,2025-01-27,2025-02-02,1,January,2025-01,2025-01-01,2025-01-31,Q1,2025,7,Q3,2025,FY2025-M07,FY2025-Q3,False,True,394
20250130,2025-01-30,30,Thursday,4,5,2025-01-27,2025-02-02,1,January,2025-01,2025-01-01,2025-01-31,Q1,2025,7,Q3,2025,FY2025-M07,FY2025-Q3,False,True,395
20250131,2025-01-31,31,Friday,5,5,2025-01-27,2025-02-02,1,January,2025-01,2025-01-01,2025-01-31,Q1,2025,7,Q3,2025,FY2025-M07,FY2025-Q3,False,True,396
20250201,2025-02-01,1,Saturday,6,5,2025-01-27,2025-02-02,2,February,2025-02,2025-02-01,2025-02-28,Q1,2025,8,Q3,2025,FY2025-M08,FY2025-Q3,True,False,397
20250202,2025-02-02,2,Sunday,7,5,2025-01-27,2025-02-02,2,February,2025-02,2025-02-01,2025-02-28,Q1,2025,8,Q3,2025,FY2025-M08,FY2025-Q3,True,False,398
20250203,2025-02-03,3,Monday,1,6,2025-02-03,2025-02-09,2,February,2025-02,2025-02-01,2025-02-28,Q1,2025,8,Q3,2025,FY2025-M08,FY2025-Q3,False,True,399
20250204,2025-02-04,4,Tuesday,2,6,2025-02-03,2025-02-09,2,February,2025-02,2025-02-01,2025-02-28,Q1,2025,8,Q3,2025,FY2025-M08,FY2025-Q3,False,True,400
20250205,2025-02-05,5,Wednesday,3,6,2025-02-03,2025-02-09,2,February,2025-02,2025-02-01,2025-02-28,Q1,2025,8,Q3,2025,FY2025-M08,FY2025-Q3,False,True,401
20250206,2025-02-06,6,Thursday,4,6,2025-02-03,2025-02-09,2,February,2025-02,2025-02-01,2025-02-28,Q1,2025,8,Q3,2025,FY2025-M08,FY2025-Q3,False,True,402
20250207,2025-02-07,7,Friday,5,6,2025-02-03,2025-02-09,2,February,2025-02,2025-02-01,2025-02-28,Q1,2025,8,Q3,2025,FY2025-M08,FY2025-Q3,False,True,403
20250208,2025-02-08,8,Saturday,6,6,2025-02-03,2025-02-09,2,February,2025-02,2025-02-01,2025-02-28,Q1,2025,8,Q3,2025,FY2025-M08,FY2025-Q3,True,False,404
20250209,2025-02-09,9,Sunday,7,6,2025-02-03,2025-02-09,2,February,2025-02,2025-02-01,2025-02-28,Q1,2025,8,Q3,2025,FY2025-M08,FY2025-Q3,True,False,405
20250210,2025-02-10,10,Monday,1,7,2025-02-10,2025-02-16,2,February,2025-02,2025-02-01,2025-02-28,Q1,2025,8,Q3,2025,FY2025-M08,FY2025-Q3,False,True,406
20250211,2025-02-11,11,Tuesday,2,7,2025-02-10,2025-02-16,2,February,2025-02,2025-02-01,2025-02-28,Q1,2025,8,Q3,2025,FY2025-M08,FY2025-Q3,False,True,407
20250212,2025-02-12,12,Wednesday,3,7,2025-02-10,2025-02-16,2,February,2025-02,2025-02-01,2025-02-28,Q1,2025,8,Q3,2025,FY2025-M08,FY2025-Q3,False,True,408
20250213,2025-02-13,13,Thursday,4,7,2025-02-10,2025-02-16,2,February,2025-02,2025-02-01,2025-02-28,Q1,2025,8,Q3,2025,FY2025-M08,FY2025-Q3,False,True,409
20250214,2025-02-14,14,Friday,5,7,2025-02-10,2025-02-16,2,February,2025-02,2025-02-01,2025-02-28,Q1,2025,8,Q3,2025,FY2025-M08,FY2025-Q3,False,True,410
20250215,2025-02-15,15,Saturday,6,7,2025-02-10,2025-02-16,2,February,2025-02,2025-02-01,2025-02-28,Q1,2025,8,Q3,2025,FY2025-M08,FY2025-Q3,True,False,411
20250216,2025-02-16,16,Sunday,7,7,2025-02-10,2025-02-16,2,February,2025-02,2025-02-01,2025-02-28,Q1,2025,8,Q3,2025,FY2025-M08,FY2025-Q3,True,False,412
20250217,2025-02-17,17,Monday,1,8,2025-02-17,2025-02-23,2,February,2025-02,2025-02-01,2025-02-28,Q1,2025,8,Q3,2025,FY2025-M08,FY2025-Q3,False,True,413
20250218,2025-02-18,18,Tuesday,2,8,2025-02-17,2025-02-23,2,February,2025-02,2025-02-01,2025-02-28,Q1,2025,8,Q3,2025,FY2025-M08,FY2025-Q3,False,True,414
20250219,2025-02-19,19,Wednesday,3,8,2025-02-17,2025-02-23,2,February,2025-02,2025-02-01,2025-02-28,Q1,2025,8,Q3,2025,FY2025-M08,FY2025-Q3,False,True,415
20250220,2025-02-20,20,Thursday,4,8,2025-02-17,2025-02-23,2,February,2025-02,2025-02-01,2025-02-28,Q1,2025,8,Q3,2025,FY2025-M08,FY2025-Q3,False,True,416
20250221,2025-02-21,21,Friday,5,8,2025-02-17,2025-02-23,2,February,2025-02,2025-02-01,2025-02-28,Q1,2025,8,Q3,2025,FY2025-M08,FY2025-Q3,False,True,417
20250222,2025-02-22,22,Saturday,6,8,2025-02-17,2025-02-23,2,February,2025-02,2025-02-01,2025-02-28,Q1,2025,8,Q3,2025,FY2025-M08,FY2025-Q3,True,False,418
20250223,2025-02-23,23,Sunday,7,8,2025-02-17,2025-02-23,2,February,2025-02,2025-02-01,2025-02-28,Q1,2025,8,Q3,2025,FY2025-M08,FY2025-Q3,True,False,419
20250224,2025-02-24,24,Monday,1,9,2025-02-24,2025-03-02,2,February,2025-02,2025-02-01,2025-02-28,Q1,2025,8,Q3,2025,FY2025-M08,FY2025-Q3,False,True,420
20250225,2025-02-25,25,Tuesday,2,9,2025-02-24,2025-03-02,2,February,2025-02,2025-02-01,2025-02-28,Q1,2025,8,Q3,2025,FY2025-M08,FY2025-Q3,False,True,421
20250226,2025-02-26,26,Wednesday,3,9,2025-02-24,2025-03-02,2,February,2025-02,2025-02-01,2025-02-28,Q1,2025,8,Q3,2025,FY2025-M08,FY2025-Q3,False,True,422
20250227,2025-02-27,27,Thursday,4,9,2025-02-24,2025-03-02,2,February,2025-02,2025-02-01,2025-02-28,Q1,2025,8,Q3,2025,FY2025-M08,FY2025-Q3,False,True,423
20250228,2025-02-28,28,Friday,5,9,2025-02-24,2025-03-02,2,February,2025-02,2025-02-01,2025-02-28,Q1,2025,8,Q3,2025,FY2025-M08,FY2025-Q3,False,True,424
20250301,2025-03-01,1,Saturday,6,9,2025-02-24,2025-03-02,3,March,2025-03,2025-03-01,2025-03-31,Q1,2025,9,Q3,2025,FY2025-M09,FY2025-Q3,True,False,425
20250302,2025-03-02,2,Sunday,7,9,2025-02-24,2025-03-02,3,March,2025-03,2025-03-01,2025-03-31,Q1,2025,9,Q3,2025,FY2025-M09,FY2025-Q3,True,False,426
20250303,2025-03-03,3,Monday,1,10,2025-03-03,2025-03-09,3,March,2025-03,2025-03-01,2025-03-31,Q1,2025,9,Q3,2025,FY2025-M09,FY2025-Q3,False,True,427
20250304,2025-03-04,4,Tuesday,2,10,2025-03-03,2025-03-09,3,March,2025-03,2025-03-01,2025-03-31,Q1,2025,9,Q3,2025,FY2025-M09,FY2025-Q3,False,True,428
20250305,2025-03-05,5,Wednesday,3,10,2025-03-03,2025-03-09,3,March,2025-03,2025-03-01,2025-03-31,Q1,2025,9,Q3,2025,FY2025-M09,FY2025-Q3,False,True,429
20250306,2025-03-06,6,Thursday,4,10,2025-03-03,2025-03-09,3,March,2025-03,2025-03-01,2025-03-31,Q1,2025,9,Q3,2025,FY2025-M09,FY2025-Q3,False,True,430
20250307,2025-03-07,7,Friday,5,10,2025-03-03,2025-03-09,3,March,2025-03,2025-03-01,2025-03-31,Q1,2025,9,Q3,2025,FY2025-M09,FY2025-Q3,False,True,431
20250308,2025-03-08,8,Saturday,6,10,2025-03-03,2025-03-09,3,March,2025-03,2025-03-01,2025-03-31,Q1,2025,9,Q3,2025,FY2025-M09,FY2025-Q3,True,False,432
20250309,2025-03-09,9,Sunday,7,10,2025-03-03,2025-03-09,3,March,2025-03,2025-03-01,2025-03-31,Q1,2025,9,Q3,2025,FY2025-M09,FY2025-Q3,True,False,433
20250310,2025-03-10,10,Monday,1,11,2025-03-10,2025-03-16,3,March,2025-03,2025-03-01,2025-03-31,Q1,2025,9,Q3,2025,FY2025-M09,FY2025-Q3,False,True,434
20250311,2025-03-11,11,Tuesday,2,11,2025-03-10,2025-03-16,3,March,2025-03,2025-03-01,2025-03-31,Q1,2025,9,Q3,2025,FY2025-M09,FY2025-Q3,False,True,435
20250312,2025-03-12,12,Wednesday,3,11,2025-03-10,2025-03-16,3,March,2025-03,2025-03-01,2025-03-31,Q1,2025,9,Q3,2025,FY2025-M09,FY2025-Q3,False,True,436
20250313,2025-03-13,13,Thursday,4,11,2025-03-10,2025-03-16,3,March,2025-03,2025-03-01,2025-03-31,Q1,2025,9,Q3,2025,FY2025-M09,FY2025-Q3,False,True,437
20250314,2025-03-14,14,Friday,5,11,2025-03-10,2025-03-16,3,March,2025-03,2025-03-01,2025-03-31,Q1,2025,9,Q3,2025,FY2025-M09,FY2025-Q3,False,True,438
20250315,2025-03-15,15,Saturday,6,11,2025-03-10,2025-03-16,3,March,2025-03,2025-03-01,2025-03-31,Q1,2025,9,Q3,2025,FY2025-M09,FY2025-Q3,True,False,439
20250316,2025-03-16,16,Sunday,7,11,2025-03-10,2025-03-16,3,March,2025-03,2025-03-01,2025-03-31,Q1,2025,9,Q3,2025,FY2025-M09,FY2025-Q3,True,False,440
20250317,2025-03-17,17,Monday,1,12,2025-03-17,2025-03-23,3,March,2025-03,2025-03-01,2025-03-31,Q1,2025,9,Q3,2025,FY2025-M09,FY2025-Q3,False,True,441
20250318,2025-03-18,18,Tuesday,2,12,2025-03-17,2025-03-23,3,March,2025-03,2025-03-01,2025-03-31,Q1,2025,9,Q3,2025,FY2025-M09,FY2025-Q3,False,True,442
20250319,2025-03-19,19,Wednesday,3,12,2025-03-17,2025-03-23,3,March,2025-03,2025-03-01,2025-03-31,Q1,2025,9,Q3,2025,FY2025-M09,FY2025-Q3,False,True,443
20250320,2025-03-20,20,Thursday,4,12,2025-03-17,2025-03-23,3,March,2025-03,2025-03-01,2025-03-31,Q1,2025,9,Q3,2025,FY2025-M09,FY2025-Q3,False,True,444
20250321,2025-03-21,21,Friday,5,12,2025-03-17,2025-03-23,3,March,2025-03,2025-03-01,2025-03-31,Q1,2025,9,Q3,2025,FY2025-M09,FY2025-Q3,False,True,445
20250322,2025-03-22,22,Saturday,6,12,2025-03-17,2025-03-23,3,March,2025-03,2025-03-01,2025-03-31,Q1,2025,9,Q3,2025,FY2025-M09,FY2025-Q3,True,False,446
20250323,2025-03-23,23,Sunday,7,12,2025-03-17,2025-03-23,3,March,2025-03,2025-03-01,2025-03-31,Q1,2025,9,Q3,2025,FY2025-M09,FY2025-Q3,True,False,447
20250324,2025-03-24,24,Monday,1,13,2025-03-24,2025-03-30,3,March,2025-03,2025-03-01,2025-03-31,Q1,2025,9,Q3,2025,FY2025-M09,FY2025-Q3,False,True,448
20250325,2025-03-25,25,Tuesday,2,13,2025-03-24,2025-03-30,3,March,2025-03,2025-03-01,2025-03-31,Q1,2025,9,Q3,2025,FY2025-M09,FY2025-Q3,False,True,449
20250326,2025-03-26,26,Wednesday,3,13,2025-03-24,2025-03-30,3,March,2025-03,2025-03-01,2025-03-31,Q1,2025,9,Q3,2025,FY2025-M09,FY2025-Q3,False,True,450
20250327,2025-03-27,27,Thursday,4,13,2025-03-24,2025-03-30,3,March,2025-03,2025-03-01,2025-03-31,Q1,2025,9,Q3,2025,FY2025-M09,FY2025-Q3,False,True,451
20250328,2025-03-28,28,Friday,5,13,2025-03-24,2025-03-30,3,March,2025-03,2025-03-01,2025-03-31,Q1,2025,9,Q3,2025,FY2025-M09,FY2025-Q3,False,True,452
20250329,2025-03-29,29,Saturday,6,13,2025-03-24,2025-03-30,3,March,2025-03,2025-03-01,2025-03-31,Q1,2025,9,Q3,2025,FY2025-M09,FY2025-Q3,True,False,453
20250330,2025-03-30,30,Sunday,7,13,2025-03-24,2025-03-30,3,March,2025-03,2025-03-01,2025-03-31,Q1,2025,9,Q3,2025,FY2025-M09,FY2025-Q3,True,False,454
20250331,2025-03-31,31,Monday,1,14,2025-03-31,2025-04-06,3,March,2025-03,2025-03-01,2025-03-31,Q1,2025,9,Q3,2025,FY2025-M09,FY2025-Q3,False,True,455
20250401,2025-04-01,1,Tuesday,2,14,2025-03-31,2025-04-06,4,April,2025-04,2025-04-01,2025-04-30,Q2,2025,10,Q4,2025,FY2025-M10,FY2025-Q4,False,True,456
20250402,2025-04-02,2,Wednesday,3,14,2025-03-31,2025-04-06,4,April,2025-04,2025-04-01,2025-04-30,Q2,2025,10,Q4,2025,FY2025-M10,FY2025-Q4,False,True,457
20250403,2025-04-03,3,Thursday,4,14,2025-03-31,2025-04-06,4,April,2025-04,2025-04-01,2025-04-30,Q2,2025,10,Q4,2025,FY2025-M10,FY2025-Q4,False,True,458
20250404,2025-04-04,4,Friday,5,14,2025-03-31,2025-04-06,4,April,2025-04,2025-04-01,2025-04-30,Q2,2025,10,Q4,2025,FY2025-M10,FY2025-Q4,False,True,459
20250405,2025-04-05,5,Saturday,6,14,2025-03-31,2025-04-06,4,April,2025-04,2025-04-01,2025-04-30,Q2,2025,10,Q4,2025,FY2025-M10,FY2025-Q4,True,False,460
20250406,2025-04-06,6,Sunday,7,14,2025-03-31,2025-04-06,4,April,2025-04,2025-04-01,2025-04-30,Q2,2025,10,Q4,2025,FY2025-M10,FY2025-Q4,True,False,461
20250407,2025-04-07,7,Monday,1,15,2025-04-07,2025-04-13,4,April,2025-04,2025-04-01,2025-04-30,Q2,2025,10,Q4,2025,FY2025-M10,FY2025-Q4,False,True,462
20250408,2025-04-08,8,Tuesday,2,15,2025-04-07,2025-04-13,4,April,2025-04,2025-04-01,2025-04-30,Q2,2025,10,Q4,2025,FY2025-M10,FY2025-Q4,False,True,463
20250409,2025-04-09,9,Wednesday,3,15,2025-04-07,2025-04-13,4,April,2025-04,2025-04-01,2025-04-30,Q2,2025,10,Q4,2025,FY2025-M10,FY2025-Q4,False,True,464
20250410,2025-04-10,10,Thursday,4,15,2025-04-07,2025-04-13,4,April,2025-04,2025-04-01,2025-04-30,Q2,2025,10,Q4,2025,FY2025-M10,FY2025-Q4,False,True,465
20250411,2025-04-11,11,Friday,5,15,2025-04-07,2025-04-13,4,April,2025-04,2025-04-01,2025-04-30,Q2,2025,10,Q4,2025,FY2025-M10,FY2025-Q4,False,True,466
20250412,2025-04-12,12,Saturday,6,15,2025-04-07,2025-04-13,4,April,2025-04,2025-04-01,2025-04-30,Q2,2025,10,Q4,2025,FY2025-M10,FY2025-Q4,True,False,467
20250413,2025-04-13,13,Sunday,7,15,2025-04-07,2025-04-13,4,April,2025-04,2025-04-01,2025-04-30,Q2,2025,10,Q4,2025,FY2025-M10,FY2025-Q4,True,False,468
20250414,2025-04-14,14,Monday,1,16,2025-04-14,2025-04-20,4,April,2025-04,2025-04-01,2025-04-30,Q2,2025,10,Q4,2025,FY2025-M10,FY2025-Q4,False,True,469
20250415,2025-04-15,15,Tuesday,2,16,2025-04-14,2025-04-20,4,April,2025-04,2025-04-01,2025-04-30,Q2,2025,10,Q4,2025,FY2025-M10,FY2025-Q4,False,True,470
20250416,2025-04-16,16,Wednesday,3,16,2025-04-14,2025-04-20,4,April,2025-04,2025-04-01,2025-04-30,Q2,2025,10,Q4,2025,FY2025-M10,FY2025-Q4,False,True,471
20250417,2025-04-17,17,Thursday,4,16,2025-04-14,2025-04-20,4,April,2025-04,2025-04-01,2025-04-30,Q2,2025,10,Q4,2025,FY2025-M10,FY2025-Q4,False,True,472
20250418,2025-04-18,18,Friday,5,16,2025-04-14,2025-04-20,4,April,2025-04,2025-04-01,2025-04-30,Q2,2025,10,Q4,2025,FY2025-M10,FY2025-Q4,False,True,473
20250419,2025-04-19,19,Saturday,6,16,2025-04-14,2025-04-20,4,April,2025-04,2025-04-01,2025-04-30,Q2,2025,10,Q4,2025,FY2025-M10,FY2025-Q4,True,False,474
20250420,2025-04-20,20,Sunday,7,16,2025-04-14,2025-04-20,4,April,2025-04,2025-04-01,2025-04-30,Q2,2025,10,Q4,2025,FY2025-M10,FY2025-Q4,True,False,475
20250421,2025-04-21,21,Monday,1,17,2025-04-21,2025-04-27,4,April,2025-04,2025-04-01,2025-04-30,Q2,2025,10,Q4,2025,FY2025-M10,FY2025-Q4,False,True,476
20250422,2025-04-22,22,Tuesday,2,17,2025-04-21,2025-04-27,4,April,2025-04,2025-04-01,2025-04-30,Q2,2025,10,Q4,2025,FY2025-M10,FY2025-Q4,False,True,477
20250423,2025-04-23,23,Wednesday,3,17,2025-04-21,2025-04-27,4,April,2025-04,2025-04-01,2025-04-30,Q2,2025,10,Q4,2025,FY2025-M10,FY2025-Q4,False,True,478
20250424,2025-04-24,24,Thursday,4,17,2025-04-21,2025-04-27,4,April,2025-04,2025-04-01,2025-04-30,Q2,2025,10,Q4,2025,FY2025-M10,FY2025-Q4,False,True,479
20250425,2025-04-25,25,Friday,5,17,2025-04-21,2025-04-27,4,April,2025-04,2025-04-01,2025-04-30,Q2,2025,10,Q4,2025,FY2025-M10,FY2025-Q4,False,True,480
20250426,2025-04-26,26,Saturday,6,17,2025-04-21,2025-04-27,4,April,2025-04,2025-04-01,2025-04-30,Q2,2025,10,Q4,2025,FY2025-M10,FY2025-Q4,True,False,481
20250427,2025-04-27,27,Sunday,7,17,2025-04-21,2025-04-27,4,April,2025-04,2025-04-01,2025-04-30,Q2,2025,10,Q4,2025,FY2025-M10,FY2025-Q4,True,False,482
20250428,2025-04-28,28,Monday,1,18,2025-04-28,2025-05-04,4,April,2025-04,2025-04-01,2025-04-30,Q2,2025,10,Q4,2025,FY2025-M10,FY2025-Q4,False,True,483
20250429,2025-04-29,29,Tuesday,2,18,2025-04-28,2025-05-04,4,April,2025-04,2025-04-01,2025-04-30,Q2,2025,10,Q4,2025,FY2025-M10,FY2025-Q4,False,True,484
20250430,2025-04-30,30,Wednesday,3,18,2025-04-28,2025-05-04,4,April,2025-04,2025-04-01,2025-04-30,Q2,2025,10,Q4,2025,FY2025-M10,FY2025-Q4,False,True,485
20250501,2025-05-01,1,Thursday,4,18,2025-04-28,2025-05-04,5,May,2025-05,2025-05-01,2025-05-31,Q2,2025,11,Q4,2025,FY2025-M11,FY2025-Q4,False,True,486
20250502,2025-05-02,2,Friday,5,18,2025-04-28,2025-05-04,5,May,2025-05,2025-05-01,2025-05-31,Q2,2025,11,Q4,2025,FY2025-M11,FY2025-Q4,False,True,487
20250503,2025-05-03,3,Saturday,6,18,2025-04-28,2025-05-04,5,May,2025-05,2025-05-01,2025-05-31,Q2,2025,11,Q4,2025,FY2025-M11,FY2025-Q4,True,False,488
20250504,2025-05-04,4,Sunday,7,18,2025-04-28,2025-05-04,5,May,2025-05,2025-05-01,2025-05-31,Q2,2025,11,Q4,2025,FY2025-M11,FY2025-Q4,True,False,489
20250505,2025-05-05,5,Monday,1,19,2025-05-05,2025-05-11,5,May,2025-05,2025-05-01,2025-05-31,Q2,2025,11,Q4,2025,FY2025-M11,FY2025-Q4,False,True,490
20250506,2025-05-06,6,Tuesday,2,19,2025-05-05,2025-05-11,5,May,2025-05,2025-05-01,2025-05-31,Q2,2025,11,Q4,2025,FY2025-M11,FY2025-Q4,False,True,491
20250507,2025-05-07,7,Wednesday,3,19,2025-05-05,2025-05-11,5,May,2025-05,2025-05-01,2025-05-31,Q2,2025,11,Q4,2025,FY2025-M11,FY2025-Q4,False,True,492
20250508,2025-05-08,8,Thursday,4,19,2025-05-05,2025-05-11,5,May,2025-05,2025-05-01,2025-05-31,Q2,2025,11,Q4,2025,FY2025-M11,FY2025-Q4,False,True,493
20250509,2025-05-09,9,Friday,5,19,2025-05-05,2025-05-11,5,May,2025-05,2025-05-01,2025-05-31,Q2,2025,11,Q4,2025,FY2025-M11,FY2025-Q4,False,True,494
20250510,2025-05-10,10,Saturday,6,19,2025-05-05,2025-05-11,5,May,2025-05,2025-05-01,2025-05-31,Q2,2025,11,Q4,2025,FY2025-M11,FY2025-Q4,True,False,495
20250511,2025-05-11,11,Sunday,7,19,2025-05-05,2025-05-11,5,May,2025-05,2025-05-01,2025-05-31,Q2,2025,11,Q4,2025,FY2025-M11,FY2025-Q4,True,False,496
20250512,2025-05-12,12,Monday,1,20,2025-05-12,2025-05-18,5,May,2025-05,2025-05-01,2025-05-31,Q2,2025,11,Q4,2025,FY2025-M11,FY2025-Q4,False,True,497
20250513,2025-05-13,13,Tuesday,2,20,2025-05-12,2025-05-18,5,May,2025-05,2025-05-01,2025-05-31,Q2,2025,11,Q4,2025,FY2025-M11,FY2025-Q4,False,True,498
20250514,2025-05-14,14,Wednesday,3,20,2025-05-12,2025-05-18,5,May,2025-05,2025-05-01,2025-05-31,Q2,2025,11,Q4,2025,FY2025-M11,FY2025-Q4,False,True,499
20250515,2025-05-15,15,Thursday,4,20,2025-05-12,2025-05-18,5,May,2025-05,2025-05-01,2025-05-31,Q2,2025,11,Q4,2025,FY2025-M11,FY2025-Q4,False,True,500
20250516,2025-05-16,16,Friday,5,20,2025-05-12,2025-05-18,5,May,2025-05,2025-05-01,2025-05-31,Q2,2025,11,Q4,2025,FY2025-M11,FY2025-Q4,False,True,501
20250517,2025-05-17,17,Saturday,6,20,2025-05-12,2025-05-18,5,May,2025-05,2025-05-01,2025-05-31,Q2,2025,11,Q4,2025,FY2025-M11,FY2025-Q4,True,False,502
20250518,2025-05-18,18,Sunday,7,20,2025-05-12,2025-05-18,5,May,2025-05,2025-05-01,2025-05-31,Q2,2025,11,Q4,2025,FY2025-M11,FY2025-Q4,True,False,503
20250519,2025-05-19,19,Monday,1,21,2025-05-19,2025-05-25,5,May,2025-05,2025-05-01,2025-05-31,Q2,2025,11,Q4,2025,FY2025-M11,FY2025-Q4,False,True,504
20250520,2025-05-20,20,Tuesday,2,21,2025-05-19,2025-05-25,5,May,2025-05,2025-05-01,2025-05-31,Q2,2025,11,Q4,2025,FY2025-M11,FY2025-Q4,False,True,505
20250521,2025-05-21,21,Wednesday,3,21,2025-05-19,2025-05-25,5,May,2025-05,2025-05-01,2025-05-31,Q2,2025,11,Q4,2025,FY2025-M11,FY2025-Q4,False,True,506
20250522,2025-05-22,22,Thursday,4,21,2025-05-19,2025-05-25,5,May,2025-05,2025-05-01,2025-05-31,Q2,2025,11,Q4,2025,FY2025-M11,FY2025-Q4,False,True,507
20250523,2025-05-23,23,Friday,5,21,2025-05-19,2025-05-25,5,May,2025-05,2025-05-01,2025-05-31,Q2,2025,11,Q4,2025,FY2025-M11,FY2025-Q4,False,True,508
20250524,2025-05-24,24,Saturday,6,21,2025-05-19,2025-05-25,5,May,2025-05,2025-05-01,2025-05-31,Q2,2025,11,Q4,2025,FY2025-M11,FY2025-Q4,True,False,509
20250525,2025-05-25,25,Sunday,7,21,2025-05-19,2025-05-25,5,May,2025-05,2025-05-01,2025-05-31,Q2,2025,11,Q4,2025,FY2025-M11,FY2025-Q4,True,False,510
20250526,2025-05-26,26,Monday,1,22,2025-05-26,2025-06-01,5,May,2025-05,2025-05-01,2025-05-31,Q2,2025,11,Q4,2025,FY2025-M11,FY2025-Q4,False,True,511
20250527,2025-05-27,27,Tuesday,2,22,2025-05-26,2025-06-01,5,May,2025-05,2025-05-01,2025-05-31,Q2,2025,11,Q4,2025,FY2025-M11,FY2025-Q4,False,True,512
20250528,2025-05-28,28,Wednesday,3,22,2025-05-26,2025-06-01,5,May,2025-05,2025-05-01,2025-05-31,Q2,2025,11,Q4,2025,FY2025-M11,FY2025-Q4,False,True,513
20250529,2025-05-29,29,Thursday,4,22,2025-05-26,2025-06-01,5,May,2025-05,2025-05-01,2025-05-31,Q2,2025,11,Q4,2025,FY2025-M11,FY2025-Q4,False,True,514
20250530,2025-05-30,30,Friday,5,22,2025-05-26,2025-06-01,5,May,2025-05,2025-05-01,2025-05-31,Q2,2025,11,Q4,2025,FY2025-M11,FY2025-Q4,False,True,515
20250531,2025-05-31,31,Saturday,6,22,2025-05-26,2025-06-01,5,May,2025-05,2025-05-01,2025-05-31,Q2,2025,11,Q4,2025,FY2025-M11,FY2025-Q4,True,False,516
20250601,2025-06-01,1,Sunday,7,22,2025-05-26,2025-06-01,6,June,2025-06,2025-06-01,2025-06-30,Q2,2025,12,Q4,2025,FY2025-M12,FY2025-Q4,True,False,517
20250602,2025-06-02,2,Monday,1,23,2025-06-02,2025-06-08,6,June,2025-06,2025-06-01,2025-06-30,Q2,2025,12,Q4,2025,FY2025-M12,FY2025-Q4,False,True,518
20250603,2025-06-03,3,Tuesday,2,23,2025-06-02,2025-06-08,6,June,2025-06,2025-06-01,2025-06-30,Q2,2025,12,Q4,2025,FY2025-M12,FY2025-Q4,False,True,519
20250604,2025-06-04,4,Wednesday,3,23,2025-06-02,2025-06-08,6,June,2025-06,2025-06-01,2025-06-30,Q2,2025,12,Q4,2025,FY2025-M12,FY2025-Q4,False,True,520
20250605,2025-06-05,5,Thursday,4,23,2025-06-02,2025-06-08,6,June,2025-06,2025-06-01,2025-06-30,Q2,2025,12,Q4,2025,FY2025-M12,FY2025-Q4,False,True,521
20250606,2025-06-06,6,Friday,5,23,2025-06-02,2025-06-08,6,June,2025-06,2025-06-01,2025-06-30,Q2,2025,12,Q4,2025,FY2025-M12,FY2025-Q4,False,True,522
20250607,2025-06-07,7,Saturday,6,23,2025-06-02,2025-06-08,6,June,2025-06,2025-06-01,2025-06-30,Q2,2025,12,Q4,2025,FY2025-M12,FY2025-Q4,True,False,523
20250608,2025-06-08,8,Sunday,7,23,2025-06-02,2025-06-08,6,June,2025-06,2025-06-01,2025-06-30,Q2,2025,12,Q4,2025,FY2025-M12,FY2025-Q4,True,False,524
20250609,2025-06-09,9,Monday,1,24,2025-06-09,2025-06-15,6,June,2025-06,2025-06-01,2025-06-30,Q2,2025,12,Q4,2025,FY2025-M12,FY2025-Q4,False,True,525
20250610,2025-06-10,10,Tuesday,2,24,2025-06-09,2025-06-15,6,June,2025-06,2025-06-01,2025-06-30,Q2,2025,12,Q4,2025,FY2025-M12,FY2025-Q4,False,True,526
20250611,2025-06-11,11,Wednesday,3,24,2025-06-09,2025-06-15,6,June,2025-06,2025-06-01,2025-06-30,Q2,2025,12,Q4,2025,FY2025-M12,FY2025-Q4,False,True,527
20250612,2025-06-12,12,Thursday,4,24,2025-06-09,2025-06-15,6,June,2025-06,2025-06-01,2025-06-30,Q2,2025,12,Q4,2025,FY2025-M12,FY2025-Q4,False,True,528
20250613,2025-06-13,13,Friday,5,24,2025-06-09,2025-06-15,6,June,2025-06,2025-06-01,2025-06-30,Q2,2025,12,Q4,2025,FY2025-M12,FY2025-Q4,False,True,529
20250614,2025-06-14,14,Saturday,6,24,2025-06-09,2025-06-15,6,June,2025-06,2025-06-01,2025-06-30,Q2,2025,12,Q4,2025,FY2025-M12,FY2025-Q4,True,False,530
20250615,2025-06-15,15,Sunday,7,24,2025-06-09,2025-06-15,6,June,2025-06,2025-06-01,2025-06-30,Q2,2025,12,Q4,2025,FY2025-M12,FY2025-Q4,True,False,531
20250616,2025-06-16,16,Monday,1,25,2025-06-16,2025-06-22,6,June,2025-06,2025-06-01,2025-06-30,Q2,2025,12,Q4,2025,FY2025-M12,FY2025-Q4,False,True,532
20250617,2025-06-17,17,Tuesday,2,25,2025-06-16,2025-06-22,6,June,2025-06,2025-06-01,2025-06-30,Q2,2025,12,Q4,2025,FY2025-M12,FY2025-Q4,False,True,533
20250618,2025-06-18,18,Wednesday,3,25,2025-06-16,2025-06-22,6,June,2025-06,2025-06-01,2025-06-30,Q2,2025,12,Q4,2025,FY2025-M12,FY2025-Q4,False,True,534
20250619,2025-06-19,19,Thursday,4,25,2025-06-16,2025-06-22,6,June,2025-06,2025-06-01,2025-06-30,Q2,2025,12,Q4,2025,FY2025-M12,FY2025-Q4,False,True,535
20250620,2025-06-20,20,Friday,5,25,2025-06-16,2025-06-22,6,June,2025-06,2025-06-01,2025-06-30,Q2,2025,12,Q4,2025,FY2025-M12,FY2025-Q4,False,True,536
20250621,2025-06-21,21,Saturday,6,25,2025-06-16,2025-06-22,6,June,2025-06,2025-06-01,2025-06-30,Q2,2025,12,Q4,2025,FY2025-M12,FY2025-Q4,True,False,537
20250622,2025-06-22,22,Sunday,7,25,2025-06-16,2025-06-22,6,June,2025-06,2025-06-01,2025-06-30,Q2,2025,12,Q4,2025,FY2025-M12,FY2025-Q4,True,False,538
20250623,2025-06-23,23,Monday,1,26,2025-06-23,2025-06-29,6,June,2025-06,2025-06-01,2025-06-30,Q2,2025,12,Q4,2025,FY2025-M12,FY2025-Q4,False,True,539
20250624,2025-06-24,24,Tuesday,2,26,2025-06-23,2025-06-29,6,June,2025-06,2025-06-01,2025-06-30,Q2,2025,12,Q4,2025,FY2025-M12,FY2025-Q4,False,True,540
20250625,2025-06-25,25,Wednesday,3,26,2025-06-23,2025-06-29,6,June,2025-06,2025-06-01,2025-06-30,Q2,2025,12,Q4,2025,FY2025-M12,FY2025-Q4,False,True,541
20250626,2025-06-26,26,Thursday,4,26,2025-06-23,2025-06-29,6,June,2025-06,2025-06-01,2025-06-30,Q2,2025,12,Q4,2025,FY2025-M12,FY2025-Q4,False,True,542
20250627,2025-06-27,27,Friday,5,26,2025-06-23,2025-06-29,6,June,2025-06,2025-06-01,2025-06-30,Q2,2025,12,Q4,2025,FY2025-M12,FY2025-Q4,False,True,543
20250628,2025-06-28,28,Saturday,6,26,2025-06-23,2025-06-29,6,June,2025-06,2025-06-01,2025-06-30,Q2,2025,12,Q4,2025,FY2025-M12,FY2025-Q4,True,False,544
20250629,2025-06-29,29,Sunday,7,26,2025-06-23,2025-06-29,6,June,2025-06,2025-06-01,2025-06-30,Q2,2025,12,Q4,2025,FY2025-M12,FY2025-Q4,True,False,545
20250630,2025-06-30,30,Monday,1,27,2025-06-30,2025-07-06,6,June,2025-06,2025-06-01,2025-06-30,Q2,2025,12,Q4,2025,FY2025-M12,FY2025-Q4,False,True,546
20250701,2025-07-01,1,Tuesday,2,27,2025-06-30,2025-07-06,7,July,2025-07,2025-07-01,2025-07-31,Q3,2025,1,Q1,2026,FY2026-M01,FY2026-Q1,False,True,547
20250702,2025-07-02,2,Wednesday,3,27,2025-06-30,2025-07-06,7,July,2025-07,2025-07-01,2025-07-31,Q3,2025,1,Q1,2026,FY2026-M01,FY2026-Q1,False,True,548
20250703,2025-07-03,3,Thursday,4,27,2025-06-30,2025-07-06,7,July,2025-07,2025-07-01,2025-07-31,Q3,2025,1,Q1,2026,FY2026-M01,FY2026-Q1,False,True,549
20250704,2025-07-04,4,Friday,5,27,2025-06-30,2025-07-06,7,July,2025-07,2025-07-01,2025-07-31,Q3,2025,1,Q1,2026,FY2026-M01,FY2026-Q1,False,True,550
20250705,2025-07-05,5,Saturday,6,27,2025-06-30,2025-07-06,7,July,2025-07,2025-07-01,2025-07-31,Q3,2025,1,Q1,2026,FY2026-M01,FY2026-Q1,True,False,551
20250706,2025-07-06,6,Sunday,7,27,2025-06-30,2025-07-06,7,July,2025-07,2025-07-01,2025-07-31,Q3,2025,1,Q1,2026,FY2026-M01,FY2026-Q1,True,False,552
20250707,2025-07-07,7,Monday,1,28,2025-07-07,2025-07-13,7,July,2025-07,2025-07-01,2025-07-31,Q3,2025,1,Q1,2026,FY2026-M01,FY2026-Q1,False,True,553
20250708,2025-07-08,8,Tuesday,2,28,2025-07-07,2025-07-13,7,July,2025-07,2025-07-01,2025-07-31,Q3,2025,1,Q1,2026,FY2026-M01,FY2026-Q1,False,True,554
20250709,2025-07-09,9,Wednesday,3,28,2025-07-07,2025-07-13,7,July,2025-07,2025-07-01,2025-07-31,Q3,2025,1,Q1,2026,FY2026-M01,FY2026-Q1,False,True,555
20250710,2025-07-10,10,Thursday,4,28,2025-07-07,2025-07-13,7,July,2025-07,2025-07-01,2025-07-31,Q3,2025,1,Q1,2026,FY2026-M01,FY2026-Q1,False,True,556
20250711,2025-07-11,11,Friday,5,28,2025-07-07,2025-07-13,7,July,2025-07,2025-07-01,2025-07-31,Q3,2025,1,Q1,2026,FY2026-M01,FY2026-Q1,False,True,557
20250712,2025-07-12,12,Saturday,6,28,2025-07-07,2025-07-13,7,July,2025-07,2025-07-01,2025-07-31,Q3,2025,1,Q1,2026,FY2026-M01,FY2026-Q1,True,False,558
20250713,2025-07-13,13,Sunday,7,28,2025-07-07,2025-07-13,7,July,2025-07,2025-07-01,2025-07-31,Q3,2025,1,Q1,2026,FY2026-M01,FY2026-Q1,True,False,559
20250714,2025-07-14,14,Monday,1,29,2025-07-14,2025-07-20,7,July,2025-07,2025-07-01,2025-07-31,Q3,2025,1,Q1,2026,FY2026-M01,FY2026-Q1,False,True,560
20250715,2025-07-15,15,Tuesday,2,29,2025-07-14,2025-07-20,7,July,2025-07,2025-07-01,2025-07-31,Q3,2025,1,Q1,2026,FY2026-M01,FY2026-Q1,False,True,561
20250716,2025-07-16,16,Wednesday,3,29,2025-07-14,2025-07-20,7,July,2025-07,2025-07-01,2025-07-31,Q3,2025,1,Q1,2026,FY2026-M01,FY2026-Q1,False,True,562
20250717,2025-07-17,17,Thursday,4,29,2025-07-14,2025-07-20,7,July,2025-07,2025-07-01,2025-07-31,Q3,2025,1,Q1,2026,FY2026-M01,FY2026-Q1,False,True,563
20250718,2025-07-18,18,Friday,5,29,2025-07-14,2025-07-20,7,July,2025-07,2025-07-01,2025-07-31,Q3,2025,1,Q1,2026,FY2026-M01,FY2026-Q1,False,True,564
20250719,2025-07-19,19,Saturday,6,29,2025-07-14,2025-07-20,7,July,2025-07,2025-07-01,2025-07-31,Q3,2025,1,Q1,2026,FY2026-M01,FY2026-Q1,True,False,565
20250720,2025-07-20,20,Sunday,7,29,2025-07-14,2025-07-20,7,July,2025-07,2025-07-01,2025-07-31,Q3,2025,1,Q1,2026,FY2026-M01,FY2026-Q1,True,False,566
20250721,2025-07-21,21,Monday,1,30,2025-07-21,2025-07-27,7,July,2025-07,2025-07-01,2025-07-31,Q3,2025,1,Q1,2026,FY2026-M01,FY2026-Q1,False,True,567
20250722,2025-07-22,22,Tuesday,2,30,2025-07-21,2025-07-27,7,July,2025-07,2025-07-01,2025-07-31,Q3,2025,1,Q1,2026,FY2026-M01,FY2026-Q1,False,True,568
20250723,2025-07-23,23,Wednesday,3,30,2025-07-21,2025-07-27,7,July,2025-07,2025-07-01,2025-07-31,Q3,2025,1,Q1,2026,FY2026-M01,FY2026-Q1,False,True,569
20250724,2025-07-24,24,Thursday,4,30,2025-07-21,2025-07-27,7,July,2025-07,2025-07-01,2025-07-31,Q3,2025,1,Q1,2026,FY2026-M01,FY2026-Q1,False,True,570
20250725,2025-07-25,25,Friday,5,30,2025-07-21,2025-07-27,7,July,2025-07,2025-07-01,2025-07-31,Q3,2025,1,Q1,2026,FY2026-M01,FY2026-Q1,False,True,571
20250726,2025-07-26,26,Saturday,6,30,2025-07-21,2025-07-27,7,July,2025-07,2025-07-01,2025-07-31,Q3,2025,1,Q1,2026,FY2026-M01,FY2026-Q1,True,False,572
20250727,2025-07-27,27,Sunday,7,30,2025-07-21,2025-07-27,7,July,2025-07,2025-07-01,2025-07-31,Q3,2025,1,Q1,2026,FY2026-M01,FY2026-Q1,True,False,573
20250728,2025-07-28,28,Monday,1,31,2025-07-28,2025-08-03,7,July,2025-07,2025-07-01,2025-07-31,Q3,2025,1,Q1,2026,FY2026-M01,FY2026-Q1,False,True,574
20250729,2025-07-29,29,Tuesday,2,31,2025-07-28,2025-08-03,7,July,2025-07,2025-07-01,2025-07-31,Q3,2025,1,Q1,2026,FY2026-M01,FY2026-Q1,False,True,575
20250730,2025-07-30,30,Wednesday,3,31,2025-07-28,2025-08-03,7,July,2025-07,2025-07-01,2025-07-31,Q3,2025,1,Q1,2026,FY2026-M01,FY2026-Q1,False,True,576
20250731,2025-07-31,31,Thursday,4,31,2025-07-28,2025-08-03,7,July,2025-07,2025-07-01,2025-07-31,Q3,2025,1,Q1,2026,FY2026-M01,FY2026-Q1,False,True,577
20250801,2025-08-01,1,Friday,5,31,2025-07-28,2025-08-03,8,August,2025-08,2025-08-01,2025-08-31,Q3,2025,2,Q1,2026,FY2026-M02,FY2026-Q1,False,True,578
20250802,2025-08-02,2,Saturday,6,31,2025-07-28,2025-08-03,8,August,2025-08,2025-08-01,2025-08-31,Q3,2025,2,Q1,2026,FY2026-M02,FY2026-Q1,True,False,579
20250803,2025-08-03,3,Sunday,7,31,2025-07-28,2025-08-03,8,August,2025-08,2025-08-01,2025-08-31,Q3,2025,2,Q1,2026,FY2026-M02,FY2026-Q1,True,False,580
20250804,2025-08-04,4,Monday,1,32,2025-08-04,2025-08-10,8,August,2025-08,2025-08-01,2025-08-31,Q3,2025,2,Q1,2026,FY2026-M02,FY2026-Q1,False,True,581
20250805,2025-08-05,5,Tuesday,2,32,2025-08-04,2025-08-10,8,August,2025-08,2025-08-01,2025-08-31,Q3,2025,2,Q1,2026,FY2026-M02,FY2026-Q1,False,True,582
20250806,2025-08-06,6,Wednesday,3,32,2025-08-04,2025-08-10,8,August,2025-08,2025-08-01,2025-08-31,Q3,2025,2,Q1,2026,FY2026-M02,FY2026-Q1,False,True,583
20250807,2025-08-07,7,Thursday,4,32,2025-08-04,2025-08-10,8,August,2025-08,2025-08-01,2025-08-31,Q3,2025,2,Q1,2026,FY2026-M02,FY2026-Q1,False,True,584
20250808,2025-08-08,8,Friday,5,32,2025-08-04,2025-08-10,8,August,2025-08,2025-08-01,2025-08-31,Q3,2025,2,Q1,2026,FY2026-M02,FY2026-Q1,False,True,585
20250809,2025-08-09,9,Saturday,6,32,2025-08-04,2025-08-10,8,August,2025-08,2025-08-01,2025-08-31,Q3,2025,2,Q1,2026,FY2026-M02,FY2026-Q1,True,False,586
20250810,2025-08-10,10,Sunday,7,32,2025-08-04,2025-08-10,8,August,2025-08,2025-08-01,2025-08-31,Q3,2025,2,Q1,2026,FY2026-M02,FY2026-Q1,True,False,587
20250811,2025-08-11,11,Monday,1,33,2025-08-11,2025-08-17,8,August,2025-08,2025-08-01,2025-08-31,Q3,2025,2,Q1,2026,FY2026-M02,FY2026-Q1,False,True,588
20250812,2025-08-12,12,Tuesday,2,33,2025-08-11,2025-08-17,8,August,2025-08,2025-08-01,2025-08-31,Q3,2025,2,Q1,2026,FY2026-M02,FY2026-Q1,False,True,589
20250813,2025-08-13,13,Wednesday,3,33,2025-08-11,2025-08-17,8,August,2025-08,2025-08-01,2025-08-31,Q3,2025,2,Q1,2026,FY2026-M02,FY2026-Q1,False,True,590
20250814,2025-08-14,14,Thursday,4,33,2025-08-11,2025-08-17,8,August,2025-08,2025-08-01,2025-08-31,Q3,2025,2,Q1,2026,FY2026-M02,FY2026-Q1,False,True,591
20250815,2025-08-15,15,Friday,5,33,2025-08-11,2025-08-17,8,August,2025-08,2025-08-01,2025-08-31,Q3,2025,2,Q1,2026,FY2026-M02,FY2026-Q1,False,True,592
20250816,2025-08-16,16,Saturday,6,33,2025-08-11,2025-08-17,8,August,2025-08,2025-08-01,2025-08-31,Q3,2025,2,Q1,2026,FY2026-M02,FY2026-Q1,True,False,593
20250817,2025-08-17,17,Sunday,7,33,2025-08-11,2025-08-17,8,August,2025-08,2025-08-01,2025-08-31,Q3,2025,2,Q1,2026,FY2026-M02,FY2026-Q1,True,False,594
20250818,2025-08-18,18,Monday,1,34,2025-08-18,2025-08-24,8,August,2025-08,2025-08-01,2025-08-31,Q3,2025,2,Q1,2026,FY2026-M02,FY2026-Q1,False,True,595
20250819,2025-08-19,19,Tuesday,2,34,2025-08-18,2025-08-24,8,August,2025-08,2025-08-01,2025-08-31,Q3,2025,2,Q1,2026,FY2026-M02,FY2026-Q1,False,True,596
20250820,2025-08-20,20,Wednesday,3,34,2025-08-18,2025-08-24,8,August,2025-08,2025-08-01,2025-08-31,Q3,2025,2,Q1,2026,FY2026-M02,FY2026-Q1,False,True,597
20250821,2025-08-21,21,Thursday,4,34,2025-08-18,2025-08-24,8,August,2025-08,2025-08-01,2025-08-31,Q3,2025,2,Q1,2026,FY2026-M02,FY2026-Q1,False,True,598
20250822,2025-08-22,22,Friday,5,34,2025-08-18,2025-08-24,8,August,2025-08,2025-08-01,2025-08-31,Q3,2025,2,Q1,2026,FY2026-M02,FY2026-Q1,False,True,599
20250823,2025-08-23,23,Saturday,6,34,2025-08-18,2025-08-24,8,August,2025-08,2025-08-01,2025-08-31,Q3,2025,2,Q1,2026,FY2026-M02,FY2026-Q1,True,False,600
20250824,2025-08-24,24,Sunday,7,34,2025-08-18,2025-08-24,8,August,2025-08,2025-08-01,2025-08-31,Q3,2025,2,Q1,2026,FY2026-M02,FY2026-Q1,True,False,601
20250825,2025-08-25,25,Monday,1,35,2025-08-25,2025-08-31,8,August,2025-08,2025-08-01,2025-08-31,Q3,2025,2,Q1,2026,FY2026-M02,FY2026-Q1,False,True,602
20250826,2025-08-26,26,Tuesday,2,35,2025-08-25,2025-08-31,8,August,2025-08,2025-08-01,2025-08-31,Q3,2025,2,Q1,2026,FY2026-M02,FY2026-Q1,False,True,603
20250827,2025-08-27,27,Wednesday,3,35,2025-08-25,2025-08-31,8,August,2025-08,2025-08-01,2025-08-31,Q3,2025,2,Q1,2026,FY2026-M02,FY2026-Q1,False,True,604
20250828,2025-08-28,28,Thursday,4,35,2025-08-25,2025-08-31,8,August,2025-08,2025-08-01,2025-08-31,Q3,2025,2,Q1,2026,FY2026-M02,FY2026-Q1,False,True,605
20250829,2025-08-29,29,Friday,5,35,2025-08-25,2025-08-31,8,August,2025-08,2025-08-01,2025-08-31,Q3,2025,2,Q1,2026,FY2026-M02,FY2026-Q1,False,True,606
20250830,2025-08-30,30,Saturday,6,35,2025-08-25,2025-08-31,8,August,2025-08,2025-08-01,2025-08-31,Q3,2025,2,Q1,2026,FY2026-M02,FY2026-Q1,True,False,607
20250831,2025-08-31,31,Sunday,7,35,2025-08-25,2025-08-31,8,August,2025-08,2025-08-01,2025-08-31,Q3,2025,2,Q1,2026,FY2026-M02,FY2026-Q1,True,False,608
20250901,2025-09-01,1,Monday,1,36,2025-09-01,2025-09-07,9,September,2025-09,2025-09-01,2025-09-30,Q3,2025,3,Q1,2026,FY2026-M03,FY2026-Q1,False,True,609
20250902,2025-09-02,2,Tuesday,2,36,2025-09-01,2025-09-07,9,September,2025-09,2025-09-01,2025-09-30,Q3,2025,3,Q1,2026,FY2026-M03,FY2026-Q1,False,True,610
20250903,2025-09-03,3,Wednesday,3,36,2025-09-01,2025-09-07,9,September,2025-09,2025-09-01,2025-09-30,Q3,2025,3,Q1,2026,FY2026-M03,FY2026-Q1,False,True,611
20250904,2025-09-04,4,Thursday,4,36,2025-09-01,2025-09-07,9,September,2025-09,2025-09-01,2025-09-30,Q3,2025,3,Q1,2026,FY2026-M03,FY2026-Q1,False,True,612
20250905,2025-09-05,5,Friday,5,36,2025-09-01,2025-09-07,9,September,2025-09,2025-09-01,2025-09-30,Q3,2025,3,Q1,2026,FY2026-M03,FY2026-Q1,False,True,613
20250906,2025-09-06,6,Saturday,6,36,2025-09-01,2025-09-07,9,September,2025-09,2025-09-01,2025-09-30,Q3,2025,3,Q1,2026,FY2026-M03,FY2026-Q1,True,False,614
20250907,2025-09-07,7,Sunday,7,36,2025-09-01,2025-09-07,9,September,2025-09,2025-09-01,2025-09-30,Q3,2025,3,Q1,2026,FY2026-M03,FY2026-Q1,True,False,615
20250908,2025-09-08,8,Monday,1,37,2025-09-08,2025-09-14,9,September,2025-09,2025-09-01,2025-09-30,Q3,2025,3,Q1,2026,FY2026-M03,FY2026-Q1,False,True,616
20250909,2025-09-09,9,Tuesday,2,37,2025-09-08,2025-09-14,9,September,2025-09,2025-09-01,2025-09-30,Q3,2025,3,Q1,2026,FY2026-M03,FY2026-Q1,False,True,617
20250910,2025-09-10,10,Wednesday,3,37,2025-09-08,2025-09-14,9,September,2025-09,2025-09-01,2025-09-30,Q3,2025,3,Q1,2026,FY2026-M03,FY2026-Q1,False,True,618
20250911,2025-09-11,11,Thursday,4,37,2025-09-08,2025-09-14,9,September,2025-09,2025-09-01,2025-09-30,Q3,2025,3,Q1,2026,FY2026-M03,FY2026-Q1,False,True,619
20250912,2025-09-12,12,Friday,5,37,2025-09-08,2025-09-14,9,September,2025-09,2025-09-01,2025-09-30,Q3,2025,3,Q1,2026,FY2026-M03,FY2026-Q1,False,True,620
20250913,2025-09-13,13,Saturday,6,37,2025-09-08,2025-09-14,9,September,2025-09,2025-09-01,2025-09-30,Q3,2025,3,Q1,2026,FY2026-M03,FY2026-Q1,True,False,621
20250914,2025-09-14,14,Sunday,7,37,2025-09-08,2025-09-14,9,September,2025-09,2025-09-01,2025-09-30,Q3,2025,3,Q1,2026,FY2026-M03,FY2026-Q1,True,False,622
20250915,2025-09-15,15,Monday,1,38,2025-09-15,2025-09-21,9,September,2025-09,2025-09-01,2025-09-30,Q3,2025,3,Q1,2026,FY2026-M03,FY2026-Q1,False,True,623
20250916,2025-09-16,16,Tuesday,2,38,2025-09-15,2025-09-21,9,September,2025-09,2025-09-01,2025-09-30,Q3,2025,3,Q1,2026,FY2026-M03,FY2026-Q1,False,True,624
20250917,2025-09-17,17,Wednesday,3,38,2025-09-15,2025-09-21,9,September,2025-09,2025-09-01,2025-09-30,Q3,2025,3,Q1,2026,FY2026-M03,FY2026-Q1,False,True,625
20250918,2025-09-18,18,Thursday,4,38,2025-09-15,2025-09-21,9,September,2025-09,2025-09-01,2025-09-30,Q3,2025,3,Q1,2026,FY2026-M03,FY2026-Q1,False,True,626
20250919,2025-09-19,19,Friday,5,38,2025-09-15,2025-09-21,9,September,2025-09,2025-09-01,2025-09-30,Q3,2025,3,Q1,2026,FY2026-M03,FY2026-Q1,False,True,627
20250920,2025-09-20,20,Saturday,6,38,2025-09-15,2025-09-21,9,September,2025-09,2025-09-01,2025-09-30,Q3,2025,3,Q1,2026,FY2026-M03,FY2026-Q1,True,False,628
20250921,2025-09-21,21,Sunday,7,38,2025-09-15,2025-09-21,9,September,2025-09,2025-09-01,2025-09-30,Q3,2025,3,Q1,2026,FY2026-M03,FY2026-Q1,True,False,629
20250922,2025-09-22,22,Monday,1,39,2025-09-22,2025-09-28,9,September,2025-09,2025-09-01,2025-09-30,Q3,2025,3,Q1,2026,FY2026-M03,FY2026-Q1,False,True,630
20250923,2025-09-23,23,Tuesday,2,39,2025-09-22,2025-09-28,9,September,2025-09,2025-09-01,2025-09-30,Q3,2025,3,Q1,2026,FY2026-M03,FY2026-Q1,False,True,631
20250924,2025-09-24,24,Wednesday,3,39,2025-09-22,2025-09-28,9,September,2025-09,2025-09-01,2025-09-30,Q3,2025,3,Q1,2026,FY2026-M03,FY2026-Q1,False,True,632
20250925,2025-09-25,25,Thursday,4,39,2025-09-22,2025-09-28,9,September,2025-09,2025-09-01,2025-09-30,Q3,2025,3,Q1,2026,FY2026-M03,FY2026-Q1,False,True,633
20250926,2025-09-26,26,Friday,5,39,2025-09-22,2025-09-28,9,September,2025-09,2025-09-01,2025-09-30,Q3,2025,3,Q1,2026,FY2026-M03,FY2026-Q1,False,True,634
20250927,2025-09-27,27,Saturday,6,39,2025-09-22,2025-09-28,9,September,2025-09,2025-09-01,2025-09-30,Q3,2025,3,Q1,2026,FY2026-M03,FY2026-Q1,True,False,635
20250928,2025-09-28,28,Sunday,7,39,2025-09-22,2025-09-28,9,September,2025-09,2025-09-01,2025-09-30,Q3,2025,3,Q1,2026,FY2026-M03,FY2026-Q1,True,False,636
20250929,2025-09-29,29,Monday,1,40,2025-09-29,2025-10-05,9,September,2025-09,2025-09-01,2025-09-30,Q3,2025,3,Q1,2026,FY2026-M03,FY2026-Q1,False,True,637
20250930,2025-09-30,30,Tuesday,2,40,2025-09-29,2025-10-05,9,September,2025-09,2025-09-01,2025-09-30,Q3,2025,3,Q1,2026,FY2026-M03,FY2026-Q1,False,True,638
20251001,2025-10-01,1,Wednesday,3,40,2025-09-29,2025-10-05,10,October,2025-10,2025-10-01,2025-10-31,Q4,2025,4,Q2,2026,FY2026-M04,FY2026-Q2,False,True,639
20251002,2025-10-02,2,Thursday,4,40,2025-09-29,2025-10-05,10,October,2025-10,2025-10-01,2025-10-31,Q4,2025,4,Q2,2026,FY2026-M04,FY2026-Q2,False,True,640
20251003,2025-10-03,3,Friday,5,40,2025-09-29,2025-10-05,10,October,2025-10,2025-10-01,2025-10-31,Q4,2025,4,Q2,2026,FY2026-M04,FY2026-Q2,False,True,641
20251004,2025-10-04,4,Saturday,6,40,2025-09-29,2025-10-05,10,October,2025-10,2025-10-01,2025-10-31,Q4,2025,4,Q2,2026,FY2026-M04,FY2026-Q2,True,False,642
20251005,2025-10-05,5,Sunday,7,40,2025-09-29,2025-10-05,10,October,2025-10,2025-10-01,2025-10-31,Q4,2025,4,Q2,2026,FY2026-M04,FY2026-Q2,True,False,643
20251006,2025-10-06,6,Monday,1,41,2025-10-06,2025-10-12,10,October,2025-10,2025-10-01,2025-10-31,Q4,2025,4,Q2,2026,FY2026-M04,FY2026-Q2,False,True,644
20251007,2025-10-07,7,Tuesday,2,41,2025-10-06,2025-10-12,10,October,2025-10,2025-10-01,2025-10-31,Q4,2025,4,Q2,2026,FY2026-M04,FY2026-Q2,False,True,645
20251008,2025-10-08,8,Wednesday,3,41,2025-10-06,2025-10-12,10,October,2025-10,2025-10-01,2025-10-31,Q4,2025,4,Q2,2026,FY2026-M04,FY2026-Q2,False,True,646
20251009,2025-10-09,9,Thursday,4,41,2025-10-06,2025-10-12,10,October,2025-10,2025-10-01,2025-10-31,Q4,2025,4,Q2,2026,FY2026-M04,FY2026-Q2,False,True,647
20251010,2025-10-10,10,Friday,5,41,2025-10-06,2025-10-12,10,October,2025-10,2025-10-01,2025-10-31,Q4,2025,4,Q2,2026,FY2026-M04,FY2026-Q2,False,True,648
20251011,2025-10-11,11,Saturday,6,41,2025-10-06,2025-10-12,10,October,2025-10,2025-10-01,2025-10-31,Q4,2025,4,Q2,2026,FY2026-M04,FY2026-Q2,True,False,649
20251012,2025-10-12,12,Sunday,7,41,2025-10-06,2025-10-12,10,October,2025-10,2025-10-01,2025-10-31,Q4,2025,4,Q2,2026,FY2026-M04,FY2026-Q2,True,False,650
20251013,2025-10-13,13,Monday,1,42,2025-10-13,2025-10-19,10,October,2025-10,2025-10-01,2025-10-31,Q4,2025,4,Q2,2026,FY2026-M04,FY2026-Q2,False,True,651
20251014,2025-10-14,14,Tuesday,2,42,2025-10-13,2025-10-19,10,October,2025-10,2025-10-01,2025-10-31,Q4,2025,4,Q2,2026,FY2026-M04,FY2026-Q2,False,True,652
20251015,2025-10-15,15,Wednesday,3,42,2025-10-13,2025-10-19,10,October,2025-10,2025-10-01,2025-10-31,Q4,2025,4,Q2,2026,FY2026-M04,FY2026-Q2,False,True,653
20251016,2025-10-16,16,Thursday,4,42,2025-10-13,2025-10-19,10,October,2025-10,2025-10-01,2025-10-31,Q4,2025,4,Q2,2026,FY2026-M04,FY2026-Q2,False,True,654
20251017,2025-10-17,17,Friday,5,42,2025-10-13,2025-10-19,10,October,2025-10,2025-10-01,2025-10-31,Q4,2025,4,Q2,2026,FY2026-M04,FY2026-Q2,False,True,655
20251018,2025-10-18,18,Saturday,6,42,2025-10-13,2025-10-19,10,October,2025-10,2025-10-01,2025-10-31,Q4,2025,4,Q2,2026,FY2026-M04,FY2026-Q2,True,False,656
20251019,2025-10-19,19,Sunday,7,42,2025-10-13,2025-10-19,10,October,2025-10,2025-10-01,2025-10-31,Q4,2025,4,Q2,2026,FY2026-M04,FY2026-Q2,True,False,657
20251020,2025-10-20,20,Monday,1,43,2025-10-20,2025-10-26,10,October,2025-10,2025-10-01,2025-10-31,Q4,2025,4,Q2,2026,FY2026-M04,FY2026-Q2,False,True,658
20251021,2025-10-21,21,Tuesday,2,43,2025-10-20,2025-10-26,10,October,2025-10,2025-10-01,2025-10-31,Q4,2025,4,Q2,2026,FY2026-M04,FY2026-Q2,False,True,659
20251022,2025-10-22,22,Wednesday,3,43,2025-10-20,2025-10-26,10,October,2025-10,2025-10-01,2025-10-31,Q4,2025,4,Q2,2026,FY2026-M04,FY2026-Q2,False,True,660
20251023,2025-10-23,23,Thursday,4,43,2025-10-20,2025-10-26,10,October,2025-10,2025-10-01,2025-10-31,Q4,2025,4,Q2,2026,FY2026-M04,FY2026-Q2,False,True,661
20251024,2025-10-24,24,Friday,5,43,2025-10-20,2025-10-26,10,October,2025-10,2025-10-01,2025-10-31,Q4,2025,4,Q2,2026,FY2026-M04,FY2026-Q2,False,True,662
20251025,2025-10-25,25,Saturday,6,43,2025-10-20,2025-10-26,10,October,2025-10,2025-10-01,2025-10-31,Q4,2025,4,Q2,2026,FY2026-M04,FY2026-Q2,True,False,663
20251026,2025-10-26,26,Sunday,7,43,2025-10-20,2025-10-26,10,October,2025-10,2025-10-01,2025-10-31,Q4,2025,4,Q2,2026,FY2026-M04,FY2026-Q2,True,False,664
20251027,2025-10-27,27,Monday,1,44,2025-10-27,2025-11-02,10,October,2025-10,2025-10-01,2025-10-31,Q4,2025,4,Q2,2026,FY2026-M04,FY2026-Q2,False,True,665
20251028,2025-10-28,28,Tuesday,2,44,2025-10-27,2025-11-02,10,October,2025-10,2025-10-01,2025-10-31,Q4,2025,4,Q2,2026,FY2026-M04,FY2026-Q2,False,True,666
20251029,2025-10-29,29,Wednesday,3,44,2025-10-27,2025-11-02,10,October,2025-10,2025-10-01,2025-10-31,Q4,2025,4,Q2,2026,FY2026-M04,FY2026-Q2,False,True,667
20251030,2025-10-30,30,Thursday,4,44,2025-10-27,2025-11-02,10,October,2025-10,2025-10-01,2025-10-31,Q4,2025,4,Q2,2026,FY2026-M04,FY2026-Q2,False,True,668
20251031,2025-10-31,31,Friday,5,44,2025-10-27,2025-11-02,10,October,2025-10,2025-10-01,2025-10-31,Q4,2025,4,Q2,2026,FY2026-M04,FY2026-Q2,False,True,669
20251101,2025-11-01,1,Saturday,6,44,2025-10-27,2025-11-02,11,November,2025-11,2025-11-01,2025-11-30,Q4,2025,5,Q2,2026,FY2026-M05,FY2026-Q2,True,False,670
20251102,2025-11-02,2,Sunday,7,44,2025-10-27,2025-11-02,11,November,2025-11,2025-11-01,2025-11-30,Q4,2025,5,Q2,2026,FY2026-M05,FY2026-Q2,True,False,671
20251103,2025-11-03,3,Monday,1,45,2025-11-03,2025-11-09,11,November,2025-11,2025-11-01,2025-11-30,Q4,2025,5,Q2,2026,FY2026-M05,FY2026-Q2,False,True,672
20251104,2025-11-04,4,Tuesday,2,45,2025-11-03,2025-11-09,11,November,2025-11,2025-11-01,2025-11-30,Q4,2025,5,Q2,2026,FY2026-M05,FY2026-Q2,False,True,673
20251105,2025-11-05,5,Wednesday,3,45,2025-11-03,2025-11-09,11,November,2025-11,2025-11-01,2025-11-30,Q4,2025,5,Q2,2026,FY2026-M05,FY2026-Q2,False,True,674
20251106,2025-11-06,6,Thursday,4,45,2025-11-03,2025-11-09,11,November,2025-11,2025-11-01,2025-11-30,Q4,2025,5,Q2,2026,FY2026-M05,FY2026-Q2,False,True,675
20251107,2025-11-07,7,Friday,5,45,2025-11-03,2025-11-09,11,November,2025-11,2025-11-01,2025-11-30,Q4,2025,5,Q2,2026,FY2026-M05,FY2026-Q2,False,True,676
20251108,2025-11-08,8,Saturday,6,45,2025-11-03,2025-11-09,11,November,2025-11,2025-11-01,2025-11-30,Q4,2025,5,Q2,2026,FY2026-M05,FY2026-Q2,True,False,677
20251109,2025-11-09,9,Sunday,7,45,2025-11-03,2025-11-09,11,November,2025-11,2025-11-01,2025-11-30,Q4,2025,5,Q2,2026,FY2026-M05,FY2026-Q2,True,False,678
20251110,2025-11-10,10,Monday,1,46,2025-11-10,2025-11-16,11,November,2025-11,2025-11-01,2025-11-30,Q4,2025,5,Q2,2026,FY2026-M05,FY2026-Q2,False,True,679
20251111,2025-11-11,11,Tuesday,2,46,2025-11-10,2025-11-16,11,November,2025-11,2025-11-01,2025-11-30,Q4,2025,5,Q2,2026,FY2026-M05,FY2026-Q2,False,True,680
20251112,2025-11-12,12,Wednesday,3,46,2025-11-10,2025-11-16,11,November,2025-11,2025-11-01,2025-11-30,Q4,2025,5,Q2,2026,FY2026-M05,FY2026-Q2,False,True,681
20251113,2025-11-13,13,Thursday,4,46,2025-11-10,2025-11-16,11,November,2025-11,2025-11-01,2025-11-30,Q4,2025,5,Q2,2026,FY2026-M05,FY2026-Q2,False,True,682
20251114,2025-11-14,14,Friday,5,46,2025-11-10,2025-11-16,11,November,2025-11,2025-11-01,2025-11-30,Q4,2025,5,Q2,2026,FY2026-M05,FY2026-Q2,False,True,683
20251115,2025-11-15,15,Saturday,6,46,2025-11-10,2025-11-16,11,November,2025-11,2025-11-01,2025-11-30,Q4,2025,5,Q2,2026,FY2026-M05,FY2026-Q2,True,False,684
20251116,2025-11-16,16,Sunday,7,46,2025-11-10,2025-11-16,11,November,2025-11,2025-11-01,2025-11-30,Q4,2025,5,Q2,2026,FY2026-M05,FY2026-Q2,True,False,685
20251117,2025-11-17,17,Monday,1,47,2025-11-17,2025-11-23,11,November,2025-11,2025-11-01,2025-11-30,Q4,2025,5,Q2,2026,FY2026-M05,FY2026-Q2,False,True,686
20251118,2025-11-18,18,Tuesday,2,47,2025-11-17,2025-11-23,11,November,2025-11,2025-11-01,2025-11-30,Q4,2025,5,Q2,2026,FY2026-M05,FY2026-Q2,False,True,687
20251119,2025-11-19,19,Wednesday,3,47,2025-11-17,2025-11-23,11,November,2025-11,2025-11-01,2025-11-30,Q4,2025,5,Q2,2026,FY2026-M05,FY2026-Q2,False,True,688
20251120,2025-11-20,20,Thursday,4,47,2025-11-17,2025-11-23,11,November,2025-11,2025-11-01,2025-11-30,Q4,2025,5,Q2,2026,FY2026-M05,FY2026-Q2,False,True,689
20251121,2025-11-21,21,Friday,5,47,2025-11-17,2025-11-23,11,November,2025-11,2025-11-01,2025-11-30,Q4,2025,5,Q2,2026,FY2026-M05,FY2026-Q2,False,True,690
20251122,2025-11-22,22,Saturday,6,47,2025-11-17,2025-11-23,11,November,2025-11,2025-11-01,2025-11-30,Q4,2025,5,Q2,2026,FY2026-M05,FY2026-Q2,True,False,691
20251123,2025-11-23,23,Sunday,7,47,2025-11-17,2025-11-23,11,November,2025-11,2025-11-01,2025-11-30,Q4,2025,5,Q2,2026,FY2026-M05,FY2026-Q2,True,False,692
20251124,2025-11-24,24,Monday,1,48,2025-11-24,2025-11-30,11,November,2025-11,2025-11-01,2025-11-30,Q4,2025,5,Q2,2026,FY2026-M05,FY2026-Q2,False,True,693
20251125,2025-11-25,25,Tuesday,2,48,2025-11-24,2025-11-30,11,November,2025-11,2025-11-01,2025-11-30,Q4,2025,5,Q2,2026,FY2026-M05,FY2026-Q2,False,True,694
20251126,2025-11-26,26,Wednesday,3,48,2025-11-24,2025-11-30,11,November,2025-11,2025-11-01,2025-11-30,Q4,2025,5,Q2,2026,FY2026-M05,FY2026-Q2,False,True,695
20251127,2025-11-27,27,Thursday,4,48,2025-11-24,2025-11-30,11,November,2025-11,2025-11-01,2025-11-30,Q4,2025,5,Q2,2026,FY2026-M05,FY2026-Q2,False,True,696
20251128,2025-11-28,28,Friday,5,48,2025-11-24,2025-11-30,11,November,2025-11,2025-11-01,2025-11-30,Q4,2025,5,Q2,2026,FY2026-M05,FY2026-Q2,False,True,697
20251129,2025-11-29,29,Saturday,6,48,2025-11-24,2025-11-30,11,November,2025-11,2025-11-01,2025-11-30,Q4,2025,5,Q2,2026,FY2026-M05,FY2026-Q2,True,False,698
20251130,2025-11-30,30,Sunday,7,48,2025-11-24,2025-11-30,11,November,2025-11,2025-11-01,2025-11-30,Q4,2025,5,Q2,2026,FY2026-M05,FY2026-Q2,True,False,699
20251201,2025-12-01,1,Monday,1,49,2025-12-01,2025-12-07,12,December,2025-12,2025-12-01,2025-12-31,Q4,2025,6,Q2,2026,FY2026-M06,FY2026-Q2,False,True,700
20251202,2025-12-02,2,Tuesday,2,49,2025-12-01,2025-12-07,12,December,2025-12,2025-12-01,2025-12-31,Q4,2025,6,Q2,2026,FY2026-M06,FY2026-Q2,False,True,701
20251203,2025-12-03,3,Wednesday,3,49,2025-12-01,2025-12-07,12,December,2025-12,2025-12-01,2025-12-31,Q4,2025,6,Q2,2026,FY2026-M06,FY2026-Q2,False,True,702
20251204,2025-12-04,4,Thursday,4,49,2025-12-01,2025-12-07,12,December,2025-12,2025-12-01,2025-12-31,Q4,2025,6,Q2,2026,FY2026-M06,FY2026-Q2,False,True,703
20251205,2025-12-05,5,Friday,5,49,2025-12-01,2025-12-07,12,December,2025-12,2025-12-01,2025-12-31,Q4,2025,6,Q2,2026,FY2026-M06,FY2026-Q2,False,True,704
20251206,2025-12-06,6,Saturday,6,49,2025-12-01,2025-12-07,12,December,2025-12,2025-12-01,2025-12-31,Q4,2025,6,Q2,2026,FY2026-M06,FY2026-Q2,True,False,705
20251207,2025-12-07,7,Sunday,7,49,2025-12-01,2025-12-07,12,December,2025-12,2025-12-01,2025-12-31,Q4,2025,6,Q2,2026,FY2026-M06,FY2026-Q2,True,False,706
20251208,2025-12-08,8,Monday,1,50,2025-12-08,2025-12-14,12,December,2025-12,2025-12-01,2025-12-31,Q4,2025,6,Q2,2026,FY2026-M06,FY2026-Q2,False,True,707
20251209,2025-12-09,9,Tuesday,2,50,2025-12-08,2025-12-14,12,December,2025-12,2025-12-01,2025-12-31,Q4,2025,6,Q2,2026,FY2026-M06,FY2026-Q2,False,True,708
20251210,2025-12-10,10,Wednesday,3,50,2025-12-08,2025-12-14,12,December,2025-12,2025-12-01,2025-12-31,Q4,2025,6,Q2,2026,FY2026-M06,FY2026-Q2,False,True,709
20251211,2025-12-11,11,Thursday,4,50,2025-12-08,2025-12-14,12,December,2025-12,2025-12-01,2025-12-31,Q4,2025,6,Q2,2026,FY2026-M06,FY2026-Q2,False,True,710
20251212,2025-12-12,12,Friday,5,50,2025-12-08,2025-12-14,12,December,2025-12,2025-12-01,2025-12-31,Q4,2025,6,Q2,2026,FY2026-M06,FY2026-Q2,False,True,711
20251213,2025-12-13,13,Saturday,6,50,2025-12-08,2025-12-14,12,December,2025-12,2025-12-01,2025-12-31,Q4,2025,6,Q2,2026,FY2026-M06,FY2026-Q2,True,False,712
20251214,2025-12-14,14,Sunday,7,50,2025-12-08,2025-12-14,12,December,2025-12,2025-12-01,2025-12-31,Q4,2025,6,Q2,2026,FY2026-M06,FY2026-Q2,True,False,713
20251215,2025-12-15,15,Monday,1,51,2025-12-15,2025-12-21,12,December,2025-12,2025-12-01,2025-12-31,Q4,2025,6,Q2,2026,FY2026-M06,FY2026-Q2,False,True,714
20251216,2025-12-16,16,Tuesday,2,51,2025-12-15,2025-12-21,12,December,2025-12,2025-12-01,2025-12-31,Q4,2025,6,Q2,2026,FY2026-M06,FY2026-Q2,False,True,715
20251217,2025-12-17,17,Wednesday,3,51,2025-12-15,2025-12-21,12,December,2025-12,2025-12-01,2025-12-31,Q4,2025,6,Q2,2026,FY2026-M06,FY2026-Q2,False,True,716
20251218,2025-12-18,18,Thursday,4,51,2025-12-15,2025-12-21,12,December,2025-12,2025-12-01,2025-12-31,Q4,2025,6,Q2,2026,FY2026-M06,FY2026-Q2,False,True,717
20251219,2025-12-19,19,Friday,5,51,2025-12-15,2025-12-21,12,December,2025-12,2025-12-01,2025-12-31,Q4,2025,6,Q2,2026,FY2026-M06,FY2026-Q2,False,True,718
20251220,2025-12-20,20,Saturday,6,51,2025-12-15,2025-12-21,12,December,2025-12,2025-12-01,2025-12-31,Q4,2025,6,Q2,2026,FY2026-M06,FY2026-Q2,True,False,719
20251221,2025-12-21,21,Sunday,7,51,2025-12-15,2025-12-21,12,December,2025-12,2025-12-01,2025-12-31,Q4,2025,6,Q2,2026,FY2026-M06,FY2026-Q2,True,False,720
20251222,2025-12-22,22,Monday,1,52,2025-12-22,2025-12-28,12,December,2025-12,2025-12-01,2025-12-31,Q4,2025,6,Q2,2026,FY2026-M06,FY2026-Q2,False,True,721
20251223,2025-12-23,23,Tuesday,2,52,2025-12-22,2025-12-28,12,December,2025-12,2025-12-01,2025-12-31,Q4,2025,6,Q2,2026,FY2026-M06,FY2026-Q2,False,True,722
20251224,2025-12-24,24,Wednesday,3,52,2025-12-22,2025-12-28,12,December,2025-12,2025-12-01,2025-12-31,Q4,2025,6,Q2,2026,FY2026-M06,FY2026-Q2,False,True,723
20251225,2025-12-25,25,Thursday,4,52,2025-12-22,2025-12-28,12,December,2025-12,2025-12-01,2025-12-31,Q4,2025,6,Q2,2026,FY2026-M06,FY2026-Q2,False,True,724
20251226,2025-12-26,26,Friday,5,52,2025-12-22,2025-12-28,12,December,2025-12,2025-12-01,2025-12-31,Q4,2025,6,Q2,2026,FY2026-M06,FY2026-Q2,False,True,725
20251227,2025-12-27,27,Saturday,6,52,2025-12-22,2025-12-28,12,December,2025-12,2025-12-01,2025-12-31,Q4,2025,6,Q2,2026,FY2026-M06,FY2026-Q2,True,False,726
20251228,2025-12-28,28,Sunday,7,52,2025-12-22,2025-12-28,12,December,2025-12,2025-12-01,2025-12-31,Q4,2025,6,Q2,2026,FY2026-M06,FY2026-Q2,True,False,727
20251229,2025-12-29,29,Monday,1,1,2025-12-29,2026-01-04,12,December,2025-12,2025-12-01,2025-12-31,Q4,2025,6,Q2,2026,FY2026-M06,FY2026-Q2,False,True,728
20251230,2025-12-30,30,Tuesday,2,1,2025-12-29,2026-01-04,12,December,2025-12,2025-12-01,2025-12-31,Q4,2025,6,Q2,2026,FY2026-M06,FY2026-Q2,False,True,729
20251231,2025-12-31,31,Wednesday,3,1,2025-12-29,2026-01-04,12,December,2025-12,2025-12-01,2025-12-31,Q4,2025,6,Q2,2026,FY2026-M06,FY2026-Q2,False,True,730
20260101,2026-01-01,1,Thursday,4,1,2025-12-29,2026-01-04,1,January,2026-01,2026-01-01,2026-01-31,Q1,2026,7,Q3,2026,FY2026-M07,FY2026-Q3,False,True,731
20260102,2026-01-02,2,Friday,5,1,2025-12-29,2026-01-04,1,January,2026-01,2026-01-01,2026-01-31,Q1,2026,7,Q3,2026,FY2026-M07,FY2026-Q3,False,True,732
20260103,2026-01-03,3,Saturday,6,1,2025-12-29,2026-01-04,1,January,2026-01,2026-01-01,2026-01-31,Q1,2026,7,Q3,2026,FY2026-M07,FY2026-Q3,True,False,733
20260104,2026-01-04,4,Sunday,7,1,2025-12-29,2026-01-04,1,January,2026-01,2026-01-01,2026-01-31,Q1,2026,7,Q3,2026,FY2026-M07,FY2026-Q3,True,False,734
20260105,2026-01-05,5,Monday,1,2,2026-01-05,2026-01-11,1,January,2026-01,2026-01-01,2026-01-31,Q1,2026,7,Q3,2026,FY2026-M07,FY2026-Q3,False,True,735
20260106,2026-01-06,6,Tuesday,2,2,2026-01-05,2026-01-11,1,January,2026-01,2026-01-01,2026-01-31,Q1,2026,7,Q3,2026,FY2026-M07,FY2026-Q3,False,True,736
20260107,2026-01-07,7,Wednesday,3,2,2026-01-05,2026-01-11,1,January,2026-01,2026-01-01,2026-01-31,Q1,2026,7,Q3,2026,FY2026-M07,FY2026-Q3,False,True,737
20260108,2026-01-08,8,Thursday,4,2,2026-01-05,2026-01-11,1,January,2026-01,2026-01-01,2026-01-31,Q1,2026,7,Q3,2026,FY2026-M07,FY2026-Q3,False,True,738
20260109,2026-01-09,9,Friday,5,2,2026-01-05,2026-01-11,1,January,2026-01,2026-01-01,2026-01-31,Q1,2026,7,Q3,2026,FY2026-M07,FY2026-Q3,False,True,739
20260110,2026-01-10,10,Saturday,6,2,2026-01-05,2026-01-11,1,January,2026-01,2026-01-01,2026-01-31,Q1,2026,7,Q3,2026,FY2026-M07,FY2026-Q3,True,False,740
20260111,2026-01-11,11,Sunday,7,2,2026-01-05,2026-01-11,1,January,2026-01,2026-01-01,2026-01-31,Q1,2026,7,Q3,2026,FY2026-M07,FY2026-Q3,True,False,741
20260112,2026-01-12,12,Monday,1,3,2026-01-12,2026-01-18,1,January,2026-01,2026-01-01,2026-01-31,Q1,2026,7,Q3,2026,FY2026-M07,FY2026-Q3,False,True,742
20260113,2026-01-13,13,Tuesday,2,3,2026-01-12,2026-01-18,1,January,2026-01,2026-01-01,2026-01-31,Q1,2026,7,Q3,2026,FY2026-M07,FY2026-Q3,False,True,743
20260114,2026-01-14,14,Wednesday,3,3,2026-01-12,2026-01-18,1,January,2026-01,2026-01-01,2026-01-31,Q1,2026,7,Q3,2026,FY2026-M07,FY2026-Q3,False,True,744
20260115,2026-01-15,15,Thursday,4,3,2026-01-12,2026-01-18,1,January,2026-01,2026-01-01,2026-01-31,Q1,2026,7,Q3,2026,FY2026-M07,FY2026-Q3,False,True,745
20260116,2026-01-16,16,Friday,5,3,2026-01-12,2026-01-18,1,January,2026-01,2026-01-01,2026-01-31,Q1,2026,7,Q3,2026,FY2026-M07,FY2026-Q3,False,True,746
20260117,2026-01-17,17,Saturday,6,3,2026-01-12,2026-01-18,1,January,2026-01,2026-01-01,2026-01-31,Q1,2026,7,Q3,2026,FY2026-M07,FY2026-Q3,True,False,747
20260118,2026-01-18,18,Sunday,7,3,2026-01-12,2026-01-18,1,January,2026-01,2026-01-01,2026-01-31,Q1,2026,7,Q3,2026,FY2026-M07,FY2026-Q3,True,False,748
20260119,2026-01-19,19,Monday,1,4,2026-01-19,2026-01-25,1,January,2026-01,2026-01-01,2026-01-31,Q1,2026,7,Q3,2026,FY2026-M07,FY2026-Q3,False,True,749
20260120,2026-01-20,20,Tuesday,2,4,2026-01-19,2026-01-25,1,January,2026-01,2026-01-01,2026-01-31,Q1,2026,7,Q3,2026,FY2026-M07,FY2026-Q3,False,True,750
20260121,2026-01-21,21,Wednesday,3,4,2026-01-19,2026-01-25,1,January,2026-01,2026-01-01,2026-01-31,Q1,2026,7,Q3,2026,FY2026-M07,FY2026-Q3,False,True,751
20260122,2026-01-22,22,Thursday,4,4,2026-01-19,2026-01-25,1,January,2026-01,2026-01-01,2026-01-31,Q1,2026,7,Q3,2026,FY2026-M07,FY2026-Q3,False,True,752
20260123,2026-01-23,23,Friday,5,4,2026-01-19,2026-01-25,1,January,2026-01,2026-01-01,2026-01-31,Q1,2026,7,Q3,2026,FY2026-M07,FY2026-Q3,False,True,753
20260124,2026-01-24,24,Saturday,6,4,2026-01-19,2026-01-25,1,January,2026-01,2026-01-01,2026-01-31,Q1,2026,7,Q3,2026,FY2026-M07,FY2026-Q3,True,False,754
20260125,2026-01-25,25,Sunday,7,4,2026-01-19,2026-01-25,1,January,2026-01,2026-01-01,2026-01-31,Q1,2026,7,Q3,2026,FY2026-M07,FY2026-Q3,True,False,755
20260126,2026-01-26,26,Monday,1,5,2026-01-26,2026-02-01,1,January,2026-01,2026-01-01,2026-01-31,Q1,2026,7,Q3,2026,FY2026-M07,FY2026-Q3,False,True,756
20260127,2026-01-27,27,Tuesday,2,5,2026-01-26,2026-02-01,1,January,2026-01,2026-01-01,2026-01-31,Q1,2026,7,Q3,2026,FY2026-M07,FY2026-Q3,False,True,757
20260128,2026-01-28,28,Wednesday,3,5,2026-01-26,2026-02-01,1,January,2026-01,2026-01-01,2026-01-31,Q1,2026,7,Q3,2026,FY2026-M07,FY2026-Q3,False,True,758
20260129,2026-01-29,29,Thursday,4,5,2026-01-26,2026-02-01,1,January,2026-01,2026-01-01,2026-01-31,Q1,2026,7,Q3,2026,FY2026-M07,FY2026-Q3,False,True,759
20260130,2026-01-30,30,Friday,5,5,2026-01-26,2026-02-01,1,January,2026-01,2026-01-01,2026-01-31,Q1,2026,7,Q3,2026,FY2026-M07,FY2026-Q3,False,True,760
20260131,2026-01-31,31,Saturday,6,5,2026-01-26,2026-02-01,1,January,2026-01,2026-01-01,2026-01-31,Q1,2026,7,Q3,2026,FY2026-M07,FY2026-Q3,True,False,761
20260201,2026-02-01,1,Sunday,7,5,2026-01-26,2026-02-01,2,February,2026-02,2026-02-01,2026-02-28,Q1,2026,8,Q3,2026,FY2026-M08,FY2026-Q3,True,False,762
20260202,2026-02-02,2,Monday,1,6,2026-02-02,2026-02-08,2,February,2026-02,2026-02-01,2026-02-28,Q1,2026,8,Q3,2026,FY2026-M08,FY2026-Q3,False,True,763
20260203,2026-02-03,3,Tuesday,2,6,2026-02-02,2026-02-08,2,February,2026-02,2026-02-01,2026-02-28,Q1,2026,8,Q3,2026,FY2026-M08,FY2026-Q3,False,True,764
20260204,2026-02-04,4,Wednesday,3,6,2026-02-02,2026-02-08,2,February,2026-02,2026-02-01,2026-02-28,Q1,2026,8,Q3,2026,FY2026-M08,FY2026-Q3,False,True,765
20260205,2026-02-05,5,Thursday,4,6,2026-02-02,2026-02-08,2,February,2026-02,2026-02-01,2026-02-28,Q1,2026,8,Q3,2026,FY2026-M08,FY2026-Q3,False,True,766
20260206,2026-02-06,6,Friday,5,6,2026-02-02,2026-02-08,2,February,2026-02,2026-02-01,2026-02-28,Q1,2026,8,Q3,2026,FY2026-M08,FY2026-Q3,False,True,767
20260207,2026-02-07,7,Saturday,6,6,2026-02-02,2026-02-08,2,February,2026-02,2026-02-01,2026-02-28,Q1,2026,8,Q3,2026,FY2026-M08,FY2026-Q3,True,False,768
20260208,2026-02-08,8,Sunday,7,6,2026-02-02,2026-02-08,2,February,2026-02,2026-02-01,2026-02-28,Q1,2026,8,Q3,2026,FY2026-M08,FY2026-Q3,True,False,769
20260209,2026-02-09,9,Monday,1,7,2026-02-09,2026-02-15,2,February,2026-02,2026-02-01,2026-02-28,Q1,2026,8,Q3,2026,FY2026-M08,FY2026-Q3,False,True,770
20260210,2026-02-10,10,Tuesday,2,7,2026-02-09,2026-02-15,2,February,2026-02,2026-02-01,2026-02-28,Q1,2026,8,Q3,2026,FY2026-M08,FY2026-Q3,False,True,771
20260211,2026-02-11,11,Wednesday,3,7,2026-02-09,2026-02-15,2,February,2026-02,2026-02-01,2026-02-28,Q1,2026,8,Q3,2026,FY2026-M08,FY2026-Q3,False,True,772
20260212,2026-02-12,12,Thursday,4,7,2026-02-09,2026-02-15,2,February,2026-02,2026-02-01,2026-02-28,Q1,2026,8,Q3,2026,FY2026-M08,FY2026-Q3,False,True,773
20260213,2026-02-13,13,Friday,5,7,2026-02-09,2026-02-15,2,February,2026-02,2026-02-01,2026-02-28,Q1,2026,8,Q3,2026,FY2026-M08,FY2026-Q3,False,True,774
20260214,2026-02-14,14,Saturday,6,7,2026-02-09,2026-02-15,2,February,2026-02,2026-02-01,2026-02-28,Q1,2026,8,Q3,2026,FY2026-M08,FY2026-Q3,True,False,775
20260215,2026-02-15,15,Sunday,7,7,2026-02-09,2026-02-15,2,February,2026-02,2026-02-01,2026-02-28,Q1,2026,8,Q3,2026,FY2026-M08,FY2026-Q3,True,False,776
20260216,2026-02-16,16,Monday,1,8,2026-02-16,2026-02-22,2,February,2026-02,2026-02-01,2026-02-28,Q1,2026,8,Q3,2026,FY2026-M08,FY2026-Q3,False,True,777
20260217,2026-02-17,17,Tuesday,2,8,2026-02-16,2026-02-22,2,February,2026-02,2026-02-01,2026-02-28,Q1,2026,8,Q3,2026,FY2026-M08,FY2026-Q3,False,True,778
20260218,2026-02-18,18,Wednesday,3,8,2026-02-16,2026-02-22,2,February,2026-02,2026-02-01,2026-02-28,Q1,2026,8,Q3,2026,FY2026-M08,FY2026-Q3,False,True,779
20260219,2026-02-19,19,Thursday,4,8,2026-02-16,2026-02-22,2,February,2026-02,2026-02-01,2026-02-28,Q1,2026,8,Q3,2026,FY2026-M08,FY2026-Q3,False,True,780
20260220,2026-02-20,20,Friday,5,8,2026-02-16,2026-02-22,2,February,2026-02,2026-02-01,2026-02-28,Q1,2026,8,Q3,2026,FY2026-M08,FY2026-Q3,False,True,781
20260221,2026-02-21,21,Saturday,6,8,2026-02-16,2026-02-22,2,February,2026-02,2026-02-01,2026-02-28,Q1,2026,8,Q3,2026,FY2026-M08,FY2026-Q3,True,False,782
20260222,2026-02-22,22,Sunday,7,8,2026-02-16,2026-02-22,2,February,2026-02,2026-02-01,2026-02-28,Q1,2026,8,Q3,2026,FY2026-M08,FY2026-Q3,True,False,783
20260223,2026-02-23,23,Monday,1,9,2026-02-23,2026-03-01,2,February,2026-02,2026-02-01,2026-02-28,Q1,2026,8,Q3,2026,FY2026-M08,FY2026-Q3,False,True,784
20260224,2026-02-24,24,Tuesday,2,9,2026-02-23,2026-03-01,2,February,2026-02,2026-02-01,2026-02-28,Q1,2026,8,Q3,2026,FY2026-M08,FY2026-Q3,False,True,785
20260225,2026-02-25,25,Wednesday,3,9,2026-02-23,2026-03-01,2,February,2026-02,2026-02-01,2026-02-28,Q1,2026,8,Q3,2026,FY2026-M08,FY2026-Q3,False,True,786
20260226,2026-02-26,26,Thursday,4,9,2026-02-23,2026-03-01,2,February,2026-02,2026-02-01,2026-02-28,Q1,2026,8,Q3,2026,FY2026-M08,FY2026-Q3,False,True,787
20260227,2026-02-27,27,Friday,5,9,2026-02-23,2026-03-01,2,February,2026-02,2026-02-01,2026-02-28,Q1,2026,8,Q3,2026,FY2026-M08,FY2026-Q3,False,True,788
20260228,2026-02-28,28,Saturday,6,9,2026-02-23,2026-03-01,2,February,2026-02,2026-02-01,2026-02-28,Q1,2026,8,Q3,2026,FY2026-M08,FY2026-Q3,True,False,789
20260301,2026-03-01,1,Sunday,7,9,2026-02-23,2026-03-01,3,March,2026-03,2026-03-01,2026-03-31,Q1,2026,9,Q3,2026,FY2026-M09,FY2026-Q3,True,False,790
20260302,2026-03-02,2,Monday,1,10,2026-03-02,2026-03-08,3,March,2026-03,2026-03-01,2026-03-31,Q1,2026,9,Q3,2026,FY2026-M09,FY2026-Q3,False,True,791
20260303,2026-03-03,3,Tuesday,2,10,2026-03-02,2026-03-08,3,March,2026-03,2026-03-01,2026-03-31,Q1,2026,9,Q3,2026,FY2026-M09,FY2026-Q3,False,True,792
20260304,2026-03-04,4,Wednesday,3,10,2026-03-02,2026-03-08,3,March,2026-03,2026-03-01,2026-03-31,Q1,2026,9,Q3,2026,FY2026-M09,FY2026-Q3,False,True,793
20260305,2026-03-05,5,Thursday,4,10,2026-03-02,2026-03-08,3,March,2026-03,2026-03-01,2026-03-31,Q1,2026,9,Q3,2026,FY2026-M09,FY2026-Q3,False,True,794
20260306,2026-03-06,6,Friday,5,10,2026-03-02,2026-03-08,3,March,2026-03,2026-03-01,2026-03-31,Q1,2026,9,Q3,2026,FY2026-M09,FY2026-Q3,False,True,795
20260307,2026-03-07,7,Saturday,6,10,2026-03-02,2026-03-08,3,March,2026-03,2026-03-01,2026-03-31,Q1,2026,9,Q3,2026,FY2026-M09,FY2026-Q3,True,False,796
20260308,2026-03-08,8,Sunday,7,10,2026-03-02,2026-03-08,3,March,2026-03,2026-03-01,2026-03-31,Q1,2026,9,Q3,2026,FY2026-M09,FY2026-Q3,True,False,797
20260309,2026-03-09,9,Monday,1,11,2026-03-09,2026-03-15,3,March,2026-03,2026-03-01,2026-03-31,Q1,2026,9,Q3,2026,FY2026-M09,FY2026-Q3,False,True,798
20260310,2026-03-10,10,Tuesday,2,11,2026-03-09,2026-03-15,3,March,2026-03,2026-03-01,2026-03-31,Q1,2026,9,Q3,2026,FY2026-M09,FY2026-Q3,False,True,799
20260311,2026-03-11,11,Wednesday,3,11,2026-03-09,2026-03-15,3,March,2026-03,2026-03-01,2026-03-31,Q1,2026,9,Q3,2026,FY2026-M09,FY2026-Q3,False,True,800
20260312,2026-03-12,12,Thursday,4,11,2026-03-09,2026-03-15,3,March,2026-03,2026-03-01,2026-03-31,Q1,2026,9,Q3,2026,FY2026-M09,FY2026-Q3,False,True,801
20260313,2026-03-13,13,Friday,5,11,2026-03-09,2026-03-15,3,March,2026-03,2026-03-01,2026-03-31,Q1,2026,9,Q3,2026,FY2026-M09,FY2026-Q3,False,True,802
20260314,2026-03-14,14,Saturday,6,11,2026-03-09,2026-03-15,3,March,2026-03,2026-03-01,2026-03-31,Q1,2026,9,Q3,2026,FY2026-M09,FY2026-Q3,True,False,803
20260315,2026-03-15,15,Sunday,7,11,2026-03-09,2026-03-15,3,March,2026-03,2026-03-01,2026-03-31,Q1,2026,9,Q3,2026,FY2026-M09,FY2026-Q3,True,False,804
20260316,2026-03-16,16,Monday,1,12,2026-03-16,2026-03-22,3,March,2026-03,2026-03-01,2026-03-31,Q1,2026,9,Q3,2026,FY2026-M09,FY2026-Q3,False,True,805
20260317,2026-03-17,17,Tuesday,2,12,2026-03-16,2026-03-22,3,March,2026-03,2026-03-01,2026-03-31,Q1,2026,9,Q3,2026,FY2026-M09,FY2026-Q3,False,True,806
20260318,2026-03-18,18,Wednesday,3,12,2026-03-16,2026-03-22,3,March,2026-03,2026-03-01,2026-03-31,Q1,2026,9,Q3,2026,FY2026-M09,FY2026-Q3,False,True,807
20260319,2026-03-19,19,Thursday,4,12,2026-03-16,2026-03-22,3,March,2026-03,2026-03-01,2026-03-31,Q1,2026,9,Q3,2026,FY2026-M09,FY2026-Q3,False,True,808
20260320,2026-03-20,20,Friday,5,12,2026-03-16,2026-03-22,3,March,2026-03,2026-03-01,2026-03-31,Q1,2026,9,Q3,2026,FY2026-M09,FY2026-Q3,False,True,809
20260321,2026-03-21,21,Saturday,6,12,2026-03-16,2026-03-22,3,March,2026-03,2026-03-01,2026-03-31,Q1,2026,9,Q3,2026,FY2026-M09,FY2026-Q3,True,False,810
20260322,2026-03-22,22,Sunday,7,12,2026-03-16,2026-03-22,3,March,2026-03,2026-03-01,2026-03-31,Q1,2026,9,Q3,2026,FY2026-M09,FY2026-Q3,True,False,811
20260323,2026-03-23,23,Monday,1,13,2026-03-23,2026-03-29,3,March,2026-03,2026-03-01,2026-03-31,Q1,2026,9,Q3,2026,FY2026-M09,FY2026-Q3,False,True,812
20260324,2026-03-24,24,Tuesday,2,13,2026-03-23,2026-03-29,3,March,2026-03,2026-03-01,2026-03-31,Q1,2026,9,Q3,2026,FY2026-M09,FY2026-Q3,False,True,813
20260325,2026-03-25,25,Wednesday,3,13,2026-03-23,2026-03-29,3,March,2026-03,2026-03-01,2026-03-31,Q1,2026,9,Q3,2026,FY2026-M09,FY2026-Q3,False,True,814
20260326,2026-03-26,26,Thursday,4,13,2026-03-23,2026-03-29,3,March,2026-03,2026-03-01,2026-03-31,Q1,2026,9,Q3,2026,FY2026-M09,FY2026-Q3,False,True,815
20260327,2026-03-27,27,Friday,5,13,2026-03-23,2026-03-29,3,March,2026-03,2026-03-01,2026-03-31,Q1,2026,9,Q3,2026,FY2026-M09,FY2026-Q3,False,True,816
20260328,2026-03-28,28,Saturday,6,13,2026-03-23,2026-03-29,3,March,2026-03,2026-03-01,2026-03-31,Q1,2026,9,Q3,2026,FY2026-M09,FY2026-Q3,True,False,817
20260329,2026-03-29,29,Sunday,7,13,2026-03-23,2026-03-29,3,March,2026-03,2026-03-01,2026-03-31,Q1,2026,9,Q3,2026,FY2026-M09,FY2026-Q3,True,False,818
20260330,2026-03-30,30,Monday,1,14,2026-03-30,2026-04-05,3,March,2026-03,2026-03-01,2026-03-31,Q1,2026,9,Q3,2026,FY2026-M09,FY2026-Q3,False,True,819
20260331,2026-03-31,31,Tuesday,2,14,2026-03-30,2026-04-05,3,March,2026-03,2026-03-01,2026-03-31,Q1,2026,9,Q3,2026,FY2026-M09,FY2026-Q3,False,True,820
20260401,2026-04-01,1,Wednesday,3,14,2026-03-30,2026-04-05,4,April,2026-04,2026-04-01,2026-04-30,Q2,2026,10,Q4,2026,FY2026-M10,FY2026-Q4,False,True,821
20260402,2026-04-02,2,Thursday,4,14,2026-03-30,2026-04-05,4,April,2026-04,2026-04-01,2026-04-30,Q2,2026,10,Q4,2026,FY2026-M10,FY2026-Q4,False,True,822
20260403,2026-04-03,3,Friday,5,14,2026-03-30,2026-04-05,4,April,2026-04,2026-04-01,2026-04-30,Q2,2026,10,Q4,2026,FY2026-M10,FY2026-Q4,False,True,823
20260404,2026-04-04,4,Saturday,6,14,2026-03-30,2026-04-05,4,April,2026-04,2026-04-01,2026-04-30,Q2,2026,10,Q4,2026,FY2026-M10,FY2026-Q4,True,False,824
20260405,2026-04-05,5,Sunday,7,14,2026-03-30,2026-04-05,4,April,2026-04,2026-04-01,2026-04-30,Q2,2026,10,Q4,2026,FY2026-M10,FY2026-Q4,True,False,825
20260406,2026-04-06,6,Monday,1,15,2026-04-06,2026-04-12,4,April,2026-04,2026-04-01,2026-04-30,Q2,2026,10,Q4,2026,FY2026-M10,FY2026-Q4,False,True,826
20260407,2026-04-07,7,Tuesday,2,15,2026-04-06,2026-04-12,4,April,2026-04,2026-04-01,2026-04-30,Q2,2026,10,Q4,2026,FY2026-M10,FY2026-Q4,False,True,827
20260408,2026-04-08,8,Wednesday,3,15,2026-04-06,2026-04-12,4,April,2026-04,2026-04-01,2026-04-30,Q2,2026,10,Q4,2026,FY2026-M10,FY2026-Q4,False,True,828
20260409,2026-04-09,9,Thursday,4,15,2026-04-06,2026-04-12,4,April,2026-04,2026-04-01,2026-04-30,Q2,2026,10,Q4,2026,FY2026-M10,FY2026-Q4,False,True,829
20260410,2026-04-10,10,Friday,5,15,2026-04-06,2026-04-12,4,April,2026-04,2026-04-01,2026-04-30,Q2,2026,10,Q4,2026,FY2026-M10,FY2026-Q4,False,True,830
20260411,2026-04-11,11,Saturday,6,15,2026-04-06,2026-04-12,4,April,2026-04,2026-04-01,2026-04-30,Q2,2026,10,Q4,2026,FY2026-M10,FY2026-Q4,True,False,831
20260412,2026-04-12,12,Sunday,7,15,2026-04-06,2026-04-12,4,April,2026-04,2026-04-01,2026-04-30,Q2,2026,10,Q4,2026,FY2026-M10,FY2026-Q4,True,False,832
20260413,2026-04-13,13,Monday,1,16,2026-04-13,2026-04-19,4,April,2026-04,2026-04-01,2026-04-30,Q2,2026,10,Q4,2026,FY2026-M10,FY2026-Q4,False,True,833
20260414,2026-04-14,14,Tuesday,2,16,2026-04-13,2026-04-19,4,April,2026-04,2026-04-01,2026-04-30,Q2,2026,10,Q4,2026,FY2026-M10,FY2026-Q4,False,True,834
20260415,2026-04-15,15,Wednesday,3,16,2026-04-13,2026-04-19,4,April,2026-04,2026-04-01,2026-04-30,Q2,2026,10,Q4,2026,FY2026-M10,FY2026-Q4,False,True,835
20260416,2026-04-16,16,Thursday,4,16,2026-04-13,2026-04-19,4,April,2026-04,2026-04-01,2026-04-30,Q2,2026,10,Q4,2026,FY2026-M10,FY2026-Q4,False,True,836
20260417,2026-04-17,17,Friday,5,16,2026-04-13,2026-04-19,4,April,2026-04,2026-04-01,2026-04-30,Q2,2026,10,Q4,2026,FY2026-M10,FY2026-Q4,False,True,837
20260418,2026-04-18,18,Saturday,6,16,2026-04-13,2026-04-19,4,April,2026-04,2026-04-01,2026-04-30,Q2,2026,10,Q4,2026,FY2026-M10,FY2026-Q4,True,False,838
20260419,2026-04-19,19,Sunday,7,16,2026-04-13,2026-04-19,4,April,2026-04,2026-04-01,2026-04-30,Q2,2026,10,Q4,2026,FY2026-M10,FY2026-Q4,True,False,839
20260420,2026-04-20,20,Monday,1,17,2026-04-20,2026-04-26,4,April,2026-04,2026-04-01,2026-04-30,Q2,2026,10,Q4,2026,FY2026-M10,FY2026-Q4,False,True,840
20260421,2026-04-21,21,Tuesday,2,17,2026-04-20,2026-04-26,4,April,2026-04,2026-04-01,2026-04-30,Q2,2026,10,Q4,2026,FY2026-M10,FY2026-Q4,False,True,841
20260422,2026-04-22,22,Wednesday,3,17,2026-04-20,2026-04-26,4,April,2026-04,2026-04-01,2026-04-30,Q2,2026,10,Q4,2026,FY2026-M10,FY2026-Q4,False,True,842
20260423,2026-04-23,23,Thursday,4,17,2026-04-20,2026-04-26,4,April,2026-04,2026-04-01,2026-04-30,Q2,2026,10,Q4,2026,FY2026-M10,FY2026-Q4,False,True,843
20260424,2026-04-24,24,Friday,5,17,2026-04-20,2026-04-26,4,April,2026-04,2026-04-01,2026-04-30,Q2,2026,10,Q4,2026,FY2026-M10,FY2026-Q4,False,True,844
20260425,2026-04-25,25,Saturday,6,17,2026-04-20,2026-04-26,4,April,2026-04,2026-04-01,2026-04-30,Q2,2026,10,Q4,2026,FY2026-M10,FY2026-Q4,True,False,845
20260426,2026-04-26,26,Sunday,7,17,2026-04-20,2026-04-26,4,April,2026-04,2026-04-01,2026-04-30,Q2,2026,10,Q4,2026,FY2026-M10,FY2026-Q4,True,False,846
20260427,2026-04-27,27,Monday,1,18,2026-04-27,2026-05-03,4,April,2026-04,2026-04-01,2026-04-30,Q2,2026,10,Q4,2026,FY2026-M10,FY2026-Q4,False,True,847
20260428,2026-04-28,28,Tuesday,2,18,2026-04-27,2026-05-03,4,April,2026-04,2026-04-01,2026-04-30,Q2,2026,10,Q4,2026,FY2026-M10,FY2026-Q4,False,True,848
20260429,2026-04-29,29,Wednesday,3,18,2026-04-27,2026-05-03,4,April,2026-04,2026-04-01,2026-04-30,Q2,2026,10,Q4,2026,FY2026-M10,FY2026-Q4,False,True,849
20260430,2026-04-30,30,Thursday,4,18,2026-04-27,2026-05-03,4,April,2026-04,2026-04-01,2026-04-30,Q2,2026,10,Q4,2026,FY2026-M10,FY2026-Q4,False,True,850
20260501,2026-05-01,1,Friday,5,18,2026-04-27,2026-05-03,5,May,2026-05,2026-05-01,2026-05-31,Q2,2026,11,Q4,2026,FY2026-M11,FY2026-Q4,False,True,851
20260502,2026-05-02,2,Saturday,6,18,2026-04-27,2026-05-03,5,May,2026-05,2026-05-01,2026-05-31,Q2,2026,11,Q4,2026,FY2026-M11,FY2026-Q4,True,False,852
20260503,2026-05-03,3,Sunday,7,18,2026-04-27,2026-05-03,5,May,2026-05,2026-05-01,2026-05-31,Q2,2026,11,Q4,2026,FY2026-M11,FY2026-Q4,True,False,853
20260504,2026-05-04,4,Monday,1,19,2026-05-04,2026-05-10,5,May,2026-05,2026-05-01,2026-05-31,Q2,2026,11,Q4,2026,FY2026-M11,FY2026-Q4,False,True,854
20260505,2026-05-05,5,Tuesday,2,19,2026-05-04,2026-05-10,5,May,2026-05,2026-05-01,2026-05-31,Q2,2026,11,Q4,2026,FY2026-M11,FY2026-Q4,False,True,855
20260506,2026-05-06,6,Wednesday,3,19,2026-05-04,2026-05-10,5,May,2026-05,2026-05-01,2026-05-31,Q2,2026,11,Q4,2026,FY2026-M11,FY2026-Q4,False,True,856
20260507,2026-05-07,7,Thursday,4,19,2026-05-04,2026-05-10,5,May,2026-05,2026-05-01,2026-05-31,Q2,2026,11,Q4,2026,FY2026-M11,FY2026-Q4,False,True,857
20260508,2026-05-08,8,Friday,5,19,2026-05-04,2026-05-10,5,May,2026-05,2026-05-01,2026-05-31,Q2,2026,11,Q4,2026,FY2026-M11,FY2026-Q4,False,True,858
20260509,2026-05-09,9,Saturday,6,19,2026-05-04,2026-05-10,5,May,2026-05,2026-05-01,2026-05-31,Q2,2026,11,Q4,2026,FY2026-M11,FY2026-Q4,True,False,859
20260510,2026-05-10,10,Sunday,7,19,2026-05-04,2026-05-10,5,May,2026-05,2026-05-01,2026-05-31,Q2,2026,11,Q4,2026,FY2026-M11,FY2026-Q4,True,False,860
20260511,2026-05-11,11,Monday,1,20,2026-05-11,2026-05-17,5,May,2026-05,2026-05-01,2026-05-31,Q2,2026,11,Q4,2026,FY2026-M11,FY2026-Q4,False,True,861
20260512,2026-05-12,12,Tuesday,2,20,2026-05-11,2026-05-17,5,May,2026-05,2026-05-01,2026-05-31,Q2,2026,11,Q4,2026,FY2026-M11,FY2026-Q4,False,True,862
20260513,2026-05-13,13,Wednesday,3,20,2026-05-11,2026-05-17,5,May,2026-05,2026-05-01,2026-05-31,Q2,2026,11,Q4,2026,FY2026-M11,FY2026-Q4,False,True,863
20260514,2026-05-14,14,Thursday,4,20,2026-05-11,2026-05-17,5,May,2026-05,2026-05-01,2026-05-31,Q2,2026,11,Q4,2026,FY2026-M11,FY2026-Q4,False,True,864
20260515,2026-05-15,15,Friday,5,20,2026-05-11,2026-05-17,5,May,2026-05,2026-05-01,2026-05-31,Q2,2026,11,Q4,2026,FY2026-M11,FY2026-Q4,False,True,865
20260516,2026-05-16,16,Saturday,6,20,2026-05-11,2026-05-17,5,May,2026-05,2026-05-01,2026-05-31,Q2,2026,11,Q4,2026,FY2026-M11,FY2026-Q4,True,False,866
20260517,2026-05-17,17,Sunday,7,20,2026-05-11,2026-05-17,5,May,2026-05,2026-05-01,2026-05-31,Q2,2026,11,Q4,2026,FY2026-M11,FY2026-Q4,True,False,867
20260518,2026-05-18,18,Monday,1,21,2026-05-18,2026-05-24,5,May,2026-05,2026-05-01,2026-05-31,Q2,2026,11,Q4,2026,FY2026-M11,FY2026-Q4,False,True,868
20260519,2026-05-19,19,Tuesday,2,21,2026-05-18,2026-05-24,5,May,2026-05,2026-05-01,2026-05-31,Q2,2026,11,Q4,2026,FY2026-M11,FY2026-Q4,False,True,869
20260520,2026-05-20,20,Wednesday,3,21,2026-05-18,2026-05-24,5,May,2026-05,2026-05-01,2026-05-31,Q2,2026,11,Q4,2026,FY2026-M11,FY2026-Q4,False,True,870
20260521,2026-05-21,21,Thursday,4,21,2026-05-18,2026-05-24,5,May,2026-05,2026-05-01,2026-05-31,Q2,2026,11,Q4,2026,FY2026-M11,FY2026-Q4,False,True,871
20260522,2026-05-22,22,Friday,5,21,2026-05-18,2026-05-24,5,May,2026-05,2026-05-01,2026-05-31,Q2,2026,11,Q4,2026,FY2026-M11,FY2026-Q4,False,True,872
20260523,2026-05-23,23,Saturday,6,21,2026-05-18,2026-05-24,5,May,2026-05,2026-05-01,2026-05-31,Q2,2026,11,Q4,2026,FY2026-M11,FY2026-Q4,True,False,873
20260524,2026-05-24,24,Sunday,7,21,2026-05-18,2026-05-24,5,May,2026-05,2026-05-01,2026-05-31,Q2,2026,11,Q4,2026,FY2026-M11,FY2026-Q4,True,False,874
20260525,2026-05-25,25,Monday,1,22,2026-05-25,2026-05-31,5,May,2026-05,2026-05-01,2026-05-31,Q2,2026,11,Q4,2026,FY2026-M11,FY2026-Q4,False,True,875
20260526,2026-05-26,26,Tuesday,2,22,2026-05-25,2026-05-31,5,May,2026-05,2026-05-01,2026-05-31,Q2,2026,11,Q4,2026,FY2026-M11,FY2026-Q4,False,True,876
20260527,2026-05-27,27,Wednesday,3,22,2026-05-25,2026-05-31,5,May,2026-05,2026-05-01,2026-05-31,Q2,2026,11,Q4,2026,FY2026-M11,FY2026-Q4,False,True,877
20260528,2026-05-28,28,Thursday,4,22,2026-05-25,2026-05-31,5,May,2026-05,2026-05-01,2026-05-31,Q2,2026,11,Q4,2026,FY2026-M11,FY2026-Q4,False,True,878
20260529,2026-05-29,29,Friday,5,22,2026-05-25,2026-05-31,5,May,2026-05,2026-05-01,2026-05-31,Q2,2026,11,Q4,2026,FY2026-M11,FY2026-Q4,False,True,879
20260530,2026-05-30,30,Saturday,6,22,2026-05-25,2026-05-31,5,May,2026-05,2026-05-01,2026-05-31,Q2,2026,11,Q4,2026,FY2026-M11,FY2026-Q4,True,False,880
20260531,2026-05-31,31,Sunday,7,22,2026-05-25,2026-05-31,5,May,2026-05,2026-05-01,2026-05-31,Q2,2026,11,Q4,2026,FY2026-M11,FY2026-Q4,True,False,881
20260601,2026-06-01,1,Monday,1,23,2026-06-01,2026-06-07,6,June,2026-06,2026-06-01,2026-06-30,Q2,2026,12,Q4,2026,FY2026-M12,FY2026-Q4,False,True,882
20260602,2026-06-02,2,Tuesday,2,23,2026-06-01,2026-06-07,6,June,2026-06,2026-06-01,2026-06-30,Q2,2026,12,Q4,2026,FY2026-M12,FY2026-Q4,False,True,883
20260603,2026-06-03,3,Wednesday,3,23,2026-06-01,2026-06-07,6,June,2026-06,2026-06-01,2026-06-30,Q2,2026,12,Q4,2026,FY2026-M12,FY2026-Q4,False,True,884
20260604,2026-06-04,4,Thursday,4,23,2026-06-01,2026-06-07,6,June,2026-06,2026-06-01,2026-06-30,Q2,2026,12,Q4,2026,FY2026-M12,FY2026-Q4,False,True,885
20260605,2026-06-05,5,Friday,5,23,2026-06-01,2026-06-07,6,June,2026-06,2026-06-01,2026-06-30,Q2,2026,12,Q4,2026,FY2026-M12,FY2026-Q4,False,True,886
20260606,2026-06-06,6,Saturday,6,23,2026-06-01,2026-06-07,6,June,2026-06,2026-06-01,2026-06-30,Q2,2026,12,Q4,2026,FY2026-M12,FY2026-Q4,True,False,887
20260607,2026-06-07,7,Sunday,7,23,2026-06-01,2026-06-07,6,June,2026-06,2026-06-01,2026-06-30,Q2,2026,12,Q4,2026,FY2026-M12,FY2026-Q4,True,False,888
20260608,2026-06-08,8,Monday,1,24,2026-06-08,2026-06-14,6,June,2026-06,2026-06-01,2026-06-30,Q2,2026,12,Q4,2026,FY2026-M12,FY2026-Q4,False,True,889
20260609,2026-06-09,9,Tuesday,2,24,2026-06-08,2026-06-14,6,June,2026-06,2026-06-01,2026-06-30,Q2,2026,12,Q4,2026,FY2026-M12,FY2026-Q4,False,True,890
20260610,2026-06-10,10,Wednesday,3,24,2026-06-08,2026-06-14,6,June,2026-06,2026-06-01,2026-06-30,Q2,2026,12,Q4,2026,FY2026-M12,FY2026-Q4,False,True,891
20260611,2026-06-11,11,Thursday,4,24,2026-06-08,2026-06-14,6,June,2026-06,2026-06-01,2026-06-30,Q2,2026,12,Q4,2026,FY2026-M12,FY2026-Q4,False,True,892
20260612,2026-06-12,12,Friday,5,24,2026-06-08,2026-06-14,6,June,2026-06,2026-06-01,2026-06-30,Q2,2026,12,Q4,2026,FY2026-M12,FY2026-Q4,False,True,893
20260613,2026-06-13,13,Saturday,6,24,2026-06-08,2026-06-14,6,June,2026-06,2026-06-01,2026-06-30,Q2,2026,12,Q4,2026,FY2026-M12,FY2026-Q4,True,False,894
20260614,2026-06-14,14,Sunday,7,24,2026-06-08,2026-06-14,6,June,2026-06,2026-06-01,2026-06-30,Q2,2026,12,Q4,2026,FY2026-M12,FY2026-Q4,True,False,895
20260615,2026-06-15,15,Monday,1,25,2026-06-15,2026-06-21,6,June,2026-06,2026-06-01,2026-06-30,Q2,2026,12,Q4,2026,FY2026-M12,FY2026-Q4,False,True,896
20260616,2026-06-16,16,Tuesday,2,25,2026-06-15,2026-06-21,6,June,2026-06,2026-06-01,2026-06-30,Q2,2026,12,Q4,2026,FY2026-M12,FY2026-Q4,False,True,897
20260617,2026-06-17,17,Wednesday,3,25,2026-06-15,2026-06-21,6,June,2026-06,2026-06-01,2026-06-30,Q2,2026,12,Q4,2026,FY2026-M12,FY2026-Q4,False,True,898
20260618,2026-06-18,18,Thursday,4,25,2026-06-15,2026-06-21,6,June,2026-06,2026-06-01,2026-06-30,Q2,2026,12,Q4,2026,FY2026-M12,FY2026-Q4,False,True,899
20260619,2026-06-19,19,Friday,5,25,2026-06-15,2026-06-21,6,June,2026-06,2026-06-01,2026-06-30,Q2,2026,12,Q4,2026,FY2026-M12,FY2026-Q4,False,True,900
20260620,2026-06-20,20,Saturday,6,25,2026-06-15,2026-06-21,6,June,2026-06,2026-06-01,2026-06-30,Q2,2026,12,Q4,2026,FY2026-M12,FY2026-Q4,True,False,901
20260621,2026-06-21,21,Sunday,7,25,2026-06-15,2026-06-21,6,June,2026-06,2026-06-01,2026-06-30,Q2,2026,12,Q4,2026,FY2026-M12,FY2026-Q4,True,False,902
20260622,2026-06-22,22,Monday,1,26,2026-06-22,2026-06-28,6,June,2026-06,2026-06-01,2026-06-30,Q2,2026,12,Q4,2026,FY2026-M12,FY2026-Q4,False,True,903
20260623,2026-06-23,23,Tuesday,2,26,2026-06-22,2026-06-28,6,June,2026-06,2026-06-01,2026-06-30,Q2,2026,12,Q4,2026,FY2026-M12,FY2026-Q4,False,True,904
20260624,2026-06-24,24,Wednesday,3,26,2026-06-22,2026-06-28,6,June,2026-06,2026-06-01,2026-06-30,Q2,2026,12,Q4,2026,FY2026-M12,FY2026-Q4,False,True,905
20260625,2026-06-25,25,Thursday,4,26,2026-06-22,2026-06-28,6,June,2026-06,2026-06-01,2026-06-30,Q2,2026,12,Q4,2026,FY2026-M12,FY2026-Q4,False,True,906
20260626,2026-06-26,26,Friday,5,26,2026-06-22,2026-06-28,6,June,2026-06,2026-06-01,2026-06-30,Q2,2026,12,Q4,2026,FY2026-M12,FY2026-Q4,False,True,907
20260627,2026-06-27,27,Saturday,6,26,2026-06-22,2026-06-28,6,June,2026-06,2026-06-01,2026-06-30,Q2,2026,12,Q4,2026,FY2026-M12,FY2026-Q4,True,False,908
20260628,2026-06-28,28,Sunday,7,26,2026-06-22,2026-06-28,6,June,2026-06,2026-06-01,2026-06-30,Q2,2026,12,Q4,2026,FY2026-M12,FY2026-Q4,True,False,909
20260629,2026-06-29,29,Monday,1,27,2026-06-29,2026-07-05,6,June,2026-06,2026-06-01,2026-06-30,Q2,2026,12,Q4,2026,FY2026-M12,FY2026-Q4,False,True,910
20260630,2026-06-30,30,Tuesday,2,27,2026-06-29,2026-07-05,6,June,2026-06,2026-06-01,2026-06-30,Q2,2026,12,Q4,2026,FY2026-M12,FY2026-Q4,False,True,911
20260701,2026-07-01,1,Wednesday,3,27,2026-06-29,2026-07-05,7,July,2026-07,2026-07-01,2026-07-31,Q3,2026,1,Q1,2027,FY2027-M01,FY2027-Q1,False,True,912
20260702,2026-07-02,2,Thursday,4,27,2026-06-29,2026-07-05,7,July,2026-07,2026-07-01,2026-07-31,Q3,2026,1,Q1,2027,FY2027-M01,FY2027-Q1,False,True,913
20260703,2026-07-03,3,Friday,5,27,2026-06-29,2026-07-05,7,July,2026-07,2026-07-01,2026-07-31,Q3,2026,1,Q1,2027,FY2027-M01,FY2027-Q1,False,True,914
20260704,2026-07-04,4,Saturday,6,27,2026-06-29,2026-07-05,7,July,2026-07,2026-07-01,2026-07-31,Q3,2026,1,Q1,2027,FY2027-M01,FY2027-Q1,True,False,915
20260705,2026-07-05,5,Sunday,7,27,2026-06-29,2026-07-05,7,July,2026-07,2026-07-01,2026-07-31,Q3,2026,1,Q1,2027,FY2027-M01,FY2027-Q1,True,False,916
20260706,2026-07-06,6,Monday,1,28,2026-07-06,2026-07-12,7,July,2026-07,2026-07-01,2026-07-31,Q3,2026,1,Q1,2027,FY2027-M01,FY2027-Q1,False,True,917
20260707,2026-07-07,7,Tuesday,2,28,2026-07-06,2026-07-12,7,July,2026-07,2026-07-01,2026-07-31,Q3,2026,1,Q1,2027,FY2027-M01,FY2027-Q1,False,True,918
20260708,2026-07-08,8,Wednesday,3,28,2026-07-06,2026-07-12,7,July,2026-07,2026-07-01,2026-07-31,Q3,2026,1,Q1,2027,FY2027-M01,FY2027-Q1,False,True,919
20260709,2026-07-09,9,Thursday,4,28,2026-07-06,2026-07-12,7,July,2026-07,2026-07-01,2026-07-31,Q3,2026,1,Q1,2027,FY2027-M01,FY2027-Q1,False,True,920
20260710,2026-07-10,10,Friday,5,28,2026-07-06,2026-07-12,7,July,2026-07,2026-07-01,2026-07-31,Q3,2026,1,Q1,2027,FY2027-M01,FY2027-Q1,False,True,921
20260711,2026-07-11,11,Saturday,6,28,2026-07-06,2026-07-12,7,July,2026-07,2026-07-01,2026-07-31,Q3,2026,1,Q1,2027,FY2027-M01,FY2027-Q1,True,False,922
20260712,2026-07-12,12,Sunday,7,28,2026-07-06,2026-07-12,7,July,2026-07,2026-07-01,2026-07-31,Q3,2026,1,Q1,2027,FY2027-M01,FY2027-Q1,True,False,923
20260713,2026-07-13,13,Monday,1,29,2026-07-13,2026-07-19,7,July,2026-07,2026-07-01,2026-07-31,Q3,2026,1,Q1,2027,FY2027-M01,FY2027-Q1,False,True,924
20260714,2026-07-14,14,Tuesday,2,29,2026-07-13,2026-07-19,7,July,2026-07,2026-07-01,2026-07-31,Q3,2026,1,Q1,2027,FY2027-M01,FY2027-Q1,False,True,925
20260715,2026-07-15,15,Wednesday,3,29,2026-07-13,2026-07-19,7,July,2026-07,2026-07-01,2026-07-31,Q3,2026,1,Q1,2027,FY2027-M01,FY2027-Q1,False,True,926
20260716,2026-07-16,16,Thursday,4,29,2026-07-13,2026-07-19,7,July,2026-07,2026-07-01,2026-07-31,Q3,2026,1,Q1,2027,FY2027-M01,FY2027-Q1,False,True,927
20260717,2026-07-17,17,Friday,5,29,2026-07-13,2026-07-19,7,July,2026-07,2026-07-01,2026-07-31,Q3,2026,1,Q1,2027,FY2027-M01,FY2027-Q1,False,True,928
20260718,2026-07-18,18,Saturday,6,29,2026-07-13,2026-07-19,7,July,2026-07,2026-07-01,2026-07-31,Q3,2026,1,Q1,2027,FY2027-M01,FY2027-Q1,True,False,929
20260719,2026-07-19,19,Sunday,7,29,2026-07-13,2026-07-19,7,July,2026-07,2026-07-01,2026-07-31,Q3,2026,1,Q1,2027,FY2027-M01,FY2027-Q1,True,False,930
20260720,2026-07-20,20,Monday,1,30,2026-07-20,2026-07-26,7,July,2026-07,2026-07-01,2026-07-31,Q3,2026,1,Q1,2027,FY2027-M01,FY2027-Q1,False,True,931
20260721,2026-07-21,21,Tuesday,2,30,2026-07-20,2026-07-26,7,July,2026-07,2026-07-01,2026-07-31,Q3,2026,1,Q1,2027,FY2027-M01,FY2027-Q1,False,True,932
20260722,2026-07-22,22,Wednesday,3,30,2026-07-20,2026-07-26,7,July,2026-07,2026-07-01,2026-07-31,Q3,2026,1,Q1,2027,FY2027-M01,FY2027-Q1,False,True,933
20260723,2026-07-23,23,Thursday,4,30,2026-07-20,2026-07-26,7,July,2026-07,2026-07-01,2026-07-31,Q3,2026,1,Q1,2027,FY2027-M01,FY2027-Q1,False,True,934
20260724,2026-07-24,24,Friday,5,30,2026-07-20,2026-07-26,7,July,2026-07,2026-07-01,2026-07-31,Q3,2026,1,Q1,2027,FY2027-M01,FY2027-Q1,False,True,935
20260725,2026-07-25,25,Saturday,6,30,2026-07-20,2026-07-26,7,July,2026-07,2026-07-01,2026-07-31,Q3,2026,1,Q1,2027,FY2027-M01,FY2027-Q1,True,False,936
20260726,2026-07-26,26,Sunday,7,30,2026-07-20,2026-07-26,7,July,2026-07,2026-07-01,2026-07-31,Q3,2026,1,Q1,2027,FY2027-M01,FY2027-Q1,True,False,937
20260727,2026-07-27,27,Monday,1,31,2026-07-27,2026-08-02,7,July,2026-07,2026-07-01,2026-07-31,Q3,2026,1,Q1,2027,FY2027-M01,FY2027-Q1,False,True,938
20260728,2026-07-28,28,Tuesday,2,31,2026-07-27,2026-08-02,7,July,2026-07,2026-07-01,2026-07-31,Q3,2026,1,Q1,2027,FY2027-M01,FY2027-Q1,False,True,939
20260729,2026-07-29,29,Wednesday,3,31,2026-07-27,2026-08-02,7,July,2026-07,2026-07-01,2026-07-31,Q3,2026,1,Q1,2027,FY2027-M01,FY2027-Q1,False,True,940
20260730,2026-07-30,30,Thursday,4,31,2026-07-27,2026-08-02,7,July,2026-07,2026-07-01,2026-07-31,Q3,2026,1,Q1,2027,FY2027-M01,FY2027-Q1,False,True,941
20260731,2026-07-31,31,Friday,5,31,2026-07-27,2026-08-02,7,July,2026-07,2026-07-01,2026-07-31,Q3,2026,1,Q1,2027,FY2027-M01,FY2027-Q1,False,True,942
20260801,2026-08-01,1,Saturday,6,31,2026-07-27,2026-08-02,8,August,2026-08,2026-08-01,2026-08-31,Q3,2026,2,Q1,2027,FY2027-M02,FY2027-Q1,True,False,943
20260802,2026-08-02,2,Sunday,7,31,2026-07-27,2026-08-02,8,August,2026-08,2026-08-01,2026-08-31,Q3,2026,2,Q1,2027,FY2027-M02,FY2027-Q1,True,False,944
20260803,2026-08-03,3,Monday,1,32,2026-08-03,2026-08-09,8,August,2026-08,2026-08-01,2026-08-31,Q3,2026,2,Q1,2027,FY2027-M02,FY2027-Q1,False,True,945
20260804,2026-08-04,4,Tuesday,2,32,2026-08-03,2026-08-09,8,August,2026-08,2026-08-01,2026-08-31,Q3,2026,2,Q1,2027,FY2027-M02,FY2027-Q1,False,True,946
20260805,2026-08-05,5,Wednesday,3,32,2026-08-03,2026-08-09,8,August,2026-08,2026-08-01,2026-08-31,Q3,2026,2,Q1,2027,FY2027-M02,FY2027-Q1,False,True,947
20260806,2026-08-06,6,Thursday,4,32,2026-08-03,2026-08-09,8,August,2026-08,2026-08-01,2026-08-31,Q3,2026,2,Q1,2027,FY2027-M02,FY2027-Q1,False,True,948
20260807,2026-08-07,7,Friday,5,32,2026-08-03,2026-08-09,8,August,2026-08,2026-08-01,2026-08-31,Q3,2026,2,Q1,2027,FY2027-M02,FY2027-Q1,False,True,949
20260808,2026-08-08,8,Saturday,6,32,2026-08-03,2026-08-09,8,August,2026-08,2026-08-01,2026-08-31,Q3,2026,2,Q1,2027,FY2027-M02,FY2027-Q1,True,False,950
20260809,2026-08-09,9,Sunday,7,32,2026-08-03,2026-08-09,8,August,2026-08,2026-08-01,2026-08-31,Q3,2026,2,Q1,2027,FY2027-M02,FY2027-Q1,True,False,951
20260810,2026-08-10,10,Monday,1,33,2026-08-10,2026-08-16,8,August,2026-08,2026-08-01,2026-08-31,Q3,2026,2,Q1,2027,FY2027-M02,FY2027-Q1,False,True,952
20260811,2026-08-11,11,Tuesday,2,33,2026-08-10,2026-08-16,8,August,2026-08,2026-08-01,2026-08-31,Q3,2026,2,Q1,2027,FY2027-M02,FY2027-Q1,False,True,953
20260812,2026-08-12,12,Wednesday,3,33,2026-08-10,2026-08-16,8,August,2026-08,2026-08-01,2026-08-31,Q3,2026,2,Q1,2027,FY2027-M02,FY2027-Q1,False,True,954
20260813,2026-08-13,13,Thursday,4,33,2026-08-10,2026-08-16,8,August,2026-08,2026-08-01,2026-08-31,Q3,2026,2,Q1,2027,FY2027-M02,FY2027-Q1,False,True,955
20260814,2026-08-14,14,Friday,5,33,2026-08-10,2026-08-16,8,August,2026-08,2026-08-01,2026-08-31,Q3,2026,2,Q1,2027,FY2027-M02,FY2027-Q1,False,True,956
20260815,2026-08-15,15,Saturday,6,33,2026-08-10,2026-08-16,8,August,2026-08,2026-08-01,2026-08-31,Q3,2026,2,Q1,2027,FY2027-M02,FY2027-Q1,True,False,957
20260816,2026-08-16,16,Sunday,7,33,2026-08-10,2026-08-16,8,August,2026-08,2026-08-01,2026-08-31,Q3,2026,2,Q1,2027,FY2027-M02,FY2027-Q1,True,False,958
20260817,2026-08-17,17,Monday,1,34,2026-08-17,2026-08-23,8,August,2026-08,2026-08-01,2026-08-31,Q3,2026,2,Q1,2027,FY2027-M02,FY2027-Q1,False,True,959
20260818,2026-08-18,18,Tuesday,2,34,2026-08-17,2026-08-23,8,August,2026-08,2026-08-01,2026-08-31,Q3,2026,2,Q1,2027,FY2027-M02,FY2027-Q1,False,True,960
20260819,2026-08-19,19,Wednesday,3,34,2026-08-17,2026-08-23,8,August,2026-08,2026-08-01,2026-08-31,Q3,2026,2,Q1,2027,FY2027-M02,FY2027-Q1,False,True,961
20260820,2026-08-20,20,Thursday,4,34,2026-08-17,2026-08-23,8,August,2026-08,2026-08-01,2026-08-31,Q3,2026,2,Q1,2027,FY2027-M02,FY2027-Q1,False,True,962
20260821,2026-08-21,21,Friday,5,34,2026-08-17,2026-08-23,8,August,2026-08,2026-08-01,2026-08-31,Q3,2026,2,Q1,2027,FY2027-M02,FY2027-Q1,False,True,963
20260822,2026-08-22,22,Saturday,6,34,2026-08-17,2026-08-23,8,August,2026-08,2026-08-01,2026-08-31,Q3,2026,2,Q1,2027,FY2027-M02,FY2027-Q1,True,False,964
20260823,2026-08-23,23,Sunday,7,34,2026-08-17,2026-08-23,8,August,2026-08,2026-08-01,2026-08-31,Q3,2026,2,Q1,2027,FY2027-M02,FY2027-Q1,True,False,965
20260824,2026-08-24,24,Monday,1,35,2026-08-24,2026-08-30,8,August,2026-08,2026-08-01,2026-08-31,Q3,2026,2,Q1,2027,FY2027-M02,FY2027-Q1,False,True,966
20260825,2026-08-25,25,Tuesday,2,35,2026-08-24,2026-08-30,8,August,2026-08,2026-08-01,2026-08-31,Q3,2026,2,Q1,2027,FY2027-M02,FY2027-Q1,False,True,967
20260826,2026-08-26,26,Wednesday,3,35,2026-08-24,2026-08-30,8,August,2026-08,2026-08-01,2026-08-31,Q3,2026,2,Q1,2027,FY2027-M02,FY2027-Q1,False,True,968
20260827,2026-08-27,27,Thursday,4,35,2026-08-24,2026-08-30,8,August,2026-08,2026-08-01,2026-08-31,Q3,2026,2,Q1,2027,FY2027-M02,FY2027-Q1,False,True,969
20260828,2026-08-28,28,Friday,5,35,2026-08-24,2026-08-30,8,August,2026-08,2026-08-01,2026-08-31,Q3,2026,2,Q1,2027,FY2027-M02,FY2027-Q1,False,True,970
20260829,2026-08-29,29,Saturday,6,35,2026-08-24,2026-08-30,8,August,2026-08,2026-08-01,2026-08-31,Q3,2026,2,Q1,2027,FY2027-M02,FY2027-Q1,True,False,971
20260830,2026-08-30,30,Sunday,7,35,2026-08-24,2026-08-30,8,August,2026-08,2026-08-01,2026-08-31,Q3,2026,2,Q1,2027,FY2027-M02,FY2027-Q1,True,False,972
20260831,2026-08-31,31,Monday,1,36,2026-08-31,2026-09-06,8,August,2026-08,2026-08-01,2026-08-31,Q3,2026,2,Q1,2027,FY2027-M02,FY2027-Q1,False,True,973
20260901,2026-09-01,1,Tuesday,2,36,2026-08-31,2026-09-06,9,September,2026-09,2026-09-01,2026-09-30,Q3,2026,3,Q1,2027,FY2027-M03,FY2027-Q1,False,True,974
20260902,2026-09-02,2,Wednesday,3,36,2026-08-31,2026-09-06,9,September,2026-09,2026-09-01,2026-09-30,Q3,2026,3,Q1,2027,FY2027-M03,FY2027-Q1,False,True,975
20260903,2026-09-03,3,Thursday,4,36,2026-08-31,2026-09-06,9,September,2026-09,2026-09-01,2026-09-30,Q3,2026,3,Q1,2027,FY2027-M03,FY2027-Q1,False,True,976
20260904,2026-09-04,4,Friday,5,36,2026-08-31,2026-09-06,9,September,2026-09,2026-09-01,2026-09-30,Q3,2026,3,Q1,2027,FY2027-M03,FY2027-Q1,False,True,977
20260905,2026-09-05,5,Saturday,6,36,2026-08-31,2026-09-06,9,September,2026-09,2026-09-01,2026-09-30,Q3,2026,3,Q1,2027,FY2027-M03,FY2027-Q1,True,False,978
20260906,2026-09-06,6,Sunday,7,36,2026-08-31,2026-09-06,9,September,2026-09,2026-09-01,2026-09-30,Q3,2026,3,Q1,2027,FY2027-M03,FY2027-Q1,True,False,979
20260907,2026-09-07,7,Monday,1,37,2026-09-07,2026-09-13,9,September,2026-09,2026-09-01,2026-09-30,Q3,2026,3,Q1,2027,FY2027-M03,FY2027-Q1,False,True,980
20260908,2026-09-08,8,Tuesday,2,37,2026-09-07,2026-09-13,9,September,2026-09,2026-09-01,2026-09-30,Q3,2026,3,Q1,2027,FY2027-M03,FY2027-Q1,False,True,981
20260909,2026-09-09,9,Wednesday,3,37,2026-09-07,2026-09-13,9,September,2026-09,2026-09-01,2026-09-30,Q3,2026,3,Q1,2027,FY2027-M03,FY2027-Q1,False,True,982
20260910,2026-09-10,10,Thursday,4,37,2026-09-07,2026-09-13,9,September,2026-09,2026-09-01,2026-09-30,Q3,2026,3,Q1,2027,FY2027-M03,FY2027-Q1,False,True,983
20260911,2026-09-11,11,Friday,5,37,2026-09-07,2026-09-13,9,September,2026-09,2026-09-01,2026-09-30,Q3,2026,3,Q1,2027,FY2027-M03,FY2027-Q1,False,True,984
20260912,2026-09-12,12,Saturday,6,37,2026-09-07,2026-09-13,9,September,2026-09,2026-09-01,2026-09-30,Q3,2026,3,Q1,2027,FY2027-M03,FY2027-Q1,True,False,985
20260913,2026-09-13,13,Sunday,7,37,2026-09-07,2026-09-13,9,September,2026-09,2026-09-01,2026-09-30,Q3,2026,3,Q1,2027,FY2027-M03,FY2027-Q1,True,False,986
20260914,2026-09-14,14,Monday,1,38,2026-09-14,2026-09-20,9,September,2026-09,2026-09-01,2026-09-30,Q3,2026,3,Q1,2027,FY2027-M03,FY2027-Q1,False,True,987
20260915,2026-09-15,15,Tuesday,2,38,2026-09-14,2026-09-20,9,September,2026-09,2026-09-01,2026-09-30,Q3,2026,3,Q1,2027,FY2027-M03,FY2027-Q1,False,True,988
20260916,2026-09-16,16,Wednesday,3,38,2026-09-14,2026-09-20,9,September,2026-09,2026-09-01,2026-09-30,Q3,2026,3,Q1,2027,FY2027-M03,FY2027-Q1,False,True,989
20260917,2026-09-17,17,Thursday,4,38,2026-09-14,2026-09-20,9,September,2026-09,2026-09-01,2026-09-30,Q3,2026,3,Q1,2027,FY2027-M03,FY2027-Q1,False,True,990
20260918,2026-09-18,18,Friday,5,38,2026-09-14,2026-09-20,9,September,2026-09,2026-09-01,2026-09-30,Q3,2026,3,Q1,2027,FY2027-M03,FY2027-Q1,False,True,991
20260919,2026-09-19,19,Saturday,6,38,2026-09-14,2026-09-20,9,September,2026-09,2026-09-01,2026-09-30,Q3,2026,3,Q1,2027,FY2027-M03,FY2027-Q1,True,False,992
20260920,2026-09-20,20,Sunday,7,38,2026-09-14,2026-09-20,9,September,2026-09,2026-09-01,2026-09-30,Q3,2026,3,Q1,2027,FY2027-M03,FY2027-Q1,True,False,993
20260921,2026-09-21,21,Monday,1,39,2026-09-21,2026-09-27,9,September,2026-09,2026-09-01,2026-09-30,Q3,2026,3,Q1,2027,FY2027-M03,FY2027-Q1,False,True,994
20260922,2026-09-22,22,Tuesday,2,39,2026-09-21,2026-09-27,9,September,2026-09,2026-09-01,2026-09-30,Q3,2026,3,Q1,2027,FY2027-M03,FY2027-Q1,False,True,995
20260923,2026-09-23,23,Wednesday,3,39,2026-09-21,2026-09-27,9,September,2026-09,2026-09-01,2026-09-30,Q3,2026,3,Q1,2027,FY2027-M03,FY2027-Q1,False,True,996
20260924,2026-09-24,24,Thursday,4,39,2026-09-21,2026-09-27,9,September,2026-09,2026-09-01,2026-09-30,Q3,2026,3,Q1,2027,FY2027-M03,FY2027-Q1,False,True,997
20260925,2026-09-25,25,Friday,5,39,2026-09-21,2026-09-27,9,September,2026-09,2026-09-01,2026-09-30,Q3,2026,3,Q1,2027,FY2027-M03,FY2027-Q1,False,True,998
20260926,2026-09-26,26,Saturday,6,39,2026-09-21,2026-09-27,9,September,2026-09,2026-09-01,2026-09-30,Q3,2026,3,Q1,2027,FY2027-M03,FY2027-Q1,True,False,999
20260927,2026-09-27,27,Sunday,7,39,2026-09-21,2026-09-27,9,September,2026-09,2026-09-01,2026-09-30,Q3,2026,3,Q1,2027,FY2027-M03,FY2027-Q1,True,False,1000
20260928,2026-09-28,28,Monday,1,40,2026-09-28,2026-10-04,9,September,2026-09,2026-09-01,2026-09-30,Q3,2026,3,Q1,2027,FY2027-M03,FY2027-Q1,False,True,1001
20260929,2026-09-29,29,Tuesday,2,40,2026-09-28,2026-10-04,9,September,2026-09,2026-09-01,2026-09-30,Q3,2026,3,Q1,2027,FY2027-M03,FY2027-Q1,False,True,1002
20260930,2026-09-30,30,Wednesday,3,40,2026-09-28,2026-10-04,9,September,2026-09,2026-09-01,2026-09-30,Q3,2026,3,Q1,2027,FY2027-M03,FY2027-Q1,False,True,1003
20261001,2026-10-01,1,Thursday,4,40,2026-09-28,2026-10-04,10,October,2026-10,2026-10-01,2026-10-31,Q4,2026,4,Q2,2027,FY2027-M04,FY2027-Q2,False,True,1004
20261002,2026-10-02,2,Friday,5,40,2026-09-28,2026-10-04,10,October,2026-10,2026-10-01,2026-10-31,Q4,2026,4,Q2,2027,FY2027-M04,FY2027-Q2,False,True,1005
20261003,2026-10-03,3,Saturday,6,40,2026-09-28,2026-10-04,10,October,2026-10,2026-10-01,2026-10-31,Q4,2026,4,Q2,2027,FY2027-M04,FY2027-Q2,True,False,1006
20261004,2026-10-04,4,Sunday,7,40,2026-09-28,2026-10-04,10,October,2026-10,2026-10-01,2026-10-31,Q4,2026,4,Q2,2027,FY2027-M04,FY2027-Q2,True,False,1007
20261005,2026-10-05,5,Monday,1,41,2026-10-05,2026-10-11,10,October,2026-10,2026-10-01,2026-10-31,Q4,2026,4,Q2,2027,FY2027-M04,FY2027-Q2,False,True,1008
20261006,2026-10-06,6,Tuesday,2,41,2026-10-05,2026-10-11,10,October,2026-10,2026-10-01,2026-10-31,Q4,2026,4,Q2,2027,FY2027-M04,FY2027-Q2,False,True,1009
20261007,2026-10-07,7,Wednesday,3,41,2026-10-05,2026-10-11,10,October,2026-10,2026-10-01,2026-10-31,Q4,2026,4,Q2,2027,FY2027-M04,FY2027-Q2,False,True,1010
20261008,2026-10-08,8,Thursday,4,41,2026-10-05,2026-10-11,10,October,2026-10,2026-10-01,2026-10-31,Q4,2026,4,Q2,2027,FY2027-M04,FY2027-Q2,False,True,1011
20261009,2026-10-09,9,Friday,5,41,2026-10-05,2026-10-11,10,October,2026-10,2026-10-01,2026-10-31,Q4,2026,4,Q2,2027,FY2027-M04,FY2027-Q2,False,True,1012
20261010,2026-10-10,10,Saturday,6,41,2026-10-05,2026-10-11,10,October,2026-10,2026-10-01,2026-10-31,Q4,2026,4,Q2,2027,FY2027-M04,FY2027-Q2,True,False,1013
20261011,2026-10-11,11,Sunday,7,41,2026-10-05,2026-10-11,10,October,2026-10,2026-10-01,2026-10-31,Q4,2026,4,Q2,2027,FY2027-M04,FY2027-Q2,True,False,1014
20261012,2026-10-12,12,Monday,1,42,2026-10-12,2026-10-18,10,October,2026-10,2026-10-01,2026-10-31,Q4,2026,4,Q2,2027,FY2027-M04,FY2027-Q2,False,True,1015
20261013,2026-10-13,13,Tuesday,2,42,2026-10-12,2026-10-18,10,October,2026-10,2026-10-01,2026-10-31,Q4,2026,4,Q2,2027,FY2027-M04,FY2027-Q2,False,True,1016
20261014,2026-10-14,14,Wednesday,3,42,2026-10-12,2026-10-18,10,October,2026-10,2026-10-01,2026-10-31,Q4,2026,4,Q2,2027,FY2027-M04,FY2027-Q2,False,True,1017
20261015,2026-10-15,15,Thursday,4,42,2026-10-12,2026-10-18,10,October,2026-10,2026-10-01,2026-10-31,Q4,2026,4,Q2,2027,FY2027-M04,FY2027-Q2,False,True,1018
20261016,2026-10-16,16,Friday,5,42,2026-10-12,2026-10-18,10,October,2026-10,2026-10-01,2026-10-31,Q4,2026,4,Q2,2027,FY2027-M04,FY2027-Q2,False,True,1019
20261017,2026-10-17,17,Saturday,6,42,2026-10-12,2026-10-18,10,October,2026-10,2026-10-01,2026-10-31,Q4,2026,4,Q2,2027,FY2027-M04,FY2027-Q2,True,False,1020
20261018,2026-10-18,18,Sunday,7,42,2026-10-12,2026-10-18,10,October,2026-10,2026-10-01,2026-10-31,Q4,2026,4,Q2,2027,FY2027-M04,FY2027-Q2,True,False,1021
20261019,2026-10-19,19,Monday,1,43,2026-10-19,2026-10-25,10,October,2026-10,2026-10-01,2026-10-31,Q4,2026,4,Q2,2027,FY2027-M04,FY2027-Q2,False,True,1022
20261020,2026-10-20,20,Tuesday,2,43,2026-10-19,2026-10-25,10,October,2026-10,2026-10-01,2026-10-31,Q4,2026,4,Q2,2027,FY2027-M04,FY2027-Q2,False,True,1023
20261021,2026-10-21,21,Wednesday,3,43,2026-10-19,2026-10-25,10,October,2026-10,2026-10-01,2026-10-31,Q4,2026,4,Q2,2027,FY2027-M04,FY2027-Q2,False,True,1024
20261022,2026-10-22,22,Thursday,4,43,2026-10-19,2026-10-25,10,October,2026-10,2026-10-01,2026-10-31,Q4,2026,4,Q2,2027,FY2027-M04,FY2027-Q2,False,True,1025
20261023,2026-10-23,23,Friday,5,43,2026-10-19,2026-10-25,10,October,2026-10,2026-10-01,2026-10-31,Q4,2026,4,Q2,2027,FY2027-M04,FY2027-Q2,False,True,1026
20261024,2026-10-24,24,Saturday,6,43,2026-10-19,2026-10-25,10,October,2026-10,2026-10-01,2026-10-31,Q4,2026,4,Q2,2027,FY2027-M04,FY2027-Q2,True,False,1027
20261025,2026-10-25,25,Sunday,7,43,2026-10-19,2026-10-25,10,October,2026-10,2026-10-01,2026-10-31,Q4,2026,4,Q2,2027,FY2027-M04,FY2027-Q2,True,False,1028
20261026,2026-10-26,26,Monday,1,44,2026-10-26,2026-11-01,10,October,2026-10,2026-10-01,2026-10-31,Q4,2026,4,Q2,2027,FY2027-M04,FY2027-Q2,False,True,1029
20261027,2026-10-27,27,Tuesday,2,44,2026-10-26,2026-11-01,10,October,2026-10,2026-10-01,2026-10-31,Q4,2026,4,Q2,2027,FY2027-M04,FY2027-Q2,False,True,1030
20261028,2026-10-28,28,Wednesday,3,44,2026-10-26,2026-11-01,10,October,2026-10,2026-10-01,2026-10-31,Q4,2026,4,Q2,2027,FY2027-M04,FY2027-Q2,False,True,1031
20261029,2026-10-29,29,Thursday,4,44,2026-10-26,2026-11-01,10,October,2026-10,2026-10-01,2026-10-31,Q4,2026,4,Q2,2027,FY2027-M04,FY2027-Q2,False,True,1032
20261030,2026-10-30,30,Friday,5,44,2026-10-26,2026-11-01,10,October,2026-10,2026-10-01,2026-10-31,Q4,2026,4,Q2,2027,FY2027-M04,FY2027-Q2,False,True,1033
20261031,2026-10-31,31,Saturday,6,44,2026-10-26,2026-11-01,10,October,2026-10,2026-10-01,2026-10-31,Q4,2026,4,Q2,2027,FY2027-M04,FY2027-Q2,True,False,1034
20261101,2026-11-01,1,Sunday,7,44,2026-10-26,2026-11-01,11,November,2026-11,2026-11-01,2026-11-30,Q4,2026,5,Q2,2027,FY2027-M05,FY2027-Q2,True,False,1035
20261102,2026-11-02,2,Monday,1,45,2026-11-02,2026-11-08,11,November,2026-11,2026-11-01,2026-11-30,Q4,2026,5,Q2,2027,FY2027-M05,FY2027-Q2,False,True,1036
20261103,2026-11-03,3,Tuesday,2,45,2026-11-02,2026-11-08,11,November,2026-11,2026-11-01,2026-11-30,Q4,2026,5,Q2,2027,FY2027-M05,FY2027-Q2,False,True,1037
20261104,2026-11-04,4,Wednesday,3,45,2026-11-02,2026-11-08,11,November,2026-11,2026-11-01,2026-11-30,Q4,2026,5,Q2,2027,FY2027-M05,FY2027-Q2,False,True,1038
20261105,2026-11-05,5,Thursday,4,45,2026-11-02,2026-11-08,11,November,2026-11,2026-11-01,2026-11-30,Q4,2026,5,Q2,2027,FY2027-M05,FY2027-Q2,False,True,1039
20261106,2026-11-06,6,Friday,5,45,2026-11-02,2026-11-08,11,November,2026-11,2026-11-01,2026-11-30,Q4,2026,5,Q2,2027,FY2027-M05,FY2027-Q2,False,True,1040
20261107,2026-11-07,7,Saturday,6,45,2026-11-02,2026-11-08,11,November,2026-11,2026-11-01,2026-11-30,Q4,2026,5,Q2,2027,FY2027-M05,FY2027-Q2,True,False,1041
20261108,2026-11-08,8,Sunday,7,45,2026-11-02,2026-11-08,11,November,2026-11,2026-11-01,2026-11-30,Q4,2026,5,Q2,2027,FY2027-M05,FY2027-Q2,True,False,1042
20261109,2026-11-09,9,Monday,1,46,2026-11-09,2026-11-15,11,November,2026-11,2026-11-01,2026-11-30,Q4,2026,5,Q2,2027,FY2027-M05,FY2027-Q2,False,True,1043
20261110,2026-11-10,10,Tuesday,2,46,2026-11-09,2026-11-15,11,November,2026-11,2026-11-01,2026-11-30,Q4,2026,5,Q2,2027,FY2027-M05,FY2027-Q2,False,True,1044
20261111,2026-11-11,11,Wednesday,3,46,2026-11-09,2026-11-15,11,November,2026-11,2026-11-01,2026-11-30,Q4,2026,5,Q2,2027,FY2027-M05,FY2027-Q2,False,True,1045
20261112,2026-11-12,12,Thursday,4,46,2026-11-09,2026-11-15,11,November,2026-11,2026-11-01,2026-11-30,Q4,2026,5,Q2,2027,FY2027-M05,FY2027-Q2,False,True,1046
20261113,2026-11-13,13,Friday,5,46,2026-11-09,2026-11-15,11,November,2026-11,2026-11-01,2026-11-30,Q4,2026,5,Q2,2027,FY2027-M05,FY2027-Q2,False,True,1047
20261114,2026-11-14,14,Saturday,6,46,2026-11-09,2026-11-15,11,November,2026-11,2026-11-01,2026-11-30,Q4,2026,5,Q2,2027,FY2027-M05,FY2027-Q2,True,False,1048
20261115,2026-11-15,15,Sunday,7,46,2026-11-09,2026-11-15,11,November,2026-11,2026-11-01,2026-11-30,Q4,2026,5,Q2,2027,FY2027-M05,FY2027-Q2,True,False,1049
20261116,2026-11-16,16,Monday,1,47,2026-11-16,2026-11-22,11,November,2026-11,2026-11-01,2026-11-30,Q4,2026,5,Q2,2027,FY2027-M05,FY2027-Q2,False,True,1050
20261117,2026-11-17,17,Tuesday,2,47,2026-11-16,2026-11-22,11,November,2026-11,2026-11-01,2026-11-30,Q4,2026,5,Q2,2027,FY2027-M05,FY2027-Q2,False,True,1051
20261118,2026-11-18,18,Wednesday,3,47,2026-11-16,2026-11-22,11,November,2026-11,2026-11-01,2026-11-30,Q4,2026,5,Q2,2027,FY2027-M05,FY2027-Q2,False,True,1052
20261119,2026-11-19,19,Thursday,4,47,2026-11-16,2026-11-22,11,November,2026-11,2026-11-01,2026-11-30,Q4,2026,5,Q2,2027,FY2027-M05,FY2027-Q2,False,True,1053
20261120,2026-11-20,20,Friday,5,47,2026-11-16,2026-11-22,11,November,2026-11,2026-11-01,2026-11-30,Q4,2026,5,Q2,2027,FY2027-M05,FY2027-Q2,False,True,1054
20261121,2026-11-21,21,Saturday,6,47,2026-11-16,2026-11-22,11,November,2026-11,2026-11-01,2026-11-30,Q4,2026,5,Q2,2027,FY2027-M05,FY2027-Q2,True,False,1055
20261122,2026-11-22,22,Sunday,7,47,2026-11-16,2026-11-22,11,November,2026-11,2026-11-01,2026-11-30,Q4,2026,5,Q2,2027,FY2027-M05,FY2027-Q2,True,False,1056
20261123,2026-11-23,23,Monday,1,48,2026-11-23,2026-11-29,11,November,2026-11,2026-11-01,2026-11-30,Q4,2026,5,Q2,2027,FY2027-M05,FY2027-Q2,False,True,1057
20261124,2026-11-24,24,Tuesday,2,48,2026-11-23,2026-11-29,11,November,2026-11,2026-11-01,2026-11-30,Q4,2026,5,Q2,2027,FY2027-M05,FY2027-Q2,False,True,1058
20261125,2026-11-25,25,Wednesday,3,48,2026-11-23,2026-11-29,11,November,2026-11,2026-11-01,2026-11-30,Q4,2026,5,Q2,2027,FY2027-M05,FY2027-Q2,False,True,1059
20261126,2026-11-26,26,Thursday,4,48,2026-11-23,2026-11-29,11,November,2026-11,2026-11-01,2026-11-30,Q4,2026,5,Q2,2027,FY2027-M05,FY2027-Q2,False,True,1060
20261127,2026-11-27,27,Friday,5,48,2026-11-23,2026-11-29,11,November,2026-11,2026-11-01,2026-11-30,Q4,2026,5,Q2,2027,FY2027-M05,FY2027-Q2,False,True,1061
20261128,2026-11-28,28,Saturday,6,48,2026-11-23,2026-11-29,11,November,2026-11,2026-11-01,2026-11-30,Q4,2026,5,Q2,2027,FY2027-M05,FY2027-Q2,True,False,1062
20261129,2026-11-29,29,Sunday,7,48,2026-11-23,2026-11-29,11,November,2026-11,2026-11-01,2026-11-30,Q4,2026,5,Q2,2027,FY2027-M05,FY2027-Q2,True,False,1063
20261130,2026-11-30,30,Monday,1,49,2026-11-30,2026-12-06,11,November,2026-11,2026-11-01,2026-11-30,Q4,2026,5,Q2,2027,FY2027-M05,FY2027-Q2,False,True,1064
20261201,2026-12-01,1,Tuesday,2,49,2026-11-30,2026-12-06,12,December,2026-12,2026-12-01,2026-12-31,Q4,2026,6,Q2,2027,FY2027-M06,FY2027-Q2,False,True,1065
20261202,2026-12-02,2,Wednesday,3,49,2026-11-30,2026-12-06,12,December,2026-12,2026-12-01,2026-12-31,Q4,2026,6,Q2,2027,FY2027-M06,FY2027-Q2,False,True,1066
20261203,2026-12-03,3,Thursday,4,49,2026-11-30,2026-12-06,12,December,2026-12,2026-12-01,2026-12-31,Q4,2026,6,Q2,2027,FY2027-M06,FY2027-Q2,False,True,1067
20261204,2026-12-04,4,Friday,5,49,2026-11-30,2026-12-06,12,December,2026-12,2026-12-01,2026-12-31,Q4,2026,6,Q2,2027,FY2027-M06,FY2027-Q2,False,True,1068
20261205,2026-12-05,5,Saturday,6,49,2026-11-30,2026-12-06,12,December,2026-12,2026-12-01,2026-12-31,Q4,2026,6,Q2,2027,FY2027-M06,FY2027-Q2,True,False,1069
20261206,2026-12-06,6,Sunday,7,49,2026-11-30,2026-12-06,12,December,2026-12,2026-12-01,2026-12-31,Q4,2026,6,Q2,2027,FY2027-M06,FY2027-Q2,True,False,1070
20261207,2026-12-07,7,Monday,1,50,2026-12-07,2026-12-13,12,December,2026-12,2026-12-01,2026-12-31,Q4,2026,6,Q2,2027,FY2027-M06,FY2027-Q2,False,True,1071
20261208,2026-12-08,8,Tuesday,2,50,2026-12-07,2026-12-13,12,December,2026-12,2026-12-01,2026-12-31,Q4,2026,6,Q2,2027,FY2027-M06,FY2027-Q2,False,True,1072
20261209,2026-12-09,9,Wednesday,3,50,2026-12-07,2026-12-13,12,December,2026-12,2026-12-01,2026-12-31,Q4,2026,6,Q2,2027,FY2027-M06,FY2027-Q2,False,True,1073
20261210,2026-12-10,10,Thursday,4,50,2026-12-07,2026-12-13,12,December,2026-12,2026-12-01,2026-12-31,Q4,2026,6,Q2,2027,FY2027-M06,FY2027-Q2,False,True,1074
20261211,2026-12-11,11,Friday,5,50,2026-12-07,2026-12-13,12,December,2026-12,2026-12-01,2026-12-31,Q4,2026,6,Q2,2027,FY2027-M06,FY2027-Q2,False,True,1075
20261212,2026-12-12,12,Saturday,6,50,2026-12-07,2026-12-13,12,December,2026-12,2026-12-01,2026-12-31,Q4,2026,6,Q2,2027,FY2027-M06,FY2027-Q2,True,False,1076
20261213,2026-12-13,13,Sunday,7,50,2026-12-07,2026-12-13,12,December,2026-12,2026-12-01,2026-12-31,Q4,2026,6,Q2,2027,FY2027-M06,FY2027-Q2,True,False,1077
20261214,2026-12-14,14,Monday,1,51,2026-12-14,2026-12-20,12,December,2026-12,2026-12-01,2026-12-31,Q4,2026,6,Q2,2027,FY2027-M06,FY2027-Q2,False,True,1078
20261215,2026-12-15,15,Tuesday,2,51,2026-12-14,2026-12-20,12,December,2026-12,2026-12-01,2026-12-31,Q4,2026,6,Q2,2027,FY2027-M06,FY2027-Q2,False,True,1079
20261216,2026-12-16,16,Wednesday,3,51,2026-12-14,2026-12-20,12,December,2026-12,2026-12-01,2026-12-31,Q4,2026,6,Q2,2027,FY2027-M06,FY2027-Q2,False,True,1080
20261217,2026-12-17,17,Thursday,4,51,2026-12-14,2026-12-20,12,December,2026-12,2026-12-01,2026-12-31,Q4,2026,6,Q2,2027,FY2027-M06,FY2027-Q2,False,True,1081
20261218,2026-12-18,18,Friday,5,51,2026-12-14,2026-12-20,12,December,2026-12,2026-12-01,2026-12-31,Q4,2026,6,Q2,2027,FY2027-M06,FY2027-Q2,False,True,1082
20261219,2026-12-19,19,Saturday,6,51,2026-12-14,2026-12-20,12,December,2026-12,2026-12-01,2026-12-31,Q4,2026,6,Q2,2027,FY2027-M06,FY2027-Q2,True,False,1083
20261220,2026-12-20,20,Sunday,7,51,2026-12-14,2026-12-20,12,December,2026-12,2026-12-01,2026-12-31,Q4,2026,6,Q2,2027,FY2027-M06,FY2027-Q2,True,False,1084
20261221,2026-12-21,21,Monday,1,52,2026-12-21,2026-12-27,12,December,2026-12,2026-12-01,2026-12-31,Q4,2026,6,Q2,2027,FY2027-M06,FY2027-Q2,False,True,1085
20261222,2026-12-22,22,Tuesday,2,52,2026-12-21,2026-12-27,12,December,2026-12,2026-12-01,2026-12-31,Q4,2026,6,Q2,2027,FY2027-M06,FY2027-Q2,False,True,1086
20261223,2026-12-23,23,Wednesday,3,52,2026-12-21,2026-12-27,12,December,2026-12,2026-12-01,2026-12-31,Q4,2026,6,Q2,2027,FY2027-M06,FY2027-Q2,False,True,1087
20261224,2026-12-24,24,Thursday,4,52,2026-12-21,2026-12-27,12,December,2026-12,2026-12-01,2026-12-31,Q4,2026,6,Q2,2027,FY2027-M06,FY2027-Q2,False,True,1088
20261225,2026-12-25,25,Friday,5,52,2026-12-21,2026-12-27,12,December,2026-12,2026-12-01,2026-12-31,Q4,2026,6,Q2,2027,FY2027-M06,FY2027-Q2,False,True,1089
20261226,2026-12-26,26,Saturday,6,52,2026-12-21,2026-12-27,12,December,2026-12,2026-12-01,2026-12-31,Q4,2026,6,Q2,2027,FY2027-M06,FY2027-Q2,True,False,1090
20261227,2026-12-27,27,Sunday,7,52,2026-12-21,2026-12-27,12,December,2026-12,2026-12-01,2026-12-31,Q4,2026,6,Q2,2027,FY2027-M06,FY2027-Q2,True,False,1091
20261228,2026-12-28,28,Monday,1,53,2026-12-28,2027-01-03,12,December,2026-12,2026-12-01,2026-12-31,Q4,2026,6,Q2,2027,FY2027-M06,FY2027-Q2,False,True,1092
20261229,2026-12-29,29,Tuesday,2,53,2026-12-28,2027-01-03,12,December,2026-12,2026-12-01,2026-12-31,Q4,2026,6,Q2,2027,FY2027-M06,FY2027-Q2,False,True,1093
20261230,2026-12-30,30,Wednesday,3,53,2026-12-28,2027-01-03,12,December,2026-12,2026-12-01,2026-12-31,Q4,2026,6,Q2,2027,FY2027-M06,FY2027-Q2,False,True,1094
20261231,2026-12-31,31,Thursday,4,53,2026-12-28,2027-01-03,12,December,2026-12,2026-12-01,2026-12-31,Q4,2026,6,Q2,2027,FY2027-M06,FY2027-Q2,False,True,1095
