target_month_key,target_month,region_id,product_id,target_policy_count,target_revenue
202401,2024-01-01,GP01,P001,33,33041.52
202401,2024-01-01,GP01,P002,25,10752.78
202401,2024-01-01,GP01,P003,18,12852.03
202401,2024-01-01,GP01,P004,19,7172.52
202401,2024-01-01,GP01,P005,42,9138.16
202401,2024-01-01,GP01,P006,30,16403.42
202401,2024-01-01,GP01,P007,21,7248.1
202401,2024-01-01,GP01,P008,16,2674.99
202401,2024-01-01,GP01,P009,16,4290.9
202401,2024-01-01,GP02,P001,36,34553.36
202401,2024-01-01,GP02,P002,26,10712.3
202401,2024-01-01,GP02,P003,18,12824.75
202401,2024-01-01,GP02,P004,20,7593.85
202401,2024-01-01,GP02,P005,41,8946.26
202401,2024-01-01,GP02,P006,29,15996.79
202401,2024-01-01,GP02,P007,24,7713.59
202401,2024-01-01,GP02,P008,16,2703.85
202401,2024-01-01,GP02,P009,18,4623.01
202401,2024-01-01,GP03,P001,33,33586.47
202401,2024-01-01,GP03,P002,25,10264.03
202401,2024-01-01,GP03,P003,22,15439.66
202401,2024-01-01,GP03,P004,21,7830.8
202401,2024-01-01,GP03,P005,48,9780.51
202401,2024-01-01,GP03,P006,33,19027.14
202401,2024-01-01,GP03,P007,23,7644.37
202401,2024-01-01,GP03,P008,18,3011.1
202401,2024-01-01,GP03,P009,19,5147.8
202401,2024-01-01,GP04,P001,27,26969.97
202401,2024-01-01,GP04,P002,23,9858.96
202401,2024-01-01,GP04,P003,18,13303.2
202401,2024-01-01,GP04,P004,18,6900.68
202401,2024-01-01,GP04,P005,38,8166.81
202401,2024-01-01,GP04,P006,26,15038.65
202401,2024-01-01,GP04,P007,19,6171.17
202401,2024-01-01,GP04,P008,14,2350.44
202401,2024-01-01,GP04,P009,16,4219.38
202401,2024-01-01,GP05,P001,31,31687.48
202401,2024-01-01,GP05,P002,25,10817.41
202401,2024-01-01,GP05,P003,17,12370.37
202401,2024-01-01,GP05,P004,19,7200.59
202401,2024-01-01,GP05,P005,38,7790.66
202401,2024-01-01,GP05,P006,27,15676.69
202401,2024-01-01,GP05,P007,21,7274.08
202401,2024-01-01,GP05,P008,14,2347.44
202401,2024-01-01,GP05,P009,17,4396.58
202401,2024-01-01,WC01,P001,31,31661.28
202401,2024-01-01,WC01,P002,25,10766.4
202401,2024-01-01,WC01,P003,19,13579.97
202401,2024-01-01,WC01,P004,20,7580.22
202401,2024-01-01,WC01,P005,41,9037.23
202401,2024-01-01,WC01,P006,29,16109.67
202401,2024-01-01,WC01,P007,21,6981.95
202401,2024-01-01,WC01,P008,16,2644.02
202401,2024-01-01,WC01,P009,17,4575.26
202401,2024-01-01,WC02,P001,29,28630.24
202401,2024-01-01,WC02,P002,22,9633.26
202401,2024-01-01,WC02,P003,17,12197.31
202401,2024-01-01,WC02,P004,20,7676.02
202401,2024-01-01,WC02,P005,36,7923.56
202401,2024-01-01,WC02,P006,26,14806.66
202401,2024-01-01,WC02,P007,20,6901.69
202401,2024-01-01,WC02,P008,15,2484.71
202401,2024-01-01,WC02,P009,16,4260.83
202401,2024-01-01,WC03,P001,28,27250.53
202401,2024-01-01,WC03,P002,24,9951.01
202401,2024-01-01,WC03,P003,16,11984.4
202401,2024-01-01,WC03,P004,20,7550.77
202401,2024-01-01,WC03,P005,41,8433.27
202401,2024-01-01,WC03,P006,25,14001.49
202401,2024-01-01,WC03,P007,19,6260.47
202401,2024-01-01,WC03,P008,16,2571.73
202401,2024-01-01,WC03,P009,17,4602.31
202401,2024-01-01,WC04,P001,26,26110.78
202401,2024-01-01,WC04,P002,20,8551.18
202401,2024-01-01,WC04,P003,17,12060.74
202401,2024-01-01,WC04,P004,18,6876.34
202401,2024-01-01,WC04,P005,36,7698.62
202401,2024-01-01,WC04,P006,26,14662.58
202401,2024-01-01,WC04,P007,18,5801.94
202401,2024-01-01,WC04,P008,14,2293.55
202401,2024-01-01,WC04,P009,15,3857.12
202401,2024-01-01,KZN01,P001,28,28169.95
202401,2024-01-01,KZN01,P002,24,10555.01
202401,2024-01-01,KZN01,P003,18,13175.53
202401,2024-01-01,KZN01,P004,18,6679.28
202401,2024-01-01,KZN01,P005,39,8301.09
202401,2024-01-01,KZN01,P006,25,13696.71
202401,2024-01-01,KZN01,P007,20,6537.39
202401,2024-01-01,KZN01,P008,15,2474.92
202401,2024-01-01,KZN01,P009,16,4297.19
202401,2024-01-01,KZN02,P001,24,23513.01
202401,2024-01-01,KZN02,P002,19,8218.09
202401,2024-01-01,KZN02,P003,14,10254.01
202401,2024-01-01,KZN02,P004,16,6128.34
202401,2024-01-01,KZN02,P005,36,7820.43
202401,2024-01-01,KZN02,P006,22,12556.56
202401,2024-01-01,KZN02,P007,17,5567.16
202401,2024-01-01,KZN02,P008,12,1993.51
202401,2024-01-01,KZN02,P009,14,3676.12
202401,2024-01-01,KZN03,P001,24,23355.37
202401,2024-01-01,KZN03,P002,17,7178.23
202401,2024-01-01,KZN03,P003,13,9471.44
202401,2024-01-01,KZN03,P004,15,5862.66
202401,2024-01-01,KZN03,P005,29,5938.3
202401,2024-01-01,KZN03,P006,22,11982.51
202401,2024-01-01,KZN03,P007,16,5188.74
202401,2024-01-01,KZN03,P008,12,2046.68
202401,2024-01-01,KZN03,P009,13,3447.37
202401,2024-01-01,KZN04,P001,29,27822.94
202401,2024-01-01,KZN04,P002,21,9187.23
202401,2024-01-01,KZN04,P003,17,12607.28
202401,2024-01-01,KZN04,P004,17,6577.86
202401,2024-01-01,KZN04,P005,38,7994.25
202401,2024-01-01,KZN04,P006,26,14539.7
202401,2024-01-01,KZN04,P007,19,6542.03
202401,2024-01-01,KZN04,P008,15,2403.86
202401,2024-01-01,KZN04,P009,15,3976.44
202401,2024-01-01,EC01,P001,22,22320.64
202401,2024-01-01,EC01,P002,18,7549.44
202401,2024-01-01,EC01,P003,13,9603.47
202401,2024-01-01,EC01,P004,15,5839.26
202401,2024-01-01,EC01,P005,33,6761.75
202401,2024-01-01,EC01,P006,21,12277.63
202401,2024-01-01,EC01,P007,16,5384.06
202401,2024-01-01,EC01,P008,11,1879.09
202401,2024-01-01,EC01,P009,12,3033.63
202401,2024-01-01,EC02,P001,18,18196.94
202401,2024-01-01,EC02,P002,15,6183.72
202401,2024-01-01,EC02,P003,11,8129.94
202401,2024-01-01,EC02,P004,13,4976.89
202401,2024-01-01,EC02,P005,28,6084.72
202401,2024-01-01,EC02,P006,17,9356.36
202401,2024-01-01,EC02,P007,14,4752.55
202401,2024-01-01,EC02,P008,10,1629.37
202401,2024-01-01,EC02,P009,11,2794.91
202401,2024-01-01,EC03,P001,20,19808.29
202401,2024-01-01,EC03,P002,16,6641.76
202401,2024-01-01,EC03,P003,12,8838.37
202401,2024-01-01,EC03,P004,12,4423.57
202401,2024-01-01,EC03,P005,28,6165.84
202401,2024-01-01,EC03,P006,19,10483.75
202401,2024-01-01,EC03,P007,13,4477.01
202401,2024-01-01,EC03,P008,11,1851.85
202401,2024-01-01,EC03,P009,10,2641.79
202401,2024-01-01,FS01,P001,19,18954.07
202401,2024-01-01,FS01,P002,16,6527.22
202401,2024-01-01,FS01,P003,11,7793.62
202401,2024-01-01,FS01,P004,13,4953.01
202401,2024-01-01,FS01,P005,26,5628.43
202401,2024-01-01,FS01,P006,18,10442.74
202401,2024-01-01,FS01,P007,12,4147.33
202401,2024-01-01,FS01,P008,10,1622.99
202401,2024-01-01,FS01,P009,11,2863.7
202401,2024-01-01,FS02,P001,18,18245.08
202401,2024-01-01,FS02,P002,15,6191.87
202401,2024-01-01,FS02,P003,11,7829.95
202401,2024-01-01,FS02,P004,12,4463.49
202401,2024-01-01,FS02,P005,25,5319.56
202401,2024-01-01,FS02,P006,15,8308.13
202401,2024-01-01,FS02,P007,12,4041.19
202401,2024-01-01,FS02,P008,9,1495.51
202401,2024-01-01,FS02,P009,10,2695.95
202401,2024-01-01,LP01,P001,16,15585.07
202401,2024-01-01,LP01,P002,14,5808.92
202401,2024-01-01,LP01,P003,10,7229.09
202401,2024-01-01,LP01,P004,11,4062.89
202401,2024-01-01,LP01,P005,25,5441.25
202401,2024-01-01,LP01,P006,15,8205.36
202401,2024-01-01,LP01,P007,12,3923.15
202401,2024-01-01,LP01,P008,9,1497.65
202401,2024-01-01,LP01,P009,9,2414.91
202401,2024-01-01,LP02,P001,18,18295.17
202401,2024-01-01,LP02,P002,13,5441.77
202401,2024-01-01,LP02,P003,11,8172.55
202401,2024-01-01,LP02,P004,12,4460.89
202401,2024-01-01,LP02,P005,25,5304.39
202401,2024-01-01,LP02,P006,18,10083.69
202401,2024-01-01,LP02,P007,13,4405.52
202401,2024-01-01,LP02,P008,10,1722.79
202401,2024-01-01,LP02,P009,11,2802.34
202401,2024-01-01,MP01,P001,18,17995.64
202401,2024-01-01,MP01,P002,13,5590.61
202401,2024-01-01,MP01,P003,11,7915.1
202401,2024-01-01,MP01,P004,12,4599.41
202401,2024-01-01,MP01,P005,26,5575.29
202401,2024-01-01,MP01,P006,16,8794.44
202401,2024-01-01,MP01,P007,12,3983.35
202401,2024-01-01,MP01,P008,10,1683.26
202401,2024-01-01,MP01,P009,10,2702.99
202401,2024-01-01,MP02,P001,19,19498.41
202401,2024-01-01,MP02,P002,16,6570.31
202401,2024-01-01,MP02,P003,12,8430.43
202401,2024-01-01,MP02,P004,13,4982.38
202401,2024-01-01,MP02,P005,27,5623.31
202401,2024-01-01,MP02,P006,18,10285.06
202401,2024-01-01,MP02,P007,15,5102.92
202401,2024-01-01,MP02,P008,11,1826.59
202401,2024-01-01,MP02,P009,12,3144.64
202401,2024-01-01,NW01,P001,17,16747.44
202401,2024-01-01,NW01,P002,16,6753.62
202401,2024-01-01,NW01,P003,10,7523.83
202401,2024-01-01,NW01,P004,11,4222.54
202401,2024-01-01,NW01,P005,27,5848.66
202401,2024-01-01,NW01,P006,16,8943.27
202401,2024-01-01,NW01,P007,12,3910.92
202401,2024-01-01,NW01,P008,10,1637.31
202401,2024-01-01,NW01,P009,10,2694.86
202401,2024-01-01,NW02,P001,20,19970.55
202401,2024-01-01,NW02,P002,16,7054.84
202401,2024-01-01,NW02,P003,12,8609.83
202401,2024-01-01,NW02,P004,12,4425.65
202401,2024-01-01,NW02,P005,29,5987.68
202401,2024-01-01,NW02,P006,19,11098.88
202401,2024-01-01,NW02,P007,14,4772.66
202401,2024-01-01,NW02,P008,10,1684.27
202401,2024-01-01,NW02,P009,12,3167.08
202401,2024-01-01,NC01,P001,18,18150.59
202401,2024-01-01,NC01,P002,14,5774.38
202401,2024-01-01,NC01,P003,9,6476.37
202401,2024-01-01,NC01,P004,10,3960.16
202401,2024-01-01,NC01,P005,21,4325.41
202401,2024-01-01,NC01,P006,16,8798.12
202401,2024-01-01,NC01,P007,12,3874.37
202401,2024-01-01,NC01,P008,9,1462.67
202401,2024-01-01,NC01,P009,9,2349.71
202402,2024-02-01,GP01,P001,31,31786.59
202402,2024-02-01,GP01,P002,26,10688.17
202402,2024-02-01,GP01,P003,18,12879.88
202402,2024-02-01,GP01,P004,20,7934.85
202402,2024-02-01,GP01,P005,39,8531.11
202402,2024-02-01,GP01,P006,30,16815.0
202402,2024-02-01,GP01,P007,21,6798.0
202402,2024-02-01,GP01,P008,15,2504.6
202402,2024-02-01,GP01,P009,17,4294.18
202402,2024-02-01,GP02,P001,34,34341.63
202402,2024-02-01,GP02,P002,24,10096.49
202402,2024-02-01,GP02,P003,19,13443.08
202402,2024-02-01,GP02,P004,22,8123.19
202402,2024-02-01,GP02,P005,43,9452.55
202402,2024-02-01,GP02,P006,28,16158.49
202402,2024-02-01,GP02,P007,24,7846.34
202402,2024-02-01,GP02,P008,16,2709.11
202402,2024-02-01,GP02,P009,18,4840.49
202402,2024-02-01,GP03,P001,38,38681.49
202402,2024-02-01,GP03,P002,25,10331.74
202402,2024-02-01,GP03,P003,21,15865.81
202402,2024-02-01,GP03,P004,22,8368.93
202402,2024-02-01,GP03,P005,45,9622.24
202402,2024-02-01,GP03,P006,32,17563.68
202402,2024-02-01,GP03,P007,25,8521.28
202402,2024-02-01,GP03,P008,17,2748.28
202402,2024-02-01,GP03,P009,20,5176.29
202402,2024-02-01,GP04,P001,26,26193.77
202402,2024-02-01,GP04,P002,22,9160.12
202402,2024-02-01,GP04,P003,17,12401.52
202402,2024-02-01,GP04,P004,19,7538.9
202402,2024-02-01,GP04,P005,39,8519.91
202402,2024-02-01,GP04,P006,26,14896.22
202402,2024-02-01,GP04,P007,19,6112.17
202402,2024-02-01,GP04,P008,13,2235.0
202402,2024-02-01,GP04,P009,14,3678.7
202402,2024-02-01,GP05,P001,29,28968.78
202402,2024-02-01,GP05,P002,25,10616.07
202402,2024-02-01,GP05,P003,18,12597.28
202402,2024-02-01,GP05,P004,20,7862.16
202402,2024-02-01,GP05,P005,42,9054.07
202402,2024-02-01,GP05,P006,25,13712.3
202402,2024-02-01,GP05,P007,20,6515.75
202402,2024-02-01,GP05,P008,15,2558.04
202402,2024-02-01,GP05,P009,16,4287.12
202402,2024-02-01,WC01,P001,29,28843.85
202402,2024-02-01,WC01,P002,24,10027.6
202402,2024-02-01,WC01,P003,19,14033.87
202402,2024-02-01,WC01,P004,19,7139.79
202402,2024-02-01,WC01,P005,44,9151.4
202402,2024-02-01,WC01,P006,30,17613.15
202402,2024-02-01,WC01,P007,19,6124.78
202402,2024-02-01,WC01,P008,14,2403.18
202402,2024-02-01,WC01,P009,16,4143.58
202402,2024-02-01,WC02,P001,28,28649.21
202402,2024-02-01,WC02,P002,22,9100.36
202402,2024-02-01,WC02,P003,18,12895.71
202402,2024-02-01,WC02,P004,18,6973.87
202402,2024-02-01,WC02,P005,39,8231.34
202402,2024-02-01,WC02,P006,25,14478.33
202402,2024-02-01,WC02,P007,21,6751.98
202402,2024-02-01,WC02,P008,14,2376.76
202402,2024-02-01,WC02,P009,15,3911.42
202402,2024-02-01,WC03,P001,32,32817.34
202402,2024-02-01,WC03,P002,24,10509.2
202402,2024-02-01,WC03,P003,17,12288.89
202402,2024-02-01,WC03,P004,20,7878.03
202402,2024-02-01,WC03,P005,38,8127.94
202402,2024-02-01,WC03,P006,25,13897.88
202402,2024-02-01,WC03,P007,21,7129.34
202402,2024-02-01,WC03,P008,15,2473.87
202402,2024-02-01,WC03,P009,15,3963.21
202402,2024-02-01,WC04,P001,27,25758.63
202402,2024-02-01,WC04,P002,21,8768.14
202402,2024-02-01,WC04,P003,15,10840.59
202402,2024-02-01,WC04,P004,19,7052.17
202402,2024-02-01,WC04,P005,38,7778.23
202402,2024-02-01,WC04,P006,27,14912.28
202402,2024-02-01,WC04,P007,19,6526.5
202402,2024-02-01,WC04,P008,14,2246.75
202402,2024-02-01,WC04,P009,15,3874.91
202402,2024-02-01,KZN01,P001,29,29304.55
202402,2024-02-01,KZN01,P002,22,9081.85
202402,2024-02-01,KZN01,P003,18,12761.02
202402,2024-02-01,KZN01,P004,20,7609.54
202402,2024-02-01,KZN01,P005,42,8814.07
202402,2024-02-01,KZN01,P006,25,14131.32
202402,2024-02-01,KZN01,P007,21,6860.58
202402,2024-02-01,KZN01,P008,14,2381.01
202402,2024-02-01,KZN01,P009,17,4466.45
202402,2024-02-01,KZN02,P001,24,23217.28
202402,2024-02-01,KZN02,P002,19,7848.4
202402,2024-02-01,KZN02,P003,14,9818.21
202402,2024-02-01,KZN02,P004,16,6252.0
202402,2024-02-01,KZN02,P005,32,6727.37
202402,2024-02-01,KZN02,P006,22,12692.66
202402,2024-02-01,KZN02,P007,17,5859.03
202402,2024-02-01,KZN02,P008,11,1783.11
202402,2024-02-01,KZN02,P009,13,3400.73
202402,2024-02-01,KZN03,P001,22,22332.42
202402,2024-02-01,KZN03,P002,19,7774.4
202402,2024-02-01,KZN03,P003,13,9343.89
202402,2024-02-01,KZN03,P004,16,6027.17
202402,2024-02-01,KZN03,P005,33,7189.65
202402,2024-02-01,KZN03,P006,22,11952.08
202402,2024-02-01,KZN03,P007,17,5672.44
202402,2024-02-01,KZN03,P008,11,1862.77
202402,2024-02-01,KZN03,P009,12,3168.41
202402,2024-02-01,KZN04,P001,27,27498.68
202402,2024-02-01,KZN04,P002,23,10080.46
202402,2024-02-01,KZN04,P003,16,11316.51
202402,2024-02-01,KZN04,P004,18,6764.38
202402,2024-02-01,KZN04,P005,36,7658.96
202402,2024-02-01,KZN04,P006,25,14226.15
202402,2024-02-01,KZN04,P007,20,6462.61
202402,2024-02-01,KZN04,P008,15,2558.62
202402,2024-02-01,KZN04,P009,14,3706.41
202402,2024-02-01,EC01,P001,22,22359.46
202402,2024-02-01,EC01,P002,18,7559.05
202402,2024-02-01,EC01,P003,14,10167.16
202402,2024-02-01,EC01,P004,14,5225.16
202402,2024-02-01,EC01,P005,32,6705.73
202402,2024-02-01,EC01,P006,20,11308.48
202402,2024-02-01,EC01,P007,15,4844.46
202402,2024-02-01,EC01,P008,12,2064.96
202402,2024-02-01,EC01,P009,13,3382.79
202402,2024-02-01,EC02,P001,21,20780.74
202402,2024-02-01,EC02,P002,16,6620.46
202402,2024-02-01,EC02,P003,13,9303.74
202402,2024-02-01,EC02,P004,12,4669.91
202402,2024-02-01,EC02,P005,27,5542.75
202402,2024-02-01,EC02,P006,18,9966.4
202402,2024-02-01,EC02,P007,14,4764.94
202402,2024-02-01,EC02,P008,9,1467.77
202402,2024-02-01,EC02,P009,11,2955.92
202402,2024-02-01,EC03,P001,19,19086.71
202402,2024-02-01,EC03,P002,16,6705.43
202402,2024-02-01,EC03,P003,13,9193.04
202402,2024-02-01,EC03,P004,14,5374.18
202402,2024-02-01,EC03,P005,28,5820.01
202402,2024-02-01,EC03,P006,19,10893.73
202402,2024-02-01,EC03,P007,13,4500.58
202402,2024-02-01,EC03,P008,9,1544.86
202402,2024-02-01,EC03,P009,12,3078.55
202402,2024-02-01,FS01,P001,19,18592.52
202402,2024-02-01,FS01,P002,15,6401.67
202402,2024-02-01,FS01,P003,11,7699.61
202402,2024-02-01,FS01,P004,13,4885.57
202402,2024-02-01,FS01,P005,25,5441.68
202402,2024-02-01,FS01,P006,16,9353.76
202402,2024-02-01,FS01,P007,13,4305.0
202402,2024-02-01,FS01,P008,10,1654.0
202402,2024-02-01,FS01,P009,11,2907.72
202402,2024-02-01,FS02,P001,18,17557.63
202402,2024-02-01,FS02,P002,15,6221.27
202402,2024-02-01,FS02,P003,10,7391.02
202402,2024-02-01,FS02,P004,12,4710.14
202402,2024-02-01,FS02,P005,23,4843.76
202402,2024-02-01,FS02,P006,17,9295.27
202402,2024-02-01,FS02,P007,11,3662.98
202402,2024-02-01,FS02,P008,8,1290.1
202402,2024-02-01,FS02,P009,9,2436.84
202402,2024-02-01,LP01,P001,18,17844.48
202402,2024-02-01,LP01,P002,14,5796.37
202402,2024-02-01,LP01,P003,9,6639.89
202402,2024-02-01,LP01,P004,11,4206.06
202402,2024-02-01,LP01,P005,24,5216.34
202402,2024-02-01,LP01,P006,14,8183.67
202402,2024-02-01,LP01,P007,11,3680.73
202402,2024-02-01,LP01,P008,8,1344.03
202402,2024-02-01,LP01,P009,9,2328.25
202402,2024-02-01,LP02,P001,20,19618.94
202402,2024-02-01,LP02,P002,15,6539.2
202402,2024-02-01,LP02,P003,11,8313.52
202402,2024-02-01,LP02,P004,12,4433.72
202402,2024-02-01,LP02,P005,24,5222.14
202402,2024-02-01,LP02,P006,18,10179.41
202402,2024-02-01,LP02,P007,12,3907.27
202402,2024-02-01,LP02,P008,9,1457.72
202402,2024-02-01,LP02,P009,10,2632.1
202402,2024-02-01,MP01,P001,20,19756.02
202402,2024-02-01,MP01,P002,15,6454.62
202402,2024-02-01,MP01,P003,11,8085.45
202402,2024-02-01,MP01,P004,12,4728.48
202402,2024-02-01,MP01,P005,24,5177.59
202402,2024-02-01,MP01,P006,18,10076.82
202402,2024-02-01,MP01,P007,13,4388.55
202402,2024-02-01,MP01,P008,9,1550.13
202402,2024-02-01,MP01,P009,11,2995.61
202402,2024-02-01,MP02,P001,21,20947.87
202402,2024-02-01,MP02,P002,15,6439.25
202402,2024-02-01,MP02,P003,13,9412.2
202402,2024-02-01,MP02,P004,14,5380.28
202402,2024-02-01,MP02,P005,28,5922.98
202402,2024-02-01,MP02,P006,19,11086.28
202402,2024-02-01,MP02,P007,15,4809.96
202402,2024-02-01,MP02,P008,10,1703.7
202402,2024-02-01,MP02,P009,11,2933.52
202402,2024-02-01,NW01,P001,19,19162.3
202402,2024-02-01,NW01,P002,13,5628.06
202402,2024-02-01,NW01,P003,11,8002.49
202402,2024-02-01,NW01,P004,12,4771.14
202402,2024-02-01,NW01,P005,26,5439.46
202402,2024-02-01,NW01,P006,16,9274.44
202402,2024-02-01,NW01,P007,13,4379.19
202402,2024-02-01,NW01,P008,10,1662.68
202402,2024-02-01,NW01,P009,10,2548.47
202402,2024-02-01,NW02,P001,22,21518.88
202402,2024-02-01,NW02,P002,15,6487.52
202402,2024-02-01,NW02,P003,13,9752.8
202402,2024-02-01,NW02,P004,13,4892.89
202402,2024-02-01,NW02,P005,30,6168.13
202402,2024-02-01,NW02,P006,18,10434.37
202402,2024-02-01,NW02,P007,14,4482.01
202402,2024-02-01,NW02,P008,10,1676.84
202402,2024-02-01,NW02,P009,12,3182.06
202402,2024-02-01,NC01,P001,16,16059.1
202402,2024-02-01,NC01,P002,13,5578.7
202402,2024-02-01,NC01,P003,10,7078.74
202402,2024-02-01,NC01,P004,11,4104.54
202402,2024-02-01,NC01,P005,24,4893.06
202402,2024-02-01,NC01,P006,15,8681.88
202402,2024-02-01,NC01,P007,11,3753.95
202402,2024-02-01,NC01,P008,8,1304.92
202402,2024-02-01,NC01,P009,9,2430.9
202403,2024-03-01,GP01,P001,27,27173.94
202403,2024-03-01,GP01,P002,23,9976.76
202403,2024-03-01,GP01,P003,17,12535.67
202403,2024-03-01,GP01,P004,20,7822.63
202403,2024-03-01,GP01,P005,39,8179.34
202403,2024-03-01,GP01,P006,25,14308.25
202403,2024-03-01,GP01,P007,18,5877.17
202403,2024-03-01,GP01,P008,13,2219.99
202403,2024-03-01,GP01,P009,14,3608.76
202403,2024-03-01,GP02,P001,32,32163.43
202403,2024-03-01,GP02,P002,24,9860.98
202403,2024-03-01,GP02,P003,19,13567.33
202403,2024-03-01,GP02,P004,20,7707.82
202403,2024-03-01,GP02,P005,42,8670.14
202403,2024-03-01,GP02,P006,26,14429.93
202403,2024-03-01,GP02,P007,21,7163.06
202403,2024-03-01,GP02,P008,15,2538.91
202403,2024-03-01,GP02,P009,15,3890.34
202403,2024-03-01,GP03,P001,34,32599.59
202403,2024-03-01,GP03,P002,27,11571.25
202403,2024-03-01,GP03,P003,18,12726.51
202403,2024-03-01,GP03,P004,20,7464.67
202403,2024-03-01,GP03,P005,44,9202.26
202403,2024-03-01,GP03,P006,30,16595.23
202403,2024-03-01,GP03,P007,23,7788.43
202403,2024-03-01,GP03,P008,17,2901.44
202403,2024-03-01,GP03,P009,17,4636.93
202403,2024-03-01,GP04,P001,25,25176.52
202403,2024-03-01,GP04,P002,19,8243.31
202403,2024-03-01,GP04,P003,15,10481.8
202403,2024-03-01,GP04,P004,16,6270.83
202403,2024-03-01,GP04,P005,34,6939.38
202403,2024-03-01,GP04,P006,26,14687.05
202403,2024-03-01,GP04,P007,19,6499.75
202403,2024-03-01,GP04,P008,13,2160.93
202403,2024-03-01,GP04,P009,13,3382.64
202403,2024-03-01,GP05,P001,30,29974.27
202403,2024-03-01,GP05,P002,21,8969.02
202403,2024-03-01,GP05,P003,17,12489.49
202403,2024-03-01,GP05,P004,19,7153.84
202403,2024-03-01,GP05,P005,36,7624.35
202403,2024-03-01,GP05,P006,27,15137.16
202403,2024-03-01,GP05,P007,20,6607.49
202403,2024-03-01,GP05,P008,14,2265.1
202403,2024-03-01,GP05,P009,16,4343.56
202403,2024-03-01,WC01,P001,28,27215.48
202403,2024-03-01,WC01,P002,21,9061.5
202403,2024-03-01,WC01,P003,17,12103.38
202403,2024-03-01,WC01,P004,18,7121.15
202403,2024-03-01,WC01,P005,37,7862.76
202403,2024-03-01,WC01,P006,24,14033.28
202403,2024-03-01,WC01,P007,19,6268.53
202403,2024-03-01,WC01,P008,15,2428.6
202403,2024-03-01,WC01,P009,15,3891.97
202403,2024-03-01,WC02,P001,26,25868.75
202403,2024-03-01,WC02,P002,19,8269.23
202403,2024-03-01,WC02,P003,15,11200.57
202403,2024-03-01,WC02,P004,16,6010.77
202403,2024-03-01,WC02,P005,37,8106.39
202403,2024-03-01,WC02,P006,25,14504.1
202403,2024-03-01,WC02,P007,17,5574.96
202403,2024-03-01,WC02,P008,13,2216.48
202403,2024-03-01,WC02,P009,15,3989.73
202403,2024-03-01,WC03,P001,26,25201.91
202403,2024-03-01,WC03,P002,21,9117.2
202403,2024-03-01,WC03,P003,15,10541.79
202403,2024-03-01,WC03,P004,17,6415.96
202403,2024-03-01,WC03,P005,40,8431.78
202403,2024-03-01,WC03,P006,26,14578.92
202403,2024-03-01,WC03,P007,20,6925.67
202403,2024-03-01,WC03,P008,15,2533.88
202403,2024-03-01,WC03,P009,14,3706.71
202403,2024-03-01,WC04,P001,24,23881.82
202403,2024-03-01,WC04,P002,21,8683.77
202403,2024-03-01,WC04,P003,16,11756.28
202403,2024-03-01,WC04,P004,16,6355.71
202403,2024-03-01,WC04,P005,37,8002.02
202403,2024-03-01,WC04,P006,24,13842.01
202403,2024-03-01,WC04,P007,16,5151.98
202403,2024-03-01,WC04,P008,13,2168.61
202403,2024-03-01,WC04,P009,13,3383.42
202403,2024-03-01,KZN01,P001,27,27627.2
202403,2024-03-01,KZN01,P002,22,9603.57
202403,2024-03-01,KZN01,P003,17,12499.44
202403,2024-03-01,KZN01,P004,18,6865.89
202403,2024-03-01,KZN01,P005,39,8138.88
202403,2024-03-01,KZN01,P006,24,13289.57
202403,2024-03-01,KZN01,P007,18,6094.64
202403,2024-03-01,KZN01,P008,13,2188.43
202403,2024-03-01,KZN01,P009,16,4050.66
202403,2024-03-01,KZN02,P001,23,22285.94
202403,2024-03-01,KZN02,P002,17,7100.96
202403,2024-03-01,KZN02,P003,13,9767.65
202403,2024-03-01,KZN02,P004,15,5924.28
202403,2024-03-01,KZN02,P005,31,6532.54
202403,2024-03-01,KZN02,P006,22,12765.13
202403,2024-03-01,KZN02,P007,15,4925.82
202403,2024-03-01,KZN02,P008,11,1846.59
202403,2024-03-01,KZN02,P009,12,3133.12
202403,2024-03-01,KZN03,P001,22,22276.42
202403,2024-03-01,KZN03,P002,17,7032.17
202403,2024-03-01,KZN03,P003,14,9783.29
202403,2024-03-01,KZN03,P004,14,5333.54
202403,2024-03-01,KZN03,P005,28,6161.13
202403,2024-03-01,KZN03,P006,19,11094.52
202403,2024-03-01,KZN03,P007,14,4665.82
202403,2024-03-01,KZN03,P008,10,1626.86
202403,2024-03-01,KZN03,P009,11,2785.93
202403,2024-03-01,KZN04,P001,25,24359.64
202403,2024-03-01,KZN04,P002,22,9447.23
202403,2024-03-01,KZN04,P003,16,11427.88
202403,2024-03-01,KZN04,P004,18,6650.07
202403,2024-03-01,KZN04,P005,36,7863.97
202403,2024-03-01,KZN04,P006,24,13553.69
202403,2024-03-01,KZN04,P007,17,5465.3
202403,2024-03-01,KZN04,P008,13,2243.32
202403,2024-03-01,KZN04,P009,15,4034.89
202403,2024-03-01,EC01,P001,21,21587.69
202403,2024-03-01,EC01,P002,17,7060.77
202403,2024-03-01,EC01,P003,14,10010.38
202403,2024-03-01,EC01,P004,14,5519.4
202403,2024-03-01,EC01,P005,27,5699.13
202403,2024-03-01,EC01,P006,18,10292.02
202403,2024-03-01,EC01,P007,14,4815.73
202403,2024-03-01,EC01,P008,11,1765.01
202403,2024-03-01,EC01,P009,12,3155.17
202403,2024-03-01,EC02,P001,17,17462.62
202403,2024-03-01,EC02,P002,13,5668.47
202403,2024-03-01,EC02,P003,11,7802.78
202403,2024-03-01,EC02,P004,11,4082.62
202403,2024-03-01,EC02,P005,25,5494.22
202403,2024-03-01,EC02,P006,16,8787.34
202403,2024-03-01,EC02,P007,13,4445.2
202403,2024-03-01,EC02,P008,9,1471.93
202403,2024-03-01,EC02,P009,10,2684.39
202403,2024-03-01,EC03,P001,19,18155.47
202403,2024-03-01,EC03,P002,15,6231.33
202403,2024-03-01,EC03,P003,12,8685.4
202403,2024-03-01,EC03,P004,13,4972.98
202403,2024-03-01,EC03,P005,25,5261.36
202403,2024-03-01,EC03,P006,16,9256.11
202403,2024-03-01,EC03,P007,13,4395.51
202403,2024-03-01,EC03,P008,10,1709.82
202403,2024-03-01,EC03,P009,11,2822.31
202403,2024-03-01,FS01,P001,18,17804.07
202403,2024-03-01,FS01,P002,15,6524.08
202403,2024-03-01,FS01,P003,11,7872.25
202403,2024-03-01,FS01,P004,11,4302.04
202403,2024-03-01,FS01,P005,26,5377.49
202403,2024-03-01,FS01,P006,15,8326.36
202403,2024-03-01,FS01,P007,13,4401.44
202403,2024-03-01,FS01,P008,9,1464.95
202403,2024-03-01,FS01,P009,10,2697.51
202403,2024-03-01,FS02,P001,16,15232.51
202403,2024-03-01,FS02,P002,12,4933.22
202403,2024-03-01,FS02,P003,10,7031.87
202403,2024-03-01,FS02,P004,11,4063.45
202403,2024-03-01,FS02,P005,22,4727.72
202403,2024-03-01,FS02,P006,15,8189.07
202403,2024-03-01,FS02,P007,11,3649.65
202403,2024-03-01,FS02,P008,8,1335.48
202403,2024-03-01,FS02,P009,8,2093.69
202403,2024-03-01,LP01,P001,16,16402.19
202403,2024-03-01,LP01,P002,12,4988.26
202403,2024-03-01,LP01,P003,9,6317.96
202403,2024-03-01,LP01,P004,10,3830.28
202403,2024-03-01,LP01,P005,23,5025.45
202403,2024-03-01,LP01,P006,15,8451.7
202403,2024-03-01,LP01,P007,11,3744.77
202403,2024-03-01,LP01,P008,7,1175.61
202403,2024-03-01,LP01,P009,9,2324.38
202403,2024-03-01,LP02,P001,16,16140.66
202403,2024-03-01,LP02,P002,13,5481.05
202403,2024-03-01,LP02,P003,11,7740.31
202403,2024-03-01,LP02,P004,11,4124.9
202403,2024-03-01,LP02,P005,25,5261.45
202403,2024-03-01,LP02,P006,17,9288.98
202403,2024-03-01,LP02,P007,12,3904.66
202403,2024-03-01,LP02,P008,9,1522.31
202403,2024-03-01,LP02,P009,9,2337.48
202403,2024-03-01,MP01,P001,16,15734.1
202403,2024-03-01,MP01,P002,13,5397.39
202403,2024-03-01,MP01,P003,11,8277.24
202403,2024-03-01,MP01,P004,11,4163.64
202403,2024-03-01,MP01,P005,23,4881.13
202403,2024-03-01,MP01,P006,15,8326.76
202403,2024-03-01,MP01,P007,12,3856.31
202403,2024-03-01,MP01,P008,8,1306.76
202403,2024-03-01,MP01,P009,9,2316.14
202403,2024-03-01,MP02,P001,21,20458.57
202403,2024-03-01,MP02,P002,15,6195.87
202403,2024-03-01,MP02,P003,11,7832.49
202403,2024-03-01,MP02,P004,13,5174.01
202403,2024-03-01,MP02,P005,26,5493.88
202403,2024-03-01,MP02,P006,17,9536.5
202403,2024-03-01,MP02,P007,13,4431.23
202403,2024-03-01,MP02,P008,10,1670.62
202403,2024-03-01,MP02,P009,11,2869.51
202403,2024-03-01,NW01,P001,17,16934.18
202403,2024-03-01,NW01,P002,14,6102.23
202403,2024-03-01,NW01,P003,10,7308.83
202403,2024-03-01,NW01,P004,12,4485.9
202403,2024-03-01,NW01,P005,23,4750.1
202403,2024-03-01,NW01,P006,17,9236.1
202403,2024-03-01,NW01,P007,13,4246.77
202403,2024-03-01,NW01,P008,9,1466.5
202403,2024-03-01,NW01,P009,9,2316.0
202403,2024-03-01,NW02,P001,20,20092.5
202403,2024-03-01,NW02,P002,16,6531.0
202403,2024-03-01,NW02,P003,11,8083.29
202403,2024-03-01,NW02,P004,11,4160.69
202403,2024-03-01,NW02,P005,27,5520.18
202403,2024-03-01,NW02,P006,19,10582.4
202403,2024-03-01,NW02,P007,12,3860.54
202403,2024-03-01,NW02,P008,9,1543.25
202403,2024-03-01,NW02,P009,10,2585.33
202403,2024-03-01,NC01,P001,15,14567.07
202403,2024-03-01,NC01,P002,11,4651.41
202403,2024-03-01,NC01,P003,8,5642.07
202403,2024-03-01,NC01,P004,9,3467.05
202403,2024-03-01,NC01,P005,21,4419.05
202403,2024-03-01,NC01,P006,14,7982.2
202403,2024-03-01,NC01,P007,10,3372.44
202403,2024-03-01,NC01,P008,8,1366.37
202403,2024-03-01,NC01,P009,8,2095.88
202404,2024-04-01,GP01,P001,31,29513.89
202404,2024-04-01,GP01,P002,24,10399.62
202404,2024-04-01,GP01,P003,18,13144.47
202404,2024-04-01,GP01,P004,17,6513.75
202404,2024-04-01,GP01,P005,39,8514.86
202404,2024-04-01,GP01,P006,25,14248.25
202404,2024-04-01,GP01,P007,18,5964.3
202404,2024-04-01,GP01,P008,15,2522.89
202404,2024-04-01,GP01,P009,17,4539.77
202404,2024-04-01,GP02,P001,29,29280.91
202404,2024-04-01,GP02,P002,22,9693.88
202404,2024-04-01,GP02,P003,19,13428.74
202404,2024-04-01,GP02,P004,19,7032.16
202404,2024-04-01,GP02,P005,43,9311.37
202404,2024-04-01,GP02,P006,27,15751.85
202404,2024-04-01,GP02,P007,22,7194.07
202404,2024-04-01,GP02,P008,15,2542.97
202404,2024-04-01,GP02,P009,18,4754.86
202404,2024-04-01,GP03,P001,32,31997.95
202404,2024-04-01,GP03,P002,25,10795.37
202404,2024-04-01,GP03,P003,18,12867.04
202404,2024-04-01,GP03,P004,22,8494.56
202404,2024-04-01,GP03,P005,45,9621.74
202404,2024-04-01,GP03,P006,28,15418.98
202404,2024-04-01,GP03,P007,22,7463.3
202404,2024-04-01,GP03,P008,15,2518.63
202404,2024-04-01,GP03,P009,19,5141.15
202404,2024-04-01,GP04,P001,26,26169.26
202404,2024-04-01,GP04,P002,19,8253.77
202404,2024-04-01,GP04,P003,16,11620.32
202404,2024-04-01,GP04,P004,17,6525.65
202404,2024-04-01,GP04,P005,34,7072.89
202404,2024-04-01,GP04,P006,22,12082.4
202404,2024-04-01,GP04,P007,19,6206.43
202404,2024-04-01,GP04,P008,13,2245.22
202404,2024-04-01,GP04,P009,15,3995.4
202404,2024-04-01,GP05,P001,26,25822.29
202404,2024-04-01,GP05,P002,22,9597.02
202404,2024-04-01,GP05,P003,16,11211.2
202404,2024-04-01,GP05,P004,18,6768.59
202404,2024-04-01,GP05,P005,37,8108.87
202404,2024-04-01,GP05,P006,26,15148.55
202404,2024-04-01,GP05,P007,18,5848.94
202404,2024-04-01,GP05,P008,14,2327.17
202404,2024-04-01,GP05,P009,15,3861.61
202404,2024-04-01,WC01,P001,28,28382.57
202404,2024-04-01,WC01,P002,22,9176.09
202404,2024-04-01,WC01,P003,16,11548.35
202404,2024-04-01,WC01,P004,18,7050.83
202404,2024-04-01,WC01,P005,38,8293.35
202404,2024-04-01,WC01,P006,25,14399.17
202404,2024-04-01,WC01,P007,20,6816.01
202404,2024-04-01,WC01,P008,15,2428.44
202404,2024-04-01,WC01,P009,15,3881.27
202404,2024-04-01,WC02,P001,25,25301.68
202404,2024-04-01,WC02,P002,20,8386.1
202404,2024-04-01,WC02,P003,15,10999.43
202404,2024-04-01,WC02,P004,16,6249.64
202404,2024-04-01,WC02,P005,39,8247.38
202404,2024-04-01,WC02,P006,24,13866.81
202404,2024-04-01,WC02,P007,18,5919.58
202404,2024-04-01,WC02,P008,13,2241.08
202404,2024-04-01,WC02,P009,15,3864.9
202404,2024-04-01,WC03,P001,27,27453.3
202404,2024-04-01,WC03,P002,21,9235.31
202404,2024-04-01,WC03,P003,16,11996.5
202404,2024-04-01,WC03,P004,16,6355.69
202404,2024-04-01,WC03,P005,38,8218.05
202404,2024-04-01,WC03,P006,23,12788.47
202404,2024-04-01,WC03,P007,17,5646.95
202404,2024-04-01,WC03,P008,13,2202.4
202404,2024-04-01,WC03,P009,15,3956.1
202404,2024-04-01,WC04,P001,25,24224.9
202404,2024-04-01,WC04,P002,21,9079.39
202404,2024-04-01,WC04,P003,14,10082.06
202404,2024-04-01,WC04,P004,15,5946.46
202404,2024-04-01,WC04,P005,34,7463.01
202404,2024-04-01,WC04,P006,23,12993.43
202404,2024-04-01,WC04,P007,17,5849.06
202404,2024-04-01,WC04,P008,12,2056.37
202404,2024-04-01,WC04,P009,14,3757.15
202404,2024-04-01,KZN01,P001,27,26697.94
202404,2024-04-01,KZN01,P002,20,8669.1
202404,2024-04-01,KZN01,P003,16,11587.4
202404,2024-04-01,KZN01,P004,17,6565.01
202404,2024-04-01,KZN01,P005,34,7455.24
202404,2024-04-01,KZN01,P006,26,15016.12
202404,2024-04-01,KZN01,P007,20,6895.37
202404,2024-04-01,KZN01,P008,13,2245.44
202404,2024-04-01,KZN01,P009,16,4120.82
202404,2024-04-01,KZN02,P001,22,21378.98
202404,2024-04-01,KZN02,P002,17,6958.22
202404,2024-04-01,KZN02,P003,13,9826.3
202404,2024-04-01,KZN02,P004,15,5724.85
202404,2024-04-01,KZN02,P005,31,6737.03
202404,2024-04-01,KZN02,P006,21,11553.46
202404,2024-04-01,KZN02,P007,15,4998.93
202404,2024-04-01,KZN02,P008,12,2035.19
202404,2024-04-01,KZN02,P009,13,3532.58
202404,2024-04-01,KZN03,P001,21,20917.44
202404,2024-04-01,KZN03,P002,16,6986.77
202404,2024-04-01,KZN03,P003,14,9852.3
202404,2024-04-01,KZN03,P004,13,5114.02
202404,2024-04-01,KZN03,P005,29,6313.63
202404,2024-04-01,KZN03,P006,19,10675.63
202404,2024-04-01,KZN03,P007,15,4928.34
202404,2024-04-01,KZN03,P008,11,1825.89
202404,2024-04-01,KZN03,P009,11,3000.49
202404,2024-04-01,KZN04,P001,28,26859.73
202404,2024-04-01,KZN04,P002,20,8772.05
202404,2024-04-01,KZN04,P003,16,11716.73
202404,2024-04-01,KZN04,P004,17,6692.84
202404,2024-04-01,KZN04,P005,39,8184.15
202404,2024-04-01,KZN04,P006,24,13394.95
202404,2024-04-01,KZN04,P007,18,5810.69
202404,2024-04-01,KZN04,P008,14,2257.98
202404,2024-04-01,KZN04,P009,14,3563.72
202404,2024-04-01,EC01,P001,21,20188.66
202404,2024-04-01,EC01,P002,17,7082.82
202404,2024-04-01,EC01,P003,13,9807.59
202404,2024-04-01,EC01,P004,15,5591.69
202404,2024-04-01,EC01,P005,31,6798.66
202404,2024-04-01,EC01,P006,21,11796.21
202404,2024-04-01,EC01,P007,15,5015.54
202404,2024-04-01,EC01,P008,11,1822.75
202404,2024-04-01,EC01,P009,11,2908.26
202404,2024-04-01,EC02,P001,19,18526.13
202404,2024-04-01,EC02,P002,15,6438.98
202404,2024-04-01,EC02,P003,12,8626.8
202404,2024-04-01,EC02,P004,12,4503.65
202404,2024-04-01,EC02,P005,26,5366.37
202404,2024-04-01,EC02,P006,16,8800.15
202404,2024-04-01,EC02,P007,12,3941.12
202404,2024-04-01,EC02,P008,9,1476.17
202404,2024-04-01,EC02,P009,10,2593.38
202404,2024-04-01,EC03,P001,19,18204.61
202404,2024-04-01,EC03,P002,15,6280.52
202404,2024-04-01,EC03,P003,11,8214.51
202404,2024-04-01,EC03,P004,13,5185.89
202404,2024-04-01,EC03,P005,27,5732.11
202404,2024-04-01,EC03,P006,17,9419.88
202404,2024-04-01,EC03,P007,12,3987.85
202404,2024-04-01,EC03,P008,9,1526.37
202404,2024-04-01,EC03,P009,10,2529.6
202404,2024-04-01,FS01,P001,17,16772.63
202404,2024-04-01,FS01,P002,13,5474.6
202404,2024-04-01,FS01,P003,10,7492.21
202404,2024-04-01,FS01,P004,11,4130.61
202404,2024-04-01,FS01,P005,24,4922.97
202404,2024-04-01,FS01,P006,15,8233.54
202404,2024-04-01,FS01,P007,11,3773.85
202404,2024-04-01,FS01,P008,8,1329.26
202404,2024-04-01,FS01,P009,9,2445.59
202404,2024-04-01,FS02,P001,17,16747.23
202404,2024-04-01,FS02,P002,13,5399.33
202404,2024-04-01,FS02,P003,10,7260.38
202404,2024-04-01,FS02,P004,11,4213.82
202404,2024-04-01,FS02,P005,22,4743.92
202404,2024-04-01,FS02,P006,14,8080.96
202404,2024-04-01,FS02,P007,10,3288.46
202404,2024-04-01,FS02,P008,8,1368.2
202404,2024-04-01,FS02,P009,8,2139.06
202404,2024-04-01,LP01,P001,15,15366.31
202404,2024-04-01,LP01,P002,12,4966.32
202404,2024-04-01,LP01,P003,9,6413.58
202404,2024-04-01,LP01,P004,10,3778.03
202404,2024-04-01,LP01,P005,23,4691.88
202404,2024-04-01,LP01,P006,14,8132.31
202404,2024-04-01,LP01,P007,11,3728.37
202404,2024-04-01,LP01,P008,8,1342.89
202404,2024-04-01,LP01,P009,9,2353.41
202404,2024-04-01,LP02,P001,17,16930.32
202404,2024-04-01,LP02,P002,14,5733.18
202404,2024-04-01,LP02,P003,11,8238.74
202404,2024-04-01,LP02,P004,10,3818.08
202404,2024-04-01,LP02,P005,24,4955.84
202404,2024-04-01,LP02,P006,15,8623.16
202404,2024-04-01,LP02,P007,12,4052.65
202404,2024-04-01,LP02,P008,8,1360.16
202404,2024-04-01,LP02,P009,10,2531.68
202404,2024-04-01,MP01,P001,17,17225.37
202404,2024-04-01,MP01,P002,14,5728.33
202404,2024-04-01,MP01,P003,10,7041.86
202404,2024-04-01,MP01,P004,11,4293.32
202404,2024-04-01,MP01,P005,25,5254.88
202404,2024-04-01,MP01,P006,15,8587.62
202404,2024-04-01,MP01,P007,11,3803.6
202404,2024-04-01,MP01,P008,8,1379.96
202404,2024-04-01,MP01,P009,10,2678.98
202404,2024-04-01,MP02,P001,21,21122.95
202404,2024-04-01,MP02,P002,15,6460.08
202404,2024-04-01,MP02,P003,11,8176.14
202404,2024-04-01,MP02,P004,11,4120.52
202404,2024-04-01,MP02,P005,27,5862.42
202404,2024-04-01,MP02,P006,18,9883.99
202404,2024-04-01,MP02,P007,13,4292.01
202404,2024-04-01,MP02,P008,9,1463.77
202404,2024-04-01,MP02,P009,10,2632.69
202404,2024-04-01,NW01,P001,16,16413.33
202404,2024-04-01,NW01,P002,14,6060.92
202404,2024-04-01,NW01,P003,10,7198.18
202404,2024-04-01,NW01,P004,12,4520.4
202404,2024-04-01,NW01,P005,24,4924.36
202404,2024-04-01,NW01,P006,16,9243.33
202404,2024-04-01,NW01,P007,11,3690.25
202404,2024-04-01,NW01,P008,9,1456.71
202404,2024-04-01,NW01,P009,9,2453.71
202404,2024-04-01,NW02,P001,18,18286.74
202404,2024-04-01,NW02,P002,16,6768.59
202404,2024-04-01,NW02,P003,12,8844.05
202404,2024-04-01,NW02,P004,13,5045.81
202404,2024-04-01,NW02,P005,27,5926.27
202404,2024-04-01,NW02,P006,19,10538.85
202404,2024-04-01,NW02,P007,13,4448.96
202404,2024-04-01,NW02,P008,10,1612.24
202404,2024-04-01,NW02,P009,11,2934.01
202404,2024-04-01,NC01,P001,15,14875.68
202404,2024-04-01,NC01,P002,12,5064.37
202404,2024-04-01,NC01,P003,9,6672.86
202404,2024-04-01,NC01,P004,9,3386.26
202404,2024-04-01,NC01,P005,20,4145.28
202404,2024-04-01,NC01,P006,13,7232.89
202404,2024-04-01,NC01,P007,10,3438.84
202404,2024-04-01,NC01,P008,7,1122.03
202404,2024-04-01,NC01,P009,9,2277.6
202405,2024-05-01,GP01,P001,28,27667.8
202405,2024-05-01,GP01,P002,21,9174.96
202405,2024-05-01,GP01,P003,16,11233.11
202405,2024-05-01,GP01,P004,17,6467.19
202405,2024-05-01,GP01,P005,39,8511.57
202405,2024-05-01,GP01,P006,24,13067.07
202405,2024-05-01,GP01,P007,19,6521.21
202405,2024-05-01,GP01,P008,14,2306.48
202405,2024-05-01,GP01,P009,16,4089.16
202405,2024-05-01,GP02,P001,29,29275.46
202405,2024-05-01,GP02,P002,23,9525.4
202405,2024-05-01,GP02,P003,18,13343.98
202405,2024-05-01,GP02,P004,21,8101.5
202405,2024-05-01,GP02,P005,42,9092.36
202405,2024-05-01,GP02,P006,26,15189.06
202405,2024-05-01,GP02,P007,20,6773.27
202405,2024-05-01,GP02,P008,16,2654.36
202405,2024-05-01,GP02,P009,18,4855.92
202405,2024-05-01,GP03,P001,34,33697.47
202405,2024-05-01,GP03,P002,27,11126.66
202405,2024-05-01,GP03,P003,19,13295.69
202405,2024-05-01,GP03,P004,20,7466.24
202405,2024-05-01,GP03,P005,44,9501.62
202405,2024-05-01,GP03,P006,28,16370.19
202405,2024-05-01,GP03,P007,21,6857.64
202405,2024-05-01,GP03,P008,17,2766.16
202405,2024-05-01,GP03,P009,18,4829.43
202405,2024-05-01,GP04,P001,27,26884.6
202405,2024-05-01,GP04,P002,19,7787.22
202405,2024-05-01,GP04,P003,14,9937.0
202405,2024-05-01,GP04,P004,17,6547.75
202405,2024-05-01,GP04,P005,37,7540.92
202405,2024-05-01,GP04,P006,24,14071.17
202405,2024-05-01,GP04,P007,19,6289.29
202405,2024-05-01,GP04,P008,14,2367.13
202405,2024-05-01,GP04,P009,13,3460.59
202405,2024-05-01,GP05,P001,29,29248.03
202405,2024-05-01,GP05,P002,20,8280.99
202405,2024-05-01,GP05,P003,15,10859.2
202405,2024-05-01,GP05,P004,18,6926.77
202405,2024-05-01,GP05,P005,38,8162.51
202405,2024-05-01,GP05,P006,24,13361.63
202405,2024-05-01,GP05,P007,18,5949.17
202405,2024-05-01,GP05,P008,15,2581.29
202405,2024-05-01,GP05,P009,16,4062.52
202405,2024-05-01,WC01,P001,30,29649.53
202405,2024-05-01,WC01,P002,22,9118.68
202405,2024-05-01,WC01,P003,17,12589.92
202405,2024-05-01,WC01,P004,20,7508.29
202405,2024-05-01,WC01,P005,41,8882.21
202405,2024-05-01,WC01,P006,24,13607.62
202405,2024-05-01,WC01,P007,20,6827.51
202405,2024-05-01,WC01,P008,13,2082.83
202405,2024-05-01,WC01,P009,16,4235.91
202405,2024-05-01,WC02,P001,29,29433.68
202405,2024-05-01,WC02,P002,22,9489.36
202405,2024-05-01,WC02,P003,16,11421.33
202405,2024-05-01,WC02,P004,17,6755.48
202405,2024-05-01,WC02,P005,34,7046.31
202405,2024-05-01,WC02,P006,24,13527.48
202405,2024-05-01,WC02,P007,20,6815.35
202405,2024-05-01,WC02,P008,14,2388.93
202405,2024-05-01,WC02,P009,14,3775.18
202405,2024-05-01,WC03,P001,29,29733.64
202405,2024-05-01,WC03,P002,21,9078.74
202405,2024-05-01,WC03,P003,17,12531.61
202405,2024-05-01,WC03,P004,17,6572.54
202405,2024-05-01,WC03,P005,36,7566.56
202405,2024-05-01,WC03,P006,24,13315.11
202405,2024-05-01,WC03,P007,18,6051.08
202405,2024-05-01,WC03,P008,13,2225.94
202405,2024-05-01,WC03,P009,14,3806.27
202405,2024-05-01,WC04,P001,26,25876.64
202405,2024-05-01,WC04,P002,20,8391.6
202405,2024-05-01,WC04,P003,15,11313.83
202405,2024-05-01,WC04,P004,15,5866.05
202405,2024-05-01,WC04,P005,36,7915.77
202405,2024-05-01,WC04,P006,23,13400.69
202405,2024-05-01,WC04,P007,16,5191.75
202405,2024-05-01,WC04,P008,12,2065.84
202405,2024-05-01,WC04,P009,14,3575.07
202405,2024-05-01,KZN01,P001,25,23990.71
202405,2024-05-01,KZN01,P002,21,8849.68
202405,2024-05-01,KZN01,P003,15,10904.62
202405,2024-05-01,KZN01,P004,17,6414.45
202405,2024-05-01,KZN01,P005,39,7968.83
202405,2024-05-01,KZN01,P006,25,14300.76
202405,2024-05-01,KZN01,P007,19,6345.05
202405,2024-05-01,KZN01,P008,12,2068.73
202405,2024-05-01,KZN01,P009,15,3901.26
202405,2024-05-01,KZN02,P001,24,22871.74
202405,2024-05-01,KZN02,P002,17,7261.41
202405,2024-05-01,KZN02,P003,14,9974.09
202405,2024-05-01,KZN02,P004,15,5543.94
202405,2024-05-01,KZN02,P005,31,6503.51
202405,2024-05-01,KZN02,P006,22,12413.22
202405,2024-05-01,KZN02,P007,15,5127.82
202405,2024-05-01,KZN02,P008,11,1887.18
202405,2024-05-01,KZN02,P009,12,3169.59
202405,2024-05-01,KZN03,P001,23,22681.3
202405,2024-05-01,KZN03,P002,17,7494.8
202405,2024-05-01,KZN03,P003,13,9252.75
202405,2024-05-01,KZN03,P004,13,4804.79
202405,2024-05-01,KZN03,P005,28,5740.32
202405,2024-05-01,KZN03,P006,18,10428.69
202405,2024-05-01,KZN03,P007,15,5158.42
202405,2024-05-01,KZN03,P008,10,1731.62
202405,2024-05-01,KZN03,P009,13,3399.62
202405,2024-05-01,KZN04,P001,26,26029.23
202405,2024-05-01,KZN04,P002,21,8716.6
202405,2024-05-01,KZN04,P003,15,10524.74
202405,2024-05-01,KZN04,P004,17,6324.46
202405,2024-05-01,KZN04,P005,33,7105.29
202405,2024-05-01,KZN04,P006,25,13597.66
202405,2024-05-01,KZN04,P007,18,6073.05
202405,2024-05-01,KZN04,P008,14,2296.31
202405,2024-05-01,KZN04,P009,15,3940.2
202405,2024-05-01,EC01,P001,20,19181.34
202405,2024-05-01,EC01,P002,17,6943.74
202405,2024-05-01,EC01,P003,13,9166.88
202405,2024-05-01,EC01,P004,13,5152.6
202405,2024-05-01,EC01,P005,28,5887.11
202405,2024-05-01,EC01,P006,19,10772.78
202405,2024-05-01,EC01,P007,15,5033.35
202405,2024-05-01,EC01,P008,11,1889.98
202405,2024-05-01,EC01,P009,12,3210.21
202405,2024-05-01,EC02,P001,19,19123.16
202405,2024-05-01,EC02,P002,14,5762.2
202405,2024-05-01,EC02,P003,10,7230.12
202405,2024-05-01,EC02,P004,12,4439.01
202405,2024-05-01,EC02,P005,23,4836.58
202405,2024-05-01,EC02,P006,17,9907.02
202405,2024-05-01,EC02,P007,12,4143.33
202405,2024-05-01,EC02,P008,10,1713.19
202405,2024-05-01,EC02,P009,10,2608.38
202405,2024-05-01,EC03,P001,20,19425.45
202405,2024-05-01,EC03,P002,15,6298.94
202405,2024-05-01,EC03,P003,11,8017.78
202405,2024-05-01,EC03,P004,12,4660.98
202405,2024-05-01,EC03,P005,25,5169.75
202405,2024-05-01,EC03,P006,17,9284.69
202405,2024-05-01,EC03,P007,13,4300.36
202405,2024-05-01,EC03,P008,9,1501.19
202405,2024-05-01,EC03,P009,10,2549.62
202405,2024-05-01,FS01,P001,17,17122.42
202405,2024-05-01,FS01,P002,15,6546.77
202405,2024-05-01,FS01,P003,10,7446.25
202405,2024-05-01,FS01,P004,11,4345.07
202405,2024-05-01,FS01,P005,24,5093.48
202405,2024-05-01,FS01,P006,16,8926.86
202405,2024-05-01,FS01,P007,11,3715.81
202405,2024-05-01,FS01,P008,9,1513.21
202405,2024-05-01,FS01,P009,10,2526.7
202405,2024-05-01,FS02,P001,17,17213.18
202405,2024-05-01,FS02,P002,14,5931.9
202405,2024-05-01,FS02,P003,10,7350.49
202405,2024-05-01,FS02,P004,10,3915.44
202405,2024-05-01,FS02,P005,23,5069.66
202405,2024-05-01,FS02,P006,14,7728.05
202405,2024-05-01,FS02,P007,12,4096.96
202405,2024-05-01,FS02,P008,8,1351.48
202405,2024-05-01,FS02,P009,9,2367.82
202405,2024-05-01,LP01,P001,15,14446.5
202405,2024-05-01,LP01,P002,12,4926.41
202405,2024-05-01,LP01,P003,10,7483.75
202405,2024-05-01,LP01,P004,10,3832.11
202405,2024-05-01,LP01,P005,22,4641.97
202405,2024-05-01,LP01,P006,14,8073.94
202405,2024-05-01,LP01,P007,11,3696.37
202405,2024-05-01,LP01,P008,8,1338.48
202405,2024-05-01,LP01,P009,9,2407.99
202405,2024-05-01,LP02,P001,18,18025.08
202405,2024-05-01,LP02,P002,14,5802.22
202405,2024-05-01,LP02,P003,10,7279.83
202405,2024-05-01,LP02,P004,12,4658.19
202405,2024-05-01,LP02,P005,24,5146.99
202405,2024-05-01,LP02,P006,16,9155.26
202405,2024-05-01,LP02,P007,11,3593.4
202405,2024-05-01,LP02,P008,9,1536.75
202405,2024-05-01,LP02,P009,10,2609.01
202405,2024-05-01,MP01,P001,16,16049.4
202405,2024-05-01,MP01,P002,14,5866.12
202405,2024-05-01,MP01,P003,11,7838.99
202405,2024-05-01,MP01,P004,11,4335.25
202405,2024-05-01,MP01,P005,22,4805.46
202405,2024-05-01,MP01,P006,17,9909.12
202405,2024-05-01,MP01,P007,11,3696.7
202405,2024-05-01,MP01,P008,8,1353.26
202405,2024-05-01,MP01,P009,9,2391.34
202405,2024-05-01,MP02,P001,21,21531.87
202405,2024-05-01,MP02,P002,15,6265.97
202405,2024-05-01,MP02,P003,11,7886.49
202405,2024-05-01,MP02,P004,13,4924.88
202405,2024-05-01,MP02,P005,25,5136.72
202405,2024-05-01,MP02,P006,17,9871.28
202405,2024-05-01,MP02,P007,14,4493.42
202405,2024-05-01,MP02,P008,9,1557.17
202405,2024-05-01,MP02,P009,11,2937.12
202405,2024-05-01,NW01,P001,16,16219.39
202405,2024-05-01,NW01,P002,13,5706.12
202405,2024-05-01,NW01,P003,10,7369.05
202405,2024-05-01,NW01,P004,11,4250.49
202405,2024-05-01,NW01,P005,25,5372.66
202405,2024-05-01,NW01,P006,15,8240.56
202405,2024-05-01,NW01,P007,12,3990.46
202405,2024-05-01,NW01,P008,8,1300.56
202405,2024-05-01,NW01,P009,10,2581.76
202405,2024-05-01,NW02,P001,20,19876.38
202405,2024-05-01,NW02,P002,14,5961.49
202405,2024-05-01,NW02,P003,11,7891.73
202405,2024-05-01,NW02,P004,13,4896.71
202405,2024-05-01,NW02,P005,26,5457.48
202405,2024-05-01,NW02,P006,18,10305.71
202405,2024-05-01,NW02,P007,12,3909.0
202405,2024-05-01,NW02,P008,10,1632.04
202405,2024-05-01,NW02,P009,10,2645.1
202405,2024-05-01,NC01,P001,15,14893.68
202405,2024-05-01,NC01,P002,11,4648.03
202405,2024-05-01,NC01,P003,9,6668.22
202405,2024-05-01,NC01,P004,10,3987.76
202405,2024-05-01,NC01,P005,22,4709.57
202405,2024-05-01,NC01,P006,14,7715.4
202405,2024-05-01,NC01,P007,10,3302.4
202405,2024-05-01,NC01,P008,8,1285.55
202405,2024-05-01,NC01,P009,9,2454.53
202406,2024-06-01,GP01,P001,31,31264.95
202406,2024-06-01,GP01,P002,24,10124.24
202406,2024-06-01,GP01,P003,17,12683.34
202406,2024-06-01,GP01,P004,17,6685.04
202406,2024-06-01,GP01,P005,40,8412.63
202406,2024-06-01,GP01,P006,27,14783.25
202406,2024-06-01,GP01,P007,19,6216.41
202406,2024-06-01,GP01,P008,14,2385.63
202406,2024-06-01,GP01,P009,15,3881.2
202406,2024-06-01,GP02,P001,30,29850.08
202406,2024-06-01,GP02,P002,22,9448.24
202406,2024-06-01,GP02,P003,19,13954.1
202406,2024-06-01,GP02,P004,18,6734.47
202406,2024-06-01,GP02,P005,43,9065.42
202406,2024-06-01,GP02,P006,29,15947.79
202406,2024-06-01,GP02,P007,22,7241.34
202406,2024-06-01,GP02,P008,15,2444.51
202406,2024-06-01,GP02,P009,17,4592.14
202406,2024-06-01,GP03,P001,31,31100.89
202406,2024-06-01,GP03,P002,24,10295.39
202406,2024-06-01,GP03,P003,19,13770.4
202406,2024-06-01,GP03,P004,21,8182.34
202406,2024-06-01,GP03,P005,48,9844.53
202406,2024-06-01,GP03,P006,28,16081.57
202406,2024-06-01,GP03,P007,23,7870.76
202406,2024-06-01,GP03,P008,17,2764.35
202406,2024-06-01,GP03,P009,17,4586.03
202406,2024-06-01,GP04,P001,25,25632.88
202406,2024-06-01,GP04,P002,21,9214.8
202406,2024-06-01,GP04,P003,16,11991.41
202406,2024-06-01,GP04,P004,17,6671.17
202406,2024-06-01,GP04,P005,36,7695.31
202406,2024-06-01,GP04,P006,22,12412.92
202406,2024-06-01,GP04,P007,19,6140.09
202406,2024-06-01,GP04,P008,13,2135.56
202406,2024-06-01,GP04,P009,14,3574.99
202406,2024-06-01,GP05,P001,30,28962.74
202406,2024-06-01,GP05,P002,22,9542.38
202406,2024-06-01,GP05,P003,16,11495.44
202406,2024-06-01,GP05,P004,18,6940.65
202406,2024-06-01,GP05,P005,36,7678.07
202406,2024-06-01,GP05,P006,24,14012.06
202406,2024-06-01,GP05,P007,18,5976.88
202406,2024-06-01,GP05,P008,14,2331.65
202406,2024-06-01,GP05,P009,14,3731.67
202406,2024-06-01,WC01,P001,30,30468.35
202406,2024-06-01,WC01,P002,22,8998.82
202406,2024-06-01,WC01,P003,17,12697.18
202406,2024-06-01,WC01,P004,19,7376.1
202406,2024-06-01,WC01,P005,37,7747.85
202406,2024-06-01,WC01,P006,26,14655.63
202406,2024-06-01,WC01,P007,21,6814.68
202406,2024-06-01,WC01,P008,14,2292.96
202406,2024-06-01,WC01,P009,15,3878.24
202406,2024-06-01,WC02,P001,29,29505.17
202406,2024-06-01,WC02,P002,22,9468.16
202406,2024-06-01,WC02,P003,15,11144.21
202406,2024-06-01,WC02,P004,16,6266.97
202406,2024-06-01,WC02,P005,37,7784.59
202406,2024-06-01,WC02,P006,24,13910.94
202406,2024-06-01,WC02,P007,19,6117.21
202406,2024-06-01,WC02,P008,14,2346.89
202406,2024-06-01,WC02,P009,15,3960.17
202406,2024-06-01,WC03,P001,27,25809.05
202406,2024-06-01,WC03,P002,20,8356.58
202406,2024-06-01,WC03,P003,16,11679.43
202406,2024-06-01,WC03,P004,17,6689.97
202406,2024-06-01,WC03,P005,37,7712.02
202406,2024-06-01,WC03,P006,25,14212.65
202406,2024-06-01,WC03,P007,20,6897.9
202406,2024-06-01,WC03,P008,14,2342.72
202406,2024-06-01,WC03,P009,15,3934.4
202406,2024-06-01,WC04,P001,26,25578.29
202406,2024-06-01,WC04,P002,19,8234.82
202406,2024-06-01,WC04,P003,15,11141.93
202406,2024-06-01,WC04,P004,15,5627.97
202406,2024-06-01,WC04,P005,35,7498.32
202406,2024-06-01,WC04,P006,24,13665.92
202406,2024-06-01,WC04,P007,16,5144.79
202406,2024-06-01,WC04,P008,13,2215.66
202406,2024-06-01,WC04,P009,14,3706.36
202406,2024-06-01,KZN01,P001,27,27332.29
202406,2024-06-01,KZN01,P002,22,9443.14
202406,2024-06-01,KZN01,P003,15,11314.76
202406,2024-06-01,KZN01,P004,18,6937.24
202406,2024-06-01,KZN01,P005,36,7877.25
202406,2024-06-01,KZN01,P006,24,13722.3
202406,2024-06-01,KZN01,P007,17,5614.66
202406,2024-06-01,KZN01,P008,13,2195.74
202406,2024-06-01,KZN01,P009,14,3818.2
202406,2024-06-01,KZN02,P001,22,21770.76
202406,2024-06-01,KZN02,P002,18,7482.04
202406,2024-06-01,KZN02,P003,14,9905.89
202406,2024-06-01,KZN02,P004,14,5561.99
202406,2024-06-01,KZN02,P005,29,5925.91
202406,2024-06-01,KZN02,P006,21,12105.12
202406,2024-06-01,KZN02,P007,16,5208.65
202406,2024-06-01,KZN02,P008,11,1856.08
202406,2024-06-01,KZN02,P009,12,3104.69
202406,2024-06-01,KZN03,P001,21,20869.25
202406,2024-06-01,KZN03,P002,17,7376.88
202406,2024-06-01,KZN03,P003,12,9051.35
202406,2024-06-01,KZN03,P004,13,5056.13
202406,2024-06-01,KZN03,P005,28,5874.32
202406,2024-06-01,KZN03,P006,20,11498.25
202406,2024-06-01,KZN03,P007,14,4835.41
202406,2024-06-01,KZN03,P008,11,1806.54
202406,2024-06-01,KZN03,P009,12,3245.45
202406,2024-06-01,KZN04,P001,25,24645.85
202406,2024-06-01,KZN04,P002,20,8620.79
202406,2024-06-01,KZN04,P003,15,11308.51
202406,2024-06-01,KZN04,P004,17,6661.14
202406,2024-06-01,KZN04,P005,37,7918.04
202406,2024-06-01,KZN04,P006,22,12877.59
202406,2024-06-01,KZN04,P007,18,6057.24
202406,2024-06-01,KZN04,P008,12,2004.48
202406,2024-06-01,KZN04,P009,14,3718.36
202406,2024-06-01,EC01,P001,22,20961.87
202406,2024-06-01,EC01,P002,17,7121.8
202406,2024-06-01,EC01,P003,13,9735.27
202406,2024-06-01,EC01,P004,14,5224.82
202406,2024-06-01,EC01,P005,31,6706.75
202406,2024-06-01,EC01,P006,20,11096.56
202406,2024-06-01,EC01,P007,15,5009.69
202406,2024-06-01,EC01,P008,10,1646.86
202406,2024-06-01,EC01,P009,13,3457.46
202406,2024-06-01,EC02,P001,19,19210.13
202406,2024-06-01,EC02,P002,15,6516.83
202406,2024-06-01,EC02,P003,10,7390.98
202406,2024-06-01,EC02,P004,12,4637.95
202406,2024-06-01,EC02,P005,26,5330.36
202406,2024-06-01,EC02,P006,16,9234.33
202406,2024-06-01,EC02,P007,13,4411.28
202406,2024-06-01,EC02,P008,9,1448.62
202406,2024-06-01,EC02,P009,9,2416.24
202406,2024-06-01,EC03,P001,20,20267.7
202406,2024-06-01,EC03,P002,14,5931.32
202406,2024-06-01,EC03,P003,11,8117.57
202406,2024-06-01,EC03,P004,12,4427.89
202406,2024-06-01,EC03,P005,24,4966.2
202406,2024-06-01,EC03,P006,17,9538.5
202406,2024-06-01,EC03,P007,13,4323.98
202406,2024-06-01,EC03,P008,9,1460.01
202406,2024-06-01,EC03,P009,9,2341.7
202406,2024-06-01,FS01,P001,16,15818.71
202406,2024-06-01,FS01,P002,13,5657.19
202406,2024-06-01,FS01,P003,10,7050.22
202406,2024-06-01,FS01,P004,11,4181.76
202406,2024-06-01,FS01,P005,24,5263.03
202406,2024-06-01,FS01,P006,17,9857.71
202406,2024-06-01,FS01,P007,13,4277.91
202406,2024-06-01,FS01,P008,8,1332.11
202406,2024-06-01,FS01,P009,9,2440.49
202406,2024-06-01,FS02,P001,16,16408.53
202406,2024-06-01,FS02,P002,14,6094.85
202406,2024-06-01,FS02,P003,10,7334.93
202406,2024-06-01,FS02,P004,10,3843.81
202406,2024-06-01,FS02,P005,23,4802.2
202406,2024-06-01,FS02,P006,14,7653.34
202406,2024-06-01,FS02,P007,11,3664.47
202406,2024-06-01,FS02,P008,8,1306.84
202406,2024-06-01,FS02,P009,9,2347.4
202406,2024-06-01,LP01,P001,15,14856.17
202406,2024-06-01,LP01,P002,11,4560.81
202406,2024-06-01,LP01,P003,9,6342.2
202406,2024-06-01,LP01,P004,9,3422.44
202406,2024-06-01,LP01,P005,23,4907.63
202406,2024-06-01,LP01,P006,14,7845.81
202406,2024-06-01,LP01,P007,11,3775.39
202406,2024-06-01,LP01,P008,7,1180.88
202406,2024-06-01,LP01,P009,8,2101.63
202406,2024-06-01,LP02,P001,18,18258.87
202406,2024-06-01,LP02,P002,14,6164.39
202406,2024-06-01,LP02,P003,9,6685.91
202406,2024-06-01,LP02,P004,11,4150.24
202406,2024-06-01,LP02,P005,24,5040.76
202406,2024-06-01,LP02,P006,17,9319.47
202406,2024-06-01,LP02,P007,13,4288.59
202406,2024-06-01,LP02,P008,8,1297.42
202406,2024-06-01,LP02,P009,9,2456.45
202406,2024-06-01,MP01,P001,17,17087.09
202406,2024-06-01,MP01,P002,13,5312.49
202406,2024-06-01,MP01,P003,11,8027.54
202406,2024-06-01,MP01,P004,10,3885.14
202406,2024-06-01,MP01,P005,25,5436.99
202406,2024-06-01,MP01,P006,16,9328.05
202406,2024-06-01,MP01,P007,11,3565.46
202406,2024-06-01,MP01,P008,8,1334.96
202406,2024-06-01,MP01,P009,9,2447.87
202406,2024-06-01,MP02,P001,18,18451.76
202406,2024-06-01,MP02,P002,14,6126.78
202406,2024-06-01,MP02,P003,12,8644.83
202406,2024-06-01,MP02,P004,12,4565.98
202406,2024-06-01,MP02,P005,25,5234.49
202406,2024-06-01,MP02,P006,17,9664.07
202406,2024-06-01,MP02,P007,14,4586.17
202406,2024-06-01,MP02,P008,9,1533.54
202406,2024-06-01,MP02,P009,10,2551.64
202406,2024-06-01,NW01,P001,17,16815.35
202406,2024-06-01,NW01,P002,14,5863.57
202406,2024-06-01,NW01,P003,10,7075.02
202406,2024-06-01,NW01,P004,11,4341.78
202406,2024-06-01,NW01,P005,23,4730.01
202406,2024-06-01,NW01,P006,16,9295.93
202406,2024-06-01,NW01,P007,12,3969.64
202406,2024-06-01,NW01,P008,9,1524.16
202406,2024-06-01,NW01,P009,9,2368.65
202406,2024-06-01,NW02,P001,20,19698.42
202406,2024-06-01,NW02,P002,15,6204.6
202406,2024-06-01,NW02,P003,11,8175.83
202406,2024-06-01,NW02,P004,12,4451.28
202406,2024-06-01,NW02,P005,28,5981.15
202406,2024-06-01,NW02,P006,16,9004.46
202406,2024-06-01,NW02,P007,12,3964.73
202406,2024-06-01,NW02,P008,9,1548.44
202406,2024-06-01,NW02,P009,10,2702.16
202406,2024-06-01,NC01,P001,15,15255.6
202406,2024-06-01,NC01,P002,11,4843.89
202406,2024-06-01,NC01,P003,8,5819.15
202406,2024-06-01,NC01,P004,10,3792.7
202406,2024-06-01,NC01,P005,21,4428.17
202406,2024-06-01,NC01,P006,15,8661.92
202406,2024-06-01,NC01,P007,11,3768.38
202406,2024-06-01,NC01,P008,7,1163.71
202406,2024-06-01,NC01,P009,9,2344.95
202407,2024-07-01,GP01,P001,31,31001.17
202407,2024-07-01,GP01,P002,21,8903.56
202407,2024-07-01,GP01,P003,17,11881.0
202407,2024-07-01,GP01,P004,17,6357.51
202407,2024-07-01,GP01,P005,41,8740.01
202407,2024-07-01,GP01,P006,24,13872.73
202407,2024-07-01,GP01,P007,19,6341.22
202407,2024-07-01,GP01,P008,13,2224.82
202407,2024-07-01,GP01,P009,15,3885.15
202407,2024-07-01,GP02,P001,31,30326.23
202407,2024-07-01,GP02,P002,22,9177.77
202407,2024-07-01,GP02,P003,18,13234.24
202407,2024-07-01,GP02,P004,20,7520.34
202407,2024-07-01,GP02,P005,45,9242.41
202407,2024-07-01,GP02,P006,28,15652.28
202407,2024-07-01,GP02,P007,20,6863.33
202407,2024-07-01,GP02,P008,16,2666.66
202407,2024-07-01,GP02,P009,16,4261.34
202407,2024-07-01,GP03,P001,35,34984.29
202407,2024-07-01,GP03,P002,24,10256.73
202407,2024-07-01,GP03,P003,20,14642.79
202407,2024-07-01,GP03,P004,21,8301.82
202407,2024-07-01,GP03,P005,43,9382.65
202407,2024-07-01,GP03,P006,31,16890.58
202407,2024-07-01,GP03,P007,24,8231.0
202407,2024-07-01,GP03,P008,16,2628.49
202407,2024-07-01,GP03,P009,18,4655.08
202407,2024-07-01,GP04,P001,25,25133.13
202407,2024-07-01,GP04,P002,19,8135.88
202407,2024-07-01,GP04,P003,15,10482.91
202407,2024-07-01,GP04,P004,16,6113.72
202407,2024-07-01,GP04,P005,33,6999.75
202407,2024-07-01,GP04,P006,23,13259.71
202407,2024-07-01,GP04,P007,18,6053.7
202407,2024-07-01,GP04,P008,13,2112.05
202407,2024-07-01,GP04,P009,15,4064.62
202407,2024-07-01,GP05,P001,29,28752.04
202407,2024-07-01,GP05,P002,22,9354.96
202407,2024-07-01,GP05,P003,15,11004.0
202407,2024-07-01,GP05,P004,18,6800.51
202407,2024-07-01,GP05,P005,38,8328.93
202407,2024-07-01,GP05,P006,27,14713.8
202407,2024-07-01,GP05,P007,20,6528.89
202407,2024-07-01,GP05,P008,14,2413.13
202407,2024-07-01,GP05,P009,16,4211.73
202407,2024-07-01,WC01,P001,27,26561.41
202407,2024-07-01,WC01,P002,22,9039.49
202407,2024-07-01,WC01,P003,16,11972.36
202407,2024-07-01,WC01,P004,19,7499.27
202407,2024-07-01,WC01,P005,38,8017.33
202407,2024-07-01,WC01,P006,25,13613.94
202407,2024-07-01,WC01,P007,21,7202.46
202407,2024-07-01,WC01,P008,15,2419.47
202407,2024-07-01,WC01,P009,16,4233.47
202407,2024-07-01,WC02,P001,25,25267.35
202407,2024-07-01,WC02,P002,19,7963.93
202407,2024-07-01,WC02,P003,16,11249.11
202407,2024-07-01,WC02,P004,17,6460.58
202407,2024-07-01,WC02,P005,34,7258.87
202407,2024-07-01,WC02,P006,25,14624.81
202407,2024-07-01,WC02,P007,19,6254.01
202407,2024-07-01,WC02,P008,13,2108.48
202407,2024-07-01,WC02,P009,15,3912.54
202407,2024-07-01,WC03,P001,27,27667.45
202407,2024-07-01,WC03,P002,21,8944.66
202407,2024-07-01,WC03,P003,17,12825.78
202407,2024-07-01,WC03,P004,18,6635.11
202407,2024-07-01,WC03,P005,37,7768.15
202407,2024-07-01,WC03,P006,26,14871.85
202407,2024-07-01,WC03,P007,18,6054.08
202407,2024-07-01,WC03,P008,13,2252.13
202407,2024-07-01,WC03,P009,14,3671.36
202407,2024-07-01,WC04,P001,25,25248.54
202407,2024-07-01,WC04,P002,20,8769.13
202407,2024-07-01,WC04,P003,15,11269.53
202407,2024-07-01,WC04,P004,16,6159.65
202407,2024-07-01,WC04,P005,32,6826.27
202407,2024-07-01,WC04,P006,25,14624.46
202407,2024-07-01,WC04,P007,17,5463.13
202407,2024-07-01,WC04,P008,14,2310.81
202407,2024-07-01,WC04,P009,14,3614.45
202407,2024-07-01,KZN01,P001,28,27849.74
202407,2024-07-01,KZN01,P002,19,8076.26
202407,2024-07-01,KZN01,P003,16,11889.91
202407,2024-07-01,KZN01,P004,17,6297.91
202407,2024-07-01,KZN01,P005,36,7857.63
202407,2024-07-01,KZN01,P006,24,13911.11
202407,2024-07-01,KZN01,P007,20,6750.86
202407,2024-07-01,KZN01,P008,12,2063.34
202407,2024-07-01,KZN01,P009,15,3853.36
202407,2024-07-01,KZN02,P001,23,22762.95
202407,2024-07-01,KZN02,P002,17,7290.36
202407,2024-07-01,KZN02,P003,13,9211.13
202407,2024-07-01,KZN02,P004,14,5189.04
202407,2024-07-01,KZN02,P005,29,6066.1
202407,2024-07-01,KZN02,P006,21,11640.68
202407,2024-07-01,KZN02,P007,16,5408.55
202407,2024-07-01,KZN02,P008,11,1844.5
202407,2024-07-01,KZN02,P009,12,3163.98
202407,2024-07-01,KZN03,P001,21,20761.85
202407,2024-07-01,KZN03,P002,18,7534.94
202407,2024-07-01,KZN03,P003,13,9229.41
202407,2024-07-01,KZN03,P004,14,5204.37
202407,2024-07-01,KZN03,P005,27,5781.76
202407,2024-07-01,KZN03,P006,20,11216.79
202407,2024-07-01,KZN03,P007,14,4740.57
202407,2024-07-01,KZN03,P008,11,1860.31
202407,2024-07-01,KZN03,P009,12,3169.49
202407,2024-07-01,KZN04,P001,25,24181.83
202407,2024-07-01,KZN04,P002,22,9510.83
202407,2024-07-01,KZN04,P003,16,11313.43
202407,2024-07-01,KZN04,P004,18,6677.75
202407,2024-07-01,KZN04,P005,38,7989.39
202407,2024-07-01,KZN04,P006,23,12821.9
202407,2024-07-01,KZN04,P007,17,5511.01
202407,2024-07-01,KZN04,P008,13,2107.69
202407,2024-07-01,KZN04,P009,15,3854.04
202407,2024-07-01,EC01,P001,20,19441.56
202407,2024-07-01,EC01,P002,17,7031.87
202407,2024-07-01,EC01,P003,12,8783.75
202407,2024-07-01,EC01,P004,13,4956.7
202407,2024-07-01,EC01,P005,32,7020.02
202407,2024-07-01,EC01,P006,20,11688.05
202407,2024-07-01,EC01,P007,14,4745.6
202407,2024-07-01,EC01,P008,11,1905.47
202407,2024-07-01,EC01,P009,12,3192.79
202407,2024-07-01,EC02,P001,18,17480.36
202407,2024-07-01,EC02,P002,14,5829.87
202407,2024-07-01,EC02,P003,11,7813.18
202407,2024-07-01,EC02,P004,12,4564.78
202407,2024-07-01,EC02,P005,25,5275.01
202407,2024-07-01,EC02,P006,16,9321.1
202407,2024-07-01,EC02,P007,12,3895.8
202407,2024-07-01,EC02,P008,9,1533.58
202407,2024-07-01,EC02,P009,10,2690.42
202407,2024-07-01,EC03,P001,19,19017.39
202407,2024-07-01,EC03,P002,15,6177.12
202407,2024-07-01,EC03,P003,10,7401.69
202407,2024-07-01,EC03,P004,12,4673.08
202407,2024-07-01,EC03,P005,25,5255.03
202407,2024-07-01,EC03,P006,18,10415.91
202407,2024-07-01,EC03,P007,13,4364.58
202407,2024-07-01,EC03,P008,10,1605.52
202407,2024-07-01,EC03,P009,9,2390.9
202407,2024-07-01,FS01,P001,18,17116.34
202407,2024-07-01,FS01,P002,14,5807.58
202407,2024-07-01,FS01,P003,10,7447.45
202407,2024-07-01,FS01,P004,11,4291.26
202407,2024-07-01,FS01,P005,25,5366.5
202407,2024-07-01,FS01,P006,15,8323.3
202407,2024-07-01,FS01,P007,12,3921.54
202407,2024-07-01,FS01,P008,9,1550.36
202407,2024-07-01,FS01,P009,9,2403.41
202407,2024-07-01,FS02,P001,15,14534.22
202407,2024-07-01,FS02,P002,12,4941.83
202407,2024-07-01,FS02,P003,10,7000.43
202407,2024-07-01,FS02,P004,10,3807.84
202407,2024-07-01,FS02,P005,22,4673.63
202407,2024-07-01,FS02,P006,14,8155.32
202407,2024-07-01,FS02,P007,12,3983.78
202407,2024-07-01,FS02,P008,8,1292.73
202407,2024-07-01,FS02,P009,9,2367.05
202407,2024-07-01,LP01,P001,17,16206.74
202407,2024-07-01,LP01,P002,13,5681.21
202407,2024-07-01,LP01,P003,9,6703.22
202407,2024-07-01,LP01,P004,10,3894.86
202407,2024-07-01,LP01,P005,22,4562.23
202407,2024-07-01,LP01,P006,14,8025.21
202407,2024-07-01,LP01,P007,10,3427.47
202407,2024-07-01,LP01,P008,8,1373.86
202407,2024-07-01,LP01,P009,9,2427.64
202407,2024-07-01,LP02,P001,17,16253.1
202407,2024-07-01,LP02,P002,14,5731.47
202407,2024-07-01,LP02,P003,11,8057.98
202407,2024-07-01,LP02,P004,11,4064.09
202407,2024-07-01,LP02,P005,22,4825.65
202407,2024-07-01,LP02,P006,16,8820.63
202407,2024-07-01,LP02,P007,11,3648.06
202407,2024-07-01,LP02,P008,9,1522.07
202407,2024-07-01,LP02,P009,10,2635.78
202407,2024-07-01,MP01,P001,18,18234.96
202407,2024-07-01,MP01,P002,13,5532.52
202407,2024-07-01,MP01,P003,11,8084.56
202407,2024-07-01,MP01,P004,11,4206.48
202407,2024-07-01,MP01,P005,25,5239.7
202407,2024-07-01,MP01,P006,17,9277.93
202407,2024-07-01,MP01,P007,12,4032.9
202407,2024-07-01,MP01,P008,8,1350.98
202407,2024-07-01,MP01,P009,9,2395.26
202407,2024-07-01,MP02,P001,21,20309.88
202407,2024-07-01,MP02,P002,14,5847.2
202407,2024-07-01,MP02,P003,11,8096.47
202407,2024-07-01,MP02,P004,13,4873.99
202407,2024-07-01,MP02,P005,27,5829.65
202407,2024-07-01,MP02,P006,17,9600.42
202407,2024-07-01,MP02,P007,14,4768.67
202407,2024-07-01,MP02,P008,9,1487.56
202407,2024-07-01,MP02,P009,11,2793.16
202407,2024-07-01,NW01,P001,18,17718.67
202407,2024-07-01,NW01,P002,12,5070.96
202407,2024-07-01,NW01,P003,9,6709.13
202407,2024-07-01,NW01,P004,11,4155.12
202407,2024-07-01,NW01,P005,23,4793.95
202407,2024-07-01,NW01,P006,16,9060.52
202407,2024-07-01,NW01,P007,11,3561.47
202407,2024-07-01,NW01,P008,9,1442.32
202407,2024-07-01,NW01,P009,10,2667.06
202407,2024-07-01,NW02,P001,19,18689.43
202407,2024-07-01,NW02,P002,15,6142.79
202407,2024-07-01,NW02,P003,11,8082.67
202407,2024-07-01,NW02,P004,13,5096.96
202407,2024-07-01,NW02,P005,27,5554.45
202407,2024-07-01,NW02,P006,18,10121.81
202407,2024-07-01,NW02,P007,13,4197.3
202407,2024-07-01,NW02,P008,9,1460.64
202407,2024-07-01,NW02,P009,11,2903.37
202407,2024-07-01,NC01,P001,15,15026.36
202407,2024-07-01,NC01,P002,11,4658.82
202407,2024-07-01,NC01,P003,9,6581.33
202407,2024-07-01,NC01,P004,10,3876.41
202407,2024-07-01,NC01,P005,22,4733.06
202407,2024-07-01,NC01,P006,13,7403.37
202407,2024-07-01,NC01,P007,10,3256.25
202407,2024-07-01,NC01,P008,8,1369.35
202407,2024-07-01,NC01,P009,9,2328.11
202408,2024-08-01,GP01,P001,29,29053.69
202408,2024-08-01,GP01,P002,23,10013.38
202408,2024-08-01,GP01,P003,18,13050.17
202408,2024-08-01,GP01,P004,19,7205.66
202408,2024-08-01,GP01,P005,38,8165.58
202408,2024-08-01,GP01,P006,28,16103.86
202408,2024-08-01,GP01,P007,19,6160.21
202408,2024-08-01,GP01,P008,15,2420.07
202408,2024-08-01,GP01,P009,15,3793.28
202408,2024-08-01,GP02,P001,31,30758.13
202408,2024-08-01,GP02,P002,23,9698.88
202408,2024-08-01,GP02,P003,17,12268.89
202408,2024-08-01,GP02,P004,18,7013.8
202408,2024-08-01,GP02,P005,45,9891.48
202408,2024-08-01,GP02,P006,26,14774.35
202408,2024-08-01,GP02,P007,22,7089.75
202408,2024-08-01,GP02,P008,15,2436.31
202408,2024-08-01,GP02,P009,17,4337.76
202408,2024-08-01,GP03,P001,34,33824.71
202408,2024-08-01,GP03,P002,26,10875.1
202408,2024-08-01,GP03,P003,18,12962.07
202408,2024-08-01,GP03,P004,22,8561.98
202408,2024-08-01,GP03,P005,42,9191.56
202408,2024-08-01,GP03,P006,31,17098.5
202408,2024-08-01,GP03,P007,23,7670.45
202408,2024-08-01,GP03,P008,15,2568.98
202408,2024-08-01,GP03,P009,18,4884.0
202408,2024-08-01,GP04,P001,26,25507.81
202408,2024-08-01,GP04,P002,20,8394.49
202408,2024-08-01,GP04,P003,16,11183.5
202408,2024-08-01,GP04,P004,16,5966.72
202408,2024-08-01,GP04,P005,34,7443.7
202408,2024-08-01,GP04,P006,24,13195.88
202408,2024-08-01,GP04,P007,17,5637.2
202408,2024-08-01,GP04,P008,14,2305.77
202408,2024-08-01,GP04,P009,15,3958.57
202408,2024-08-01,GP05,P001,28,27444.07
202408,2024-08-01,GP05,P002,20,8247.47
202408,2024-08-01,GP05,P003,17,12112.19
202408,2024-08-01,GP05,P004,18,6756.86
202408,2024-08-01,GP05,P005,36,7462.9
202408,2024-08-01,GP05,P006,27,15585.72
202408,2024-08-01,GP05,P007,20,6564.18
202408,2024-08-01,GP05,P008,15,2594.61
202408,2024-08-01,GP05,P009,16,4164.24
202408,2024-08-01,WC01,P001,30,30086.16
202408,2024-08-01,WC01,P002,23,9703.04
202408,2024-08-01,WC01,P003,18,13183.56
202408,2024-08-01,WC01,P004,19,7383.98
202408,2024-08-01,WC01,P005,41,8933.08
202408,2024-08-01,WC01,P006,25,13867.49
202408,2024-08-01,WC01,P007,18,6007.59
202408,2024-08-01,WC01,P008,13,2181.52
202408,2024-08-01,WC01,P009,15,3962.22
202408,2024-08-01,WC02,P001,26,26279.65
202408,2024-08-01,WC02,P002,21,9112.37
202408,2024-08-01,WC02,P003,15,10660.36
202408,2024-08-01,WC02,P004,18,7134.4
202408,2024-08-01,WC02,P005,38,8303.85
202408,2024-08-01,WC02,P006,26,14614.0
202408,2024-08-01,WC02,P007,18,6117.62
202408,2024-08-01,WC02,P008,14,2260.58
202408,2024-08-01,WC02,P009,15,4043.83
202408,2024-08-01,WC03,P001,27,25735.02
202408,2024-08-01,WC03,P002,22,9242.24
202408,2024-08-01,WC03,P003,16,11394.64
202408,2024-08-01,WC03,P004,18,7070.17
202408,2024-08-01,WC03,P005,39,7980.46
202408,2024-08-01,WC03,P006,24,13171.89
202408,2024-08-01,WC03,P007,18,5944.28
202408,2024-08-01,WC03,P008,14,2422.8
202408,2024-08-01,WC03,P009,15,3856.35
202408,2024-08-01,WC04,P001,24,23370.58
202408,2024-08-01,WC04,P002,18,7390.07
202408,2024-08-01,WC04,P003,16,11721.66
202408,2024-08-01,WC04,P004,17,6539.94
202408,2024-08-01,WC04,P005,37,7626.98
202408,2024-08-01,WC04,P006,22,12328.23
202408,2024-08-01,WC04,P007,16,5297.61
202408,2024-08-01,WC04,P008,14,2334.46
202408,2024-08-01,WC04,P009,13,3296.62
202408,2024-08-01,KZN01,P001,27,25855.98
202408,2024-08-01,KZN01,P002,20,8555.93
202408,2024-08-01,KZN01,P003,15,10912.9
202408,2024-08-01,KZN01,P004,18,6990.95
202408,2024-08-01,KZN01,P005,38,7992.76
202408,2024-08-01,KZN01,P006,23,12526.24
202408,2024-08-01,KZN01,P007,20,6601.67
202408,2024-08-01,KZN01,P008,13,2104.66
202408,2024-08-01,KZN01,P009,14,3626.07
202408,2024-08-01,KZN02,P001,21,21161.24
202408,2024-08-01,KZN02,P002,16,6711.94
202408,2024-08-01,KZN02,P003,13,9132.27
202408,2024-08-01,KZN02,P004,15,5564.64
202408,2024-08-01,KZN02,P005,29,6124.77
202408,2024-08-01,KZN02,P006,19,11079.26
202408,2024-08-01,KZN02,P007,15,4804.33
202408,2024-08-01,KZN02,P008,11,1784.06
202408,2024-08-01,KZN02,P009,12,3204.01
202408,2024-08-01,KZN03,P001,20,19516.07
202408,2024-08-01,KZN03,P002,16,6554.27
202408,2024-08-01,KZN03,P003,12,8940.5
202408,2024-08-01,KZN03,P004,15,5742.41
202408,2024-08-01,KZN03,P005,28,6136.07
202408,2024-08-01,KZN03,P006,19,10511.59
202408,2024-08-01,KZN03,P007,14,4715.27
202408,2024-08-01,KZN03,P008,10,1664.83
202408,2024-08-01,KZN03,P009,12,3120.27
202408,2024-08-01,KZN04,P001,27,26492.76
202408,2024-08-01,KZN04,P002,21,8698.51
202408,2024-08-01,KZN04,P003,16,11477.49
202408,2024-08-01,KZN04,P004,15,5783.6
202408,2024-08-01,KZN04,P005,38,8118.73
202408,2024-08-01,KZN04,P006,23,13355.38
202408,2024-08-01,KZN04,P007,19,6163.9
202408,2024-08-01,KZN04,P008,13,2094.54
202408,2024-08-01,KZN04,P009,15,4054.97
202408,2024-08-01,EC01,P001,21,20667.31
202408,2024-08-01,EC01,P002,18,7467.2
202408,2024-08-01,EC01,P003,13,9208.86
202408,2024-08-01,EC01,P004,13,5136.41
202408,2024-08-01,EC01,P005,29,5933.61
202408,2024-08-01,EC01,P006,19,10613.46
202408,2024-08-01,EC01,P007,15,4804.78
202408,2024-08-01,EC01,P008,10,1706.79
202408,2024-08-01,EC01,P009,11,2865.69
202408,2024-08-01,EC02,P001,18,18143.66
202408,2024-08-01,EC02,P002,15,6498.51
202408,2024-08-01,EC02,P003,10,7274.21
202408,2024-08-01,EC02,P004,13,5065.02
202408,2024-08-01,EC02,P005,23,4981.71
202408,2024-08-01,EC02,P006,17,9538.96
202408,2024-08-01,EC02,P007,13,4183.77
202408,2024-08-01,EC02,P008,9,1497.74
202408,2024-08-01,EC02,P009,9,2330.1
202408,2024-08-01,EC03,P001,18,18192.62
202408,2024-08-01,EC03,P002,15,6464.11
202408,2024-08-01,EC03,P003,11,7977.02
202408,2024-08-01,EC03,P004,12,4479.8
202408,2024-08-01,EC03,P005,24,5084.97
202408,2024-08-01,EC03,P006,17,9578.3
202408,2024-08-01,EC03,P007,12,3922.39
202408,2024-08-01,EC03,P008,9,1514.79
202408,2024-08-01,EC03,P009,10,2523.67
202408,2024-08-01,FS01,P001,17,16947.29
202408,2024-08-01,FS01,P002,15,6209.86
202408,2024-08-01,FS01,P003,10,7188.07
202408,2024-08-01,FS01,P004,12,4500.94
202408,2024-08-01,FS01,P005,25,5218.69
202408,2024-08-01,FS01,P006,16,8968.36
202408,2024-08-01,FS01,P007,12,3974.54
202408,2024-08-01,FS01,P008,9,1448.88
202408,2024-08-01,FS01,P009,10,2631.09
202408,2024-08-01,FS02,P001,18,17344.94
202408,2024-08-01,FS02,P002,14,5797.0
202408,2024-08-01,FS02,P003,10,7047.5
202408,2024-08-01,FS02,P004,11,4081.49
202408,2024-08-01,FS02,P005,22,4547.77
202408,2024-08-01,FS02,P006,14,8218.27
202408,2024-08-01,FS02,P007,11,3550.53
202408,2024-08-01,FS02,P008,8,1340.25
202408,2024-08-01,FS02,P009,9,2456.85
202408,2024-08-01,LP01,P001,15,15281.01
202408,2024-08-01,LP01,P002,12,4968.72
202408,2024-08-01,LP01,P003,10,7520.48
202408,2024-08-01,LP01,P004,9,3505.18
202408,2024-08-01,LP01,P005,23,4885.93
202408,2024-08-01,LP01,P006,15,8776.35
202408,2024-08-01,LP01,P007,10,3212.35
202408,2024-08-01,LP01,P008,8,1318.3
202408,2024-08-01,LP01,P009,9,2292.95
202408,2024-08-01,LP02,P001,18,17370.27
202408,2024-08-01,LP02,P002,14,5832.87
202408,2024-08-01,LP02,P003,11,8142.67
202408,2024-08-01,LP02,P004,11,4347.32
202408,2024-08-01,LP02,P005,22,4500.57
202408,2024-08-01,LP02,P006,17,9743.73
202408,2024-08-01,LP02,P007,12,4020.42
202408,2024-08-01,LP02,P008,9,1508.9
202408,2024-08-01,LP02,P009,9,2329.12
202408,2024-08-01,MP01,P001,17,17141.42
202408,2024-08-01,MP01,P002,12,5070.79
202408,2024-08-01,MP01,P003,11,8263.0
202408,2024-08-01,MP01,P004,11,4199.78
202408,2024-08-01,MP01,P005,22,4504.29
202408,2024-08-01,MP01,P006,14,7935.74
202408,2024-08-01,MP01,P007,12,3965.55
202408,2024-08-01,MP01,P008,8,1289.98
202408,2024-08-01,MP01,P009,10,2562.97
202408,2024-08-01,MP02,P001,20,19285.4
202408,2024-08-01,MP02,P002,15,6165.69
202408,2024-08-01,MP02,P003,12,8538.71
202408,2024-08-01,MP02,P004,13,4974.18
202408,2024-08-01,MP02,P005,26,5622.46
202408,2024-08-01,MP02,P006,18,10441.37
202408,2024-08-01,MP02,P007,13,4306.06
202408,2024-08-01,MP02,P008,10,1603.7
202408,2024-08-01,MP02,P009,11,2996.25
202408,2024-08-01,NW01,P001,18,17357.91
202408,2024-08-01,NW01,P002,12,4938.61
202408,2024-08-01,NW01,P003,11,7897.76
202408,2024-08-01,NW01,P004,11,4195.88
202408,2024-08-01,NW01,P005,22,4496.14
202408,2024-08-01,NW01,P006,16,8751.43
202408,2024-08-01,NW01,P007,12,3911.64
202408,2024-08-01,NW01,P008,9,1540.51
202408,2024-08-01,NW01,P009,10,2542.73
202408,2024-08-01,NW02,P001,18,17556.96
202408,2024-08-01,NW02,P002,16,6637.01
202408,2024-08-01,NW02,P003,11,7826.72
202408,2024-08-01,NW02,P004,12,4741.26
202408,2024-08-01,NW02,P005,25,5169.51
202408,2024-08-01,NW02,P006,17,9674.58
202408,2024-08-01,NW02,P007,14,4706.11
202408,2024-08-01,NW02,P008,10,1683.19
202408,2024-08-01,NW02,P009,11,2906.97
202408,2024-08-01,NC01,P001,15,15168.32
202408,2024-08-01,NC01,P002,12,5067.06
202408,2024-08-01,NC01,P003,9,6600.65
202408,2024-08-01,NC01,P004,9,3582.16
202408,2024-08-01,NC01,P005,22,4713.31
202408,2024-08-01,NC01,P006,14,7613.06
202408,2024-08-01,NC01,P007,11,3675.49
202408,2024-08-01,NC01,P008,8,1294.64
202408,2024-08-01,NC01,P009,9,2398.86
202409,2024-09-01,GP01,P001,28,28099.77
202409,2024-09-01,GP01,P002,23,9427.91
202409,2024-09-01,GP01,P003,18,13337.24
202409,2024-09-01,GP01,P004,17,6576.75
202409,2024-09-01,GP01,P005,37,7768.12
202409,2024-09-01,GP01,P006,24,13341.49
202409,2024-09-01,GP01,P007,21,7164.02
202409,2024-09-01,GP01,P008,15,2463.94
202409,2024-09-01,GP01,P009,16,4145.36
202409,2024-09-01,GP02,P001,31,31853.29
202409,2024-09-01,GP02,P002,25,10208.77
202409,2024-09-01,GP02,P003,18,13147.55
202409,2024-09-01,GP02,P004,19,7118.45
202409,2024-09-01,GP02,P005,40,8412.55
202409,2024-09-01,GP02,P006,29,16470.96
202409,2024-09-01,GP02,P007,21,6766.21
202409,2024-09-01,GP02,P008,16,2684.09
202409,2024-09-01,GP02,P009,17,4572.18
202409,2024-09-01,GP03,P001,33,31787.48
202409,2024-09-01,GP03,P002,25,10462.94
202409,2024-09-01,GP03,P003,18,12647.21
202409,2024-09-01,GP03,P004,22,8692.55
202409,2024-09-01,GP03,P005,46,9625.14
202409,2024-09-01,GP03,P006,28,15554.31
202409,2024-09-01,GP03,P007,21,6740.4
202409,2024-09-01,GP03,P008,16,2648.8
202409,2024-09-01,GP03,P009,18,4551.93
202409,2024-09-01,GP04,P001,24,23009.09
202409,2024-09-01,GP04,P002,19,8349.19
202409,2024-09-01,GP04,P003,16,11177.13
202409,2024-09-01,GP04,P004,16,6329.91
202409,2024-09-01,GP04,P005,33,6925.88
202409,2024-09-01,GP04,P006,25,13796.57
202409,2024-09-01,GP04,P007,18,5826.44
202409,2024-09-01,GP04,P008,12,2031.74
202409,2024-09-01,GP04,P009,14,3780.65
202409,2024-09-01,GP05,P001,27,26015.8
202409,2024-09-01,GP05,P002,20,8201.37
202409,2024-09-01,GP05,P003,18,13171.49
202409,2024-09-01,GP05,P004,18,6651.81
202409,2024-09-01,GP05,P005,39,8404.55
202409,2024-09-01,GP05,P006,26,15119.69
202409,2024-09-01,GP05,P007,18,6038.69
202409,2024-09-01,GP05,P008,14,2309.93
202409,2024-09-01,GP05,P009,16,4101.59
202409,2024-09-01,WC01,P001,29,27701.91
202409,2024-09-01,WC01,P002,21,8616.63
202409,2024-09-01,WC01,P003,17,12154.15
202409,2024-09-01,WC01,P004,17,6538.86
202409,2024-09-01,WC01,P005,39,8008.32
202409,2024-09-01,WC01,P006,24,13243.63
202409,2024-09-01,WC01,P007,18,5864.11
202409,2024-09-01,WC01,P008,14,2268.16
202409,2024-09-01,WC01,P009,15,3980.25
202409,2024-09-01,WC02,P001,25,24418.16
202409,2024-09-01,WC02,P002,20,8484.33
202409,2024-09-01,WC02,P003,17,12596.75
202409,2024-09-01,WC02,P004,16,6086.4
202409,2024-09-01,WC02,P005,39,8429.76
202409,2024-09-01,WC02,P006,23,13224.17
202409,2024-09-01,WC02,P007,17,5853.84
202409,2024-09-01,WC02,P008,14,2406.12
202409,2024-09-01,WC02,P009,15,3949.97
202409,2024-09-01,WC03,P001,29,27607.1
202409,2024-09-01,WC03,P002,22,8977.79
202409,2024-09-01,WC03,P003,16,11369.38
202409,2024-09-01,WC03,P004,16,5970.92
202409,2024-09-01,WC03,P005,37,7778.19
202409,2024-09-01,WC03,P006,23,13319.79
202409,2024-09-01,WC03,P007,18,6077.73
202409,2024-09-01,WC03,P008,14,2276.63
202409,2024-09-01,WC03,P009,14,3557.23
202409,2024-09-01,WC04,P001,27,26693.09
202409,2024-09-01,WC04,P002,21,9258.27
202409,2024-09-01,WC04,P003,15,10557.26
202409,2024-09-01,WC04,P004,15,5801.3
202409,2024-09-01,WC04,P005,37,7647.54
202409,2024-09-01,WC04,P006,21,12070.42
202409,2024-09-01,WC04,P007,18,6168.9
202409,2024-09-01,WC04,P008,13,2158.86
202409,2024-09-01,WC04,P009,14,3670.09
202409,2024-09-01,KZN01,P001,25,24523.39
202409,2024-09-01,KZN01,P002,20,8715.27
202409,2024-09-01,KZN01,P003,17,12747.92
202409,2024-09-01,KZN01,P004,16,6299.19
202409,2024-09-01,KZN01,P005,37,8136.76
202409,2024-09-01,KZN01,P006,26,14192.56
202409,2024-09-01,KZN01,P007,19,6356.21
202409,2024-09-01,KZN01,P008,14,2288.44
202409,2024-09-01,KZN01,P009,15,3866.31
202409,2024-09-01,KZN02,P001,21,20956.71
202409,2024-09-01,KZN02,P002,18,7728.23
202409,2024-09-01,KZN02,P003,14,9911.6
202409,2024-09-01,KZN02,P004,14,5464.23
202409,2024-09-01,KZN02,P005,29,6265.14
202409,2024-09-01,KZN02,P006,22,12524.67
202409,2024-09-01,KZN02,P007,15,5068.12
202409,2024-09-01,KZN02,P008,11,1897.63
202409,2024-09-01,KZN02,P009,12,3042.06
202409,2024-09-01,KZN03,P001,21,21506.12
202409,2024-09-01,KZN03,P002,17,7157.05
202409,2024-09-01,KZN03,P003,13,9443.49
202409,2024-09-01,KZN03,P004,13,4826.76
202409,2024-09-01,KZN03,P005,31,6809.64
202409,2024-09-01,KZN03,P006,18,9834.43
202409,2024-09-01,KZN03,P007,14,4844.59
202409,2024-09-01,KZN03,P008,11,1873.59
202409,2024-09-01,KZN03,P009,12,3145.57
202409,2024-09-01,KZN04,P001,26,25166.57
202409,2024-09-01,KZN04,P002,19,7790.81
202409,2024-09-01,KZN04,P003,14,10107.21
202409,2024-09-01,KZN04,P004,18,6682.37
202409,2024-09-01,KZN04,P005,33,7093.01
202409,2024-09-01,KZN04,P006,25,14184.26
202409,2024-09-01,KZN04,P007,19,6238.43
202409,2024-09-01,KZN04,P008,13,2212.62
202409,2024-09-01,KZN04,P009,13,3367.8
202409,2024-09-01,EC01,P001,22,22077.37
202409,2024-09-01,EC01,P002,16,6663.24
202409,2024-09-01,EC01,P003,13,9709.58
202409,2024-09-01,EC01,P004,14,5546.91
202409,2024-09-01,EC01,P005,28,5912.83
202409,2024-09-01,EC01,P006,21,11869.63
202409,2024-09-01,EC01,P007,15,4897.88
202409,2024-09-01,EC01,P008,10,1604.33
202409,2024-09-01,EC01,P009,11,2974.3
202409,2024-09-01,EC02,P001,18,17751.77
202409,2024-09-01,EC02,P002,13,5679.92
202409,2024-09-01,EC02,P003,10,7110.37
202409,2024-09-01,EC02,P004,12,4741.16
202409,2024-09-01,EC02,P005,26,5455.5
202409,2024-09-01,EC02,P006,16,9092.03
202409,2024-09-01,EC02,P007,12,3913.91
202409,2024-09-01,EC02,P008,9,1479.5
202409,2024-09-01,EC02,P009,11,2992.11
202409,2024-09-01,EC03,P001,18,18073.85
202409,2024-09-01,EC03,P002,15,6321.29
202409,2024-09-01,EC03,P003,10,6998.28
202409,2024-09-01,EC03,P004,12,4697.29
202409,2024-09-01,EC03,P005,24,5222.87
202409,2024-09-01,EC03,P006,17,9891.27
202409,2024-09-01,EC03,P007,12,4070.98
202409,2024-09-01,EC03,P008,9,1541.37
202409,2024-09-01,EC03,P009,11,2907.6
202409,2024-09-01,FS01,P001,17,16874.41
202409,2024-09-01,FS01,P002,13,5523.66
202409,2024-09-01,FS01,P003,10,7242.38
202409,2024-09-01,FS01,P004,11,4159.8
202409,2024-09-01,FS01,P005,23,4890.83
202409,2024-09-01,FS01,P006,15,8779.45
202409,2024-09-01,FS01,P007,12,3998.16
202409,2024-09-01,FS01,P008,9,1492.63
202409,2024-09-01,FS01,P009,10,2674.25
202409,2024-09-01,FS02,P001,17,16351.47
202409,2024-09-01,FS02,P002,13,5352.05
202409,2024-09-01,FS02,P003,10,7132.59
202409,2024-09-01,FS02,P004,11,4349.65
202409,2024-09-01,FS02,P005,24,4902.48
202409,2024-09-01,FS02,P006,15,8450.89
202409,2024-09-01,FS02,P007,10,3370.63
202409,2024-09-01,FS02,P008,8,1327.19
202409,2024-09-01,FS02,P009,8,2081.44
202409,2024-09-01,LP01,P001,16,15324.67
202409,2024-09-01,LP01,P002,13,5544.77
202409,2024-09-01,LP01,P003,9,6497.71
202409,2024-09-01,LP01,P004,10,3802.44
202409,2024-09-01,LP01,P005,21,4449.6
202409,2024-09-01,LP01,P006,14,7963.06
202409,2024-09-01,LP01,P007,11,3714.19
202409,2024-09-01,LP01,P008,8,1326.57
202409,2024-09-01,LP01,P009,9,2362.05
202409,2024-09-01,LP02,P001,17,17343.07
202409,2024-09-01,LP02,P002,13,5397.53
202409,2024-09-01,LP02,P003,9,6498.16
202409,2024-09-01,LP02,P004,11,4089.21
202409,2024-09-01,LP02,P005,25,5300.32
202409,2024-09-01,LP02,P006,16,8934.19
202409,2024-09-01,LP02,P007,12,4002.34
202409,2024-09-01,LP02,P008,9,1546.44
202409,2024-09-01,LP02,P009,9,2302.53
202409,2024-09-01,MP01,P001,17,17168.4
202409,2024-09-01,MP01,P002,13,5623.41
202409,2024-09-01,MP01,P003,10,7243.5
202409,2024-09-01,MP01,P004,11,4264.27
202409,2024-09-01,MP01,P005,23,4689.53
202409,2024-09-01,MP01,P006,16,9341.31
202409,2024-09-01,MP01,P007,12,3930.41
202409,2024-09-01,MP01,P008,9,1482.31
202409,2024-09-01,MP01,P009,10,2668.89
202409,2024-09-01,MP02,P001,21,21018.83
202409,2024-09-01,MP02,P002,15,6498.96
202409,2024-09-01,MP02,P003,12,8942.58
202409,2024-09-01,MP02,P004,12,4734.03
202409,2024-09-01,MP02,P005,25,5255.11
202409,2024-09-01,MP02,P006,17,9537.78
202409,2024-09-01,MP02,P007,13,4394.15
202409,2024-09-01,MP02,P008,10,1615.85
202409,2024-09-01,MP02,P009,11,2980.77
202409,2024-09-01,NW01,P001,17,16270.91
202409,2024-09-01,NW01,P002,13,5391.92
202409,2024-09-01,NW01,P003,9,6706.59
202409,2024-09-01,NW01,P004,11,4171.19
202409,2024-09-01,NW01,P005,22,4507.54
202409,2024-09-01,NW01,P006,17,9933.6
202409,2024-09-01,NW01,P007,12,3863.86
202409,2024-09-01,NW01,P008,9,1474.17
202409,2024-09-01,NW01,P009,10,2624.1
202409,2024-09-01,NW02,P001,19,19249.0
202409,2024-09-01,NW02,P002,14,5728.82
202409,2024-09-01,NW02,P003,12,8742.58
202409,2024-09-01,NW02,P004,13,5161.72
202409,2024-09-01,NW02,P005,26,5529.38
202409,2024-09-01,NW02,P006,17,9672.37
202409,2024-09-01,NW02,P007,12,4108.77
202409,2024-09-01,NW02,P008,9,1477.08
202409,2024-09-01,NW02,P009,10,2673.55
202409,2024-09-01,NC01,P001,15,14419.72
202409,2024-09-01,NC01,P002,12,4955.86
202409,2024-09-01,NC01,P003,9,6512.58
202409,2024-09-01,NC01,P004,9,3436.49
202409,2024-09-01,NC01,P005,21,4428.59
202409,2024-09-01,NC01,P006,14,7664.49
202409,2024-09-01,NC01,P007,10,3245.17
202409,2024-09-01,NC01,P008,7,1146.13
202409,2024-09-01,NC01,P009,8,2090.97
202410,2024-10-01,GP01,P001,26,24821.94
202410,2024-10-01,GP01,P002,21,8576.46
202410,2024-10-01,GP01,P003,17,12328.67
202410,2024-10-01,GP01,P004,19,7493.43
202410,2024-10-01,GP01,P005,36,7812.36
202410,2024-10-01,GP01,P006,24,13248.11
202410,2024-10-01,GP01,P007,19,6400.48
202410,2024-10-01,GP01,P008,13,2244.54
202410,2024-10-01,GP01,P009,16,4122.63
202410,2024-10-01,GP02,P001,29,28302.76
202410,2024-10-01,GP02,P002,22,9082.99
202410,2024-10-01,GP02,P003,17,12245.24
202410,2024-10-01,GP02,P004,21,8189.13
202410,2024-10-01,GP02,P005,39,8283.78
202410,2024-10-01,GP02,P006,27,15642.81
202410,2024-10-01,GP02,P007,22,7191.99
202410,2024-10-01,GP02,P008,15,2419.33
202410,2024-10-01,GP02,P009,17,4306.29
202410,2024-10-01,GP03,P001,33,32208.88
202410,2024-10-01,GP03,P002,25,10742.43
202410,2024-10-01,GP03,P003,20,15074.37
202410,2024-10-01,GP03,P004,22,8419.31
202410,2024-10-01,GP03,P005,41,8592.36
202410,2024-10-01,GP03,P006,31,18214.68
202410,2024-10-01,GP03,P007,24,8116.93
202410,2024-10-01,GP03,P008,16,2648.06
202410,2024-10-01,GP03,P009,17,4539.54
202410,2024-10-01,GP04,P001,27,25918.7
202410,2024-10-01,GP04,P002,22,9638.03
202410,2024-10-01,GP04,P003,16,11958.93
202410,2024-10-01,GP04,P004,18,6647.78
202410,2024-10-01,GP04,P005,37,8069.66
202410,2024-10-01,GP04,P006,23,12702.01
202410,2024-10-01,GP04,P007,19,6504.67
202410,2024-10-01,GP04,P008,13,2117.54
202410,2024-10-01,GP04,P009,14,3751.68
202410,2024-10-01,GP05,P001,29,29814.36
202410,2024-10-01,GP05,P002,22,9424.14
202410,2024-10-01,GP05,P003,16,11844.01
202410,2024-10-01,GP05,P004,17,6387.88
202410,2024-10-01,GP05,P005,36,7768.04
202410,2024-10-01,GP05,P006,24,13722.77
202410,2024-10-01,GP05,P007,19,6345.01
202410,2024-10-01,GP05,P008,15,2576.33
202410,2024-10-01,GP05,P009,16,4051.56
202410,2024-10-01,WC01,P001,30,29861.2
202410,2024-10-01,WC01,P002,23,9535.75
202410,2024-10-01,WC01,P003,17,12064.61
202410,2024-10-01,WC01,P004,20,7958.26
202410,2024-10-01,WC01,P005,41,8404.51
202410,2024-10-01,WC01,P006,27,15190.89
202410,2024-10-01,WC01,P007,21,6920.33
202410,2024-10-01,WC01,P008,15,2559.12
202410,2024-10-01,WC01,P009,17,4310.92
202410,2024-10-01,WC02,P001,25,25617.29
202410,2024-10-01,WC02,P002,19,8141.94
202410,2024-10-01,WC02,P003,15,10688.12
202410,2024-10-01,WC02,P004,17,6728.04
202410,2024-10-01,WC02,P005,38,7951.28
202410,2024-10-01,WC02,P006,23,13465.09
202410,2024-10-01,WC02,P007,19,6416.44
202410,2024-10-01,WC02,P008,14,2262.59
202410,2024-10-01,WC02,P009,13,3508.97
202410,2024-10-01,WC03,P001,28,28328.93
202410,2024-10-01,WC03,P002,21,9121.69
202410,2024-10-01,WC03,P003,17,12113.06
202410,2024-10-01,WC03,P004,17,6305.92
202410,2024-10-01,WC03,P005,38,8037.48
202410,2024-10-01,WC03,P006,24,13214.19
202410,2024-10-01,WC03,P007,18,6015.61
202410,2024-10-01,WC03,P008,14,2272.16
202410,2024-10-01,WC03,P009,16,4320.98
202410,2024-10-01,WC04,P001,25,23779.11
202410,2024-10-01,WC04,P002,21,9009.6
202410,2024-10-01,WC04,P003,14,10128.74
202410,2024-10-01,WC04,P004,17,6555.5
202410,2024-10-01,WC04,P005,33,7145.3
202410,2024-10-01,WC04,P006,23,12906.24
202410,2024-10-01,WC04,P007,17,5653.65
202410,2024-10-01,WC04,P008,13,2108.48
202410,2024-10-01,WC04,P009,14,3816.41
202410,2024-10-01,KZN01,P001,29,29365.7
202410,2024-10-01,KZN01,P002,22,9036.97
202410,2024-10-01,KZN01,P003,15,10755.27
202410,2024-10-01,KZN01,P004,16,6381.97
202410,2024-10-01,KZN01,P005,40,8753.36
202410,2024-10-01,KZN01,P006,24,13223.36
202410,2024-10-01,KZN01,P007,20,6782.39
202410,2024-10-01,KZN01,P008,14,2317.88
202410,2024-10-01,KZN01,P009,16,4185.32
202410,2024-10-01,KZN02,P001,21,20717.86
202410,2024-10-01,KZN02,P002,18,7902.45
202410,2024-10-01,KZN02,P003,13,9605.59
202410,2024-10-01,KZN02,P004,15,5607.85
202410,2024-10-01,KZN02,P005,29,6033.85
202410,2024-10-01,KZN02,P006,21,11742.5
202410,2024-10-01,KZN02,P007,16,5509.69
202410,2024-10-01,KZN02,P008,11,1836.17
202410,2024-10-01,KZN02,P009,12,3273.1
202410,2024-10-01,KZN03,P001,23,23179.7
202410,2024-10-01,KZN03,P002,16,6995.48
202410,2024-10-01,KZN03,P003,13,9819.24
202410,2024-10-01,KZN03,P004,13,4957.39
202410,2024-10-01,KZN03,P005,31,6446.57
202410,2024-10-01,KZN03,P006,19,10812.02
202410,2024-10-01,KZN03,P007,14,4829.88
202410,2024-10-01,KZN03,P008,10,1668.19
202410,2024-10-01,KZN03,P009,12,3189.2
202410,2024-10-01,KZN04,P001,28,27572.5
202410,2024-10-01,KZN04,P002,19,7862.48
202410,2024-10-01,KZN04,P003,14,9935.07
202410,2024-10-01,KZN04,P004,17,6310.24
202410,2024-10-01,KZN04,P005,37,7916.76
202410,2024-10-01,KZN04,P006,22,12772.99
202410,2024-10-01,KZN04,P007,19,6235.41
202410,2024-10-01,KZN04,P008,14,2425.21
202410,2024-10-01,KZN04,P009,15,4065.44
202410,2024-10-01,EC01,P001,22,21257.97
202410,2024-10-01,EC01,P002,18,7542.48
202410,2024-10-01,EC01,P003,12,8622.71
202410,2024-10-01,EC01,P004,15,5944.35
202410,2024-10-01,EC01,P005,30,6518.94
202410,2024-10-01,EC01,P006,21,12280.52
202410,2024-10-01,EC01,P007,15,4911.88
202410,2024-10-01,EC01,P008,11,1880.08
202410,2024-10-01,EC01,P009,11,2890.57
202410,2024-10-01,EC02,P001,19,18982.81
202410,2024-10-01,EC02,P002,15,6321.66
202410,2024-10-01,EC02,P003,11,8090.66
202410,2024-10-01,EC02,P004,11,4076.61
202410,2024-10-01,EC02,P005,24,5282.51
202410,2024-10-01,EC02,P006,16,9183.24
202410,2024-10-01,EC02,P007,13,4317.78
202410,2024-10-01,EC02,P008,9,1444.86
202410,2024-10-01,EC02,P009,10,2650.69
202410,2024-10-01,EC03,P001,19,18758.67
202410,2024-10-01,EC03,P002,15,6160.82
202410,2024-10-01,EC03,P003,11,7971.67
202410,2024-10-01,EC03,P004,12,4606.35
202410,2024-10-01,EC03,P005,27,5568.78
202410,2024-10-01,EC03,P006,18,10063.5
202410,2024-10-01,EC03,P007,12,3852.36
202410,2024-10-01,EC03,P008,9,1548.77
202410,2024-10-01,EC03,P009,10,2634.4
202410,2024-10-01,FS01,P001,18,18163.69
202410,2024-10-01,FS01,P002,14,6140.38
202410,2024-10-01,FS01,P003,11,7689.03
202410,2024-10-01,FS01,P004,11,4189.31
202410,2024-10-01,FS01,P005,26,5308.2
202410,2024-10-01,FS01,P006,17,9317.47
202410,2024-10-01,FS01,P007,12,3865.23
202410,2024-10-01,FS01,P008,9,1507.23
202410,2024-10-01,FS01,P009,10,2656.28
202410,2024-10-01,FS02,P001,16,16145.29
202410,2024-10-01,FS02,P002,12,5224.0
202410,2024-10-01,FS02,P003,9,6638.96
202410,2024-10-01,FS02,P004,10,3707.47
202410,2024-10-01,FS02,P005,22,4633.02
202410,2024-10-01,FS02,P006,15,8200.7
202410,2024-10-01,FS02,P007,12,4059.59
202410,2024-10-01,FS02,P008,8,1280.62
202410,2024-10-01,FS02,P009,9,2276.37
202410,2024-10-01,LP01,P001,15,14850.73
202410,2024-10-01,LP01,P002,13,5405.04
202410,2024-10-01,LP01,P003,10,7445.0
202410,2024-10-01,LP01,P004,10,3874.07
202410,2024-10-01,LP01,P005,20,4146.46
202410,2024-10-01,LP01,P006,14,7909.06
202410,2024-10-01,LP01,P007,11,3642.25
202410,2024-10-01,LP01,P008,8,1340.06
202410,2024-10-01,LP01,P009,8,2133.94
202410,2024-10-01,LP02,P001,19,18864.41
202410,2024-10-01,LP02,P002,14,5950.37
202410,2024-10-01,LP02,P003,10,7059.1
202410,2024-10-01,LP02,P004,12,4689.98
202410,2024-10-01,LP02,P005,23,5054.76
202410,2024-10-01,LP02,P006,15,8637.34
202410,2024-10-01,LP02,P007,12,3975.12
202410,2024-10-01,LP02,P008,8,1323.97
202410,2024-10-01,LP02,P009,9,2425.76
202410,2024-10-01,MP01,P001,16,16420.22
202410,2024-10-01,MP01,P002,12,5102.38
202410,2024-10-01,MP01,P003,9,6536.98
202410,2024-10-01,MP01,P004,11,4171.36
202410,2024-10-01,MP01,P005,23,4795.89
202410,2024-10-01,MP01,P006,16,8823.73
202410,2024-10-01,MP01,P007,13,4186.2
202410,2024-10-01,MP01,P008,9,1554.02
202410,2024-10-01,MP01,P009,10,2545.91
202410,2024-10-01,MP02,P001,19,19069.86
202410,2024-10-01,MP02,P002,14,5939.1
202410,2024-10-01,MP02,P003,12,9065.01
202410,2024-10-01,MP02,P004,13,5058.29
202410,2024-10-01,MP02,P005,27,5778.51
202410,2024-10-01,MP02,P006,17,9787.96
202410,2024-10-01,MP02,P007,13,4425.91
202410,2024-10-01,MP02,P008,10,1650.37
202410,2024-10-01,MP02,P009,11,2913.56
202410,2024-10-01,NW01,P001,17,17376.87
202410,2024-10-01,NW01,P002,13,5349.02
202410,2024-10-01,NW01,P003,11,8138.21
202410,2024-10-01,NW01,P004,11,4373.54
202410,2024-10-01,NW01,P005,25,5509.23
202410,2024-10-01,NW01,P006,15,8585.11
202410,2024-10-01,NW01,P007,12,3940.63
202410,2024-10-01,NW01,P008,8,1369.44
202410,2024-10-01,NW01,P009,9,2448.82
202410,2024-10-01,NW02,P001,20,20455.04
202410,2024-10-01,NW02,P002,16,6658.73
202410,2024-10-01,NW02,P003,11,7756.16
202410,2024-10-01,NW02,P004,12,4638.19
202410,2024-10-01,NW02,P005,25,5376.94
202410,2024-10-01,NW02,P006,17,9516.25
202410,2024-10-01,NW02,P007,13,4230.95
202410,2024-10-01,NW02,P008,10,1639.17
202410,2024-10-01,NW02,P009,10,2556.94
202410,2024-10-01,NC01,P001,16,15217.74
202410,2024-10-01,NC01,P002,11,4769.8
202410,2024-10-01,NC01,P003,9,6551.55
202410,2024-10-01,NC01,P004,10,3742.27
202410,2024-10-01,NC01,P005,19,4091.37
202410,2024-10-01,NC01,P006,15,8797.78
202410,2024-10-01,NC01,P007,10,3273.36
202410,2024-10-01,NC01,P008,7,1141.6
202410,2024-10-01,NC01,P009,9,2422.54
202411,2024-11-01,GP01,P001,30,30601.84
202411,2024-11-01,GP01,P002,23,10124.78
202411,2024-11-01,GP01,P003,17,12674.69
202411,2024-11-01,GP01,P004,19,7402.57
202411,2024-11-01,GP01,P005,37,8101.7
202411,2024-11-01,GP01,P006,26,14650.31
202411,2024-11-01,GP01,P007,19,6214.96
202411,2024-11-01,GP01,P008,14,2301.45
202411,2024-11-01,GP01,P009,16,4186.76
202411,2024-11-01,GP02,P001,30,29736.08
202411,2024-11-01,GP02,P002,24,10075.73
202411,2024-11-01,GP02,P003,17,12169.85
202411,2024-11-01,GP02,P004,18,6980.17
202411,2024-11-01,GP02,P005,42,9057.27
202411,2024-11-01,GP02,P006,27,15108.43
202411,2024-11-01,GP02,P007,20,6606.24
202411,2024-11-01,GP02,P008,14,2371.49
202411,2024-11-01,GP02,P009,17,4607.51
202411,2024-11-01,GP03,P001,32,31227.79
202411,2024-11-01,GP03,P002,25,10638.31
202411,2024-11-01,GP03,P003,19,13682.88
202411,2024-11-01,GP03,P004,22,8511.29
202411,2024-11-01,GP03,P005,46,10038.52
202411,2024-11-01,GP03,P006,32,18289.18
202411,2024-11-01,GP03,P007,23,7881.28
202411,2024-11-01,GP03,P008,16,2625.6
202411,2024-11-01,GP03,P009,17,4408.31
202411,2024-11-01,GP04,P001,28,28727.53
202411,2024-11-01,GP04,P002,19,8264.98
202411,2024-11-01,GP04,P003,17,12335.58
202411,2024-11-01,GP04,P004,16,6062.36
202411,2024-11-01,GP04,P005,36,7484.76
202411,2024-11-01,GP04,P006,23,13153.28
202411,2024-11-01,GP04,P007,18,5789.91
202411,2024-11-01,GP04,P008,12,1984.62
202411,2024-11-01,GP04,P009,14,3536.13
202411,2024-11-01,GP05,P001,30,29459.61
202411,2024-11-01,GP05,P002,23,9574.24
202411,2024-11-01,GP05,P003,16,11415.17
202411,2024-11-01,GP05,P004,17,6527.99
202411,2024-11-01,GP05,P005,36,7771.63
202411,2024-11-01,GP05,P006,24,13868.84
202411,2024-11-01,GP05,P007,20,6808.94
202411,2024-11-01,GP05,P008,14,2254.99
202411,2024-11-01,GP05,P009,16,4065.89
202411,2024-11-01,WC01,P001,27,26641.24
202411,2024-11-01,WC01,P002,24,10230.19
202411,2024-11-01,WC01,P003,18,12947.78
202411,2024-11-01,WC01,P004,17,6382.71
202411,2024-11-01,WC01,P005,37,7577.79
202411,2024-11-01,WC01,P006,25,13722.19
202411,2024-11-01,WC01,P007,19,6165.17
202411,2024-11-01,WC01,P008,15,2555.82
202411,2024-11-01,WC01,P009,15,4043.43
202411,2024-11-01,WC02,P001,28,26678.5
202411,2024-11-01,WC02,P002,21,8901.67
202411,2024-11-01,WC02,P003,15,10758.77
202411,2024-11-01,WC02,P004,17,6557.45
202411,2024-11-01,WC02,P005,34,7407.62
202411,2024-11-01,WC02,P006,24,13107.36
202411,2024-11-01,WC02,P007,19,6243.97
202411,2024-11-01,WC02,P008,14,2329.65
202411,2024-11-01,WC02,P009,13,3457.54
202411,2024-11-01,WC03,P001,29,28993.75
202411,2024-11-01,WC03,P002,21,9127.24
202411,2024-11-01,WC03,P003,16,11224.1
202411,2024-11-01,WC03,P004,18,6713.8
202411,2024-11-01,WC03,P005,38,7807.77
202411,2024-11-01,WC03,P006,24,13865.38
202411,2024-11-01,WC03,P007,19,6329.6
202411,2024-11-01,WC03,P008,13,2176.59
202411,2024-11-01,WC03,P009,15,3904.21
202411,2024-11-01,WC04,P001,24,23392.35
202411,2024-11-01,WC04,P002,20,8460.04
202411,2024-11-01,WC04,P003,14,10125.95
202411,2024-11-01,WC04,P004,17,6760.15
202411,2024-11-01,WC04,P005,32,6519.35
202411,2024-11-01,WC04,P006,23,13467.29
202411,2024-11-01,WC04,P007,18,5859.04
202411,2024-11-01,WC04,P008,13,2167.91
202411,2024-11-01,WC04,P009,14,3708.16
202411,2024-11-01,KZN01,P001,29,28394.75
202411,2024-11-01,KZN01,P002,22,9173.11
202411,2024-11-01,KZN01,P003,16,11916.22
202411,2024-11-01,KZN01,P004,18,7116.51
202411,2024-11-01,KZN01,P005,38,7900.96
202411,2024-11-01,KZN01,P006,26,15283.25
202411,2024-11-01,KZN01,P007,19,6405.44
202411,2024-11-01,KZN01,P008,14,2264.77
202411,2024-11-01,KZN01,P009,15,4015.58
202411,2024-11-01,KZN02,P001,23,21998.49
202411,2024-11-01,KZN02,P002,19,8043.24
202411,2024-11-01,KZN02,P003,12,8890.14
202411,2024-11-01,KZN02,P004,14,5518.4
202411,2024-11-01,KZN02,P005,30,6556.02
202411,2024-11-01,KZN02,P006,20,10901.77
202411,2024-11-01,KZN02,P007,16,5338.6
202411,2024-11-01,KZN02,P008,11,1852.97
202411,2024-11-01,KZN02,P009,13,3456.73
202411,2024-11-01,KZN03,P001,23,22242.8
202411,2024-11-01,KZN03,P002,18,7474.5
202411,2024-11-01,KZN03,P003,12,8747.5
202411,2024-11-01,KZN03,P004,13,4958.57
202411,2024-11-01,KZN03,P005,27,5594.33
202411,2024-11-01,KZN03,P006,18,10120.44
202411,2024-11-01,KZN03,P007,14,4762.19
202411,2024-11-01,KZN03,P008,11,1821.88
202411,2024-11-01,KZN03,P009,12,3146.02
202411,2024-11-01,KZN04,P001,25,24627.67
202411,2024-11-01,KZN04,P002,19,8056.64
202411,2024-11-01,KZN04,P003,14,10187.92
202411,2024-11-01,KZN04,P004,17,6268.64
202411,2024-11-01,KZN04,P005,37,7554.21
202411,2024-11-01,KZN04,P006,24,13617.21
202411,2024-11-01,KZN04,P007,17,5578.31
202411,2024-11-01,KZN04,P008,13,2191.2
202411,2024-11-01,KZN04,P009,15,3982.38
202411,2024-11-01,EC01,P001,23,22317.62
202411,2024-11-01,EC01,P002,18,7461.22
202411,2024-11-01,EC01,P003,14,10574.86
202411,2024-11-01,EC01,P004,13,4969.88
202411,2024-11-01,EC01,P005,29,6184.87
202411,2024-11-01,EC01,P006,20,11405.41
202411,2024-11-01,EC01,P007,14,4570.28
202411,2024-11-01,EC01,P008,10,1708.68
202411,2024-11-01,EC01,P009,12,3265.75
202411,2024-11-01,EC02,P001,18,17453.19
202411,2024-11-01,EC02,P002,14,6149.03
202411,2024-11-01,EC02,P003,10,7550.5
202411,2024-11-01,EC02,P004,11,4230.48
202411,2024-11-01,EC02,P005,27,5547.93
202411,2024-11-01,EC02,P006,15,8429.74
202411,2024-11-01,EC02,P007,12,3926.46
202411,2024-11-01,EC02,P008,10,1620.03
202411,2024-11-01,EC02,P009,10,2709.47
202411,2024-11-01,EC03,P001,19,18971.92
202411,2024-11-01,EC03,P002,13,5547.35
202411,2024-11-01,EC03,P003,11,7906.81
202411,2024-11-01,EC03,P004,11,4076.08
202411,2024-11-01,EC03,P005,27,5680.06
202411,2024-11-01,EC03,P006,16,8728.95
202411,2024-11-01,EC03,P007,13,4494.56
202411,2024-11-01,EC03,P008,10,1612.36
202411,2024-11-01,EC03,P009,11,2823.07
202411,2024-11-01,FS01,P001,17,17084.75
202411,2024-11-01,FS01,P002,13,5452.06
202411,2024-11-01,FS01,P003,11,8002.34
202411,2024-11-01,FS01,P004,11,4092.09
202411,2024-11-01,FS01,P005,24,5258.55
202411,2024-11-01,FS01,P006,15,8334.64
202411,2024-11-01,FS01,P007,12,3969.2
202411,2024-11-01,FS01,P008,9,1460.74
202411,2024-11-01,FS01,P009,9,2410.74
202411,2024-11-01,FS02,P001,16,15302.11
202411,2024-11-01,FS02,P002,13,5442.3
202411,2024-11-01,FS02,P003,10,7424.67
202411,2024-11-01,FS02,P004,10,3881.13
202411,2024-11-01,FS02,P005,21,4575.18
202411,2024-11-01,FS02,P006,14,7985.57
202411,2024-11-01,FS02,P007,12,4048.68
202411,2024-11-01,FS02,P008,8,1354.32
202411,2024-11-01,FS02,P009,9,2430.61
202411,2024-11-01,LP01,P001,17,16501.94
202411,2024-11-01,LP01,P002,12,5078.56
202411,2024-11-01,LP01,P003,9,6788.66
202411,2024-11-01,LP01,P004,11,4307.21
202411,2024-11-01,LP01,P005,21,4483.15
202411,2024-11-01,LP01,P006,13,7286.59
202411,2024-11-01,LP01,P007,11,3640.03
202411,2024-11-01,LP01,P008,8,1353.24
202411,2024-11-01,LP01,P009,8,2160.12
202411,2024-11-01,LP02,P001,17,17259.58
202411,2024-11-01,LP02,P002,13,5299.4
202411,2024-11-01,LP02,P003,10,7071.26
202411,2024-11-01,LP02,P004,12,4765.42
202411,2024-11-01,LP02,P005,22,4685.26
202411,2024-11-01,LP02,P006,15,8434.15
202411,2024-11-01,LP02,P007,11,3664.1
202411,2024-11-01,LP02,P008,8,1316.88
202411,2024-11-01,LP02,P009,10,2666.75
202411,2024-11-01,MP01,P001,16,15758.55
202411,2024-11-01,MP01,P002,14,5956.05
202411,2024-11-01,MP01,P003,10,7028.83
202411,2024-11-01,MP01,P004,12,4489.35
202411,2024-11-01,MP01,P005,22,4716.13
202411,2024-11-01,MP01,P006,16,9053.58
202411,2024-11-01,MP01,P007,13,4219.74
202411,2024-11-01,MP01,P008,9,1511.85
202411,2024-11-01,MP01,P009,10,2540.83
202411,2024-11-01,MP02,P001,19,18393.4
202411,2024-11-01,MP02,P002,15,6386.88
202411,2024-11-01,MP02,P003,12,8524.04
202411,2024-11-01,MP02,P004,13,4985.02
202411,2024-11-01,MP02,P005,26,5376.39
202411,2024-11-01,MP02,P006,19,11083.36
202411,2024-11-01,MP02,P007,12,4052.22
202411,2024-11-01,MP02,P008,10,1676.0
202411,2024-11-01,MP02,P009,11,2931.73
202411,2024-11-01,NW01,P001,18,17820.61
202411,2024-11-01,NW01,P002,12,5188.35
202411,2024-11-01,NW01,P003,10,7453.25
202411,2024-11-01,NW01,P004,10,3759.98
202411,2024-11-01,NW01,P005,22,4659.84
202411,2024-11-01,NW01,P006,15,8593.96
202411,2024-11-01,NW01,P007,12,4120.26
202411,2024-11-01,NW01,P008,8,1357.68
202411,2024-11-01,NW01,P009,9,2399.05
202411,2024-11-01,NW02,P001,19,19468.99
202411,2024-11-01,NW02,P002,15,6401.33
202411,2024-11-01,NW02,P003,11,8199.01
202411,2024-11-01,NW02,P004,13,5154.24
202411,2024-11-01,NW02,P005,25,5184.92
202411,2024-11-01,NW02,P006,19,10323.15
202411,2024-11-01,NW02,P007,13,4463.64
202411,2024-11-01,NW02,P008,9,1511.4
202411,2024-11-01,NW02,P009,10,2699.33
202411,2024-11-01,NC01,P001,15,14532.25
202411,2024-11-01,NC01,P002,12,5034.23
202411,2024-11-01,NC01,P003,10,7172.9
202411,2024-11-01,NC01,P004,10,3721.96
202411,2024-11-01,NC01,P005,22,4790.03
202411,2024-11-01,NC01,P006,15,8378.7
202411,2024-11-01,NC01,P007,11,3811.22
202411,2024-11-01,NC01,P008,7,1191.7
202411,2024-11-01,NC01,P009,8,2138.2
202412,2024-12-01,GP01,P001,23,22438.11
202412,2024-12-01,GP01,P002,19,8374.86
202412,2024-12-01,GP01,P003,14,9834.23
202412,2024-12-01,GP01,P004,14,5287.32
202412,2024-12-01,GP01,P005,30,6117.88
202412,2024-12-01,GP01,P006,23,12534.4
202412,2024-12-01,GP01,P007,16,5498.28
202412,2024-12-01,GP01,P008,12,1993.6
202412,2024-12-01,GP01,P009,12,3232.84
202412,2024-12-01,GP02,P001,25,23877.78
202412,2024-12-01,GP02,P002,18,7393.98
202412,2024-12-01,GP02,P003,14,10267.17
202412,2024-12-01,GP02,P004,15,5666.1
202412,2024-12-01,GP02,P005,33,6759.56
202412,2024-12-01,GP02,P006,21,11988.82
202412,2024-12-01,GP02,P007,17,5627.48
202412,2024-12-01,GP02,P008,13,2184.91
202412,2024-12-01,GP02,P009,13,3357.95
202412,2024-12-01,GP03,P001,26,25011.77
202412,2024-12-01,GP03,P002,22,9152.19
202412,2024-12-01,GP03,P003,15,10584.25
202412,2024-12-01,GP03,P004,18,6938.14
202412,2024-12-01,GP03,P005,37,8036.6
202412,2024-12-01,GP03,P006,26,14913.34
202412,2024-12-01,GP03,P007,19,6362.75
202412,2024-12-01,GP03,P008,13,2234.01
202412,2024-12-01,GP03,P009,15,3835.44
202412,2024-12-01,GP04,P001,23,23592.12
202412,2024-12-01,GP04,P002,18,7638.41
202412,2024-12-01,GP04,P003,12,8910.45
202412,2024-12-01,GP04,P004,14,5462.03
202412,2024-12-01,GP04,P005,30,6353.43
202412,2024-12-01,GP04,P006,18,10045.93
202412,2024-12-01,GP04,P007,14,4693.06
202412,2024-12-01,GP04,P008,11,1763.76
202412,2024-12-01,GP04,P009,12,3177.31
202412,2024-12-01,GP05,P001,23,22920.28
202412,2024-12-01,GP05,P002,17,7323.57
202412,2024-12-01,GP05,P003,13,9755.05
202412,2024-12-01,GP05,P004,14,5357.96
202412,2024-12-01,GP05,P005,30,6548.09
202412,2024-12-01,GP05,P006,22,12569.94
202412,2024-12-01,GP05,P007,15,4985.84
202412,2024-12-01,GP05,P008,12,1970.07
202412,2024-12-01,GP05,P009,13,3498.27
202412,2024-12-01,WC01,P001,22,21218.7
202412,2024-12-01,WC01,P002,17,7489.8
202412,2024-12-01,WC01,P003,13,9819.39
202412,2024-12-01,WC01,P004,16,6228.48
202412,2024-12-01,WC01,P005,31,6595.25
202412,2024-12-01,WC01,P006,21,11952.35
202412,2024-12-01,WC01,P007,15,4978.14
202412,2024-12-01,WC01,P008,12,1950.87
202412,2024-12-01,WC01,P009,12,3031.99
202412,2024-12-01,WC02,P001,21,20774.94
202412,2024-12-01,WC02,P002,17,7009.87
202412,2024-12-01,WC02,P003,12,8934.03
202412,2024-12-01,WC02,P004,13,5076.12
202412,2024-12-01,WC02,P005,32,6731.37
202412,2024-12-01,WC02,P006,21,11780.67
202412,2024-12-01,WC02,P007,15,5180.3
202412,2024-12-01,WC02,P008,11,1832.64
202412,2024-12-01,WC02,P009,13,3376.27
202412,2024-12-01,WC03,P001,21,21224.25
202412,2024-12-01,WC03,P002,18,7748.21
202412,2024-12-01,WC03,P003,13,9657.26
202412,2024-12-01,WC03,P004,14,5205.22
202412,2024-12-01,WC03,P005,32,6654.5
202412,2024-12-01,WC03,P006,22,12243.82
202412,2024-12-01,WC03,P007,15,5007.8
202412,2024-12-01,WC03,P008,11,1790.63
202412,2024-12-01,WC03,P009,12,3171.45
202412,2024-12-01,WC04,P001,22,21784.17
202412,2024-12-01,WC04,P002,17,7252.94
202412,2024-12-01,WC04,P003,13,9815.86
202412,2024-12-01,WC04,P004,13,5178.01
202412,2024-12-01,WC04,P005,29,6012.8
202412,2024-12-01,WC04,P006,19,10980.5
202412,2024-12-01,WC04,P007,14,4643.41
202412,2024-12-01,WC04,P008,11,1894.3
202412,2024-12-01,WC04,P009,12,3219.75
202412,2024-12-01,KZN01,P001,22,21982.39
202412,2024-12-01,KZN01,P002,18,7412.65
202412,2024-12-01,KZN01,P003,13,9211.8
202412,2024-12-01,KZN01,P004,13,5173.46
202412,2024-12-01,KZN01,P005,28,5784.4
202412,2024-12-01,KZN01,P006,19,10504.91
202412,2024-12-01,KZN01,P007,16,5296.32
202412,2024-12-01,KZN01,P008,12,2037.62
202412,2024-12-01,KZN01,P009,12,3046.84
202412,2024-12-01,KZN02,P001,19,18498.55
202412,2024-12-01,KZN02,P002,14,5876.17
202412,2024-12-01,KZN02,P003,11,7981.74
202412,2024-12-01,KZN02,P004,11,4267.34
202412,2024-12-01,KZN02,P005,27,5864.32
202412,2024-12-01,KZN02,P006,16,8964.42
202412,2024-12-01,KZN02,P007,13,4404.84
202412,2024-12-01,KZN02,P008,9,1461.54
202412,2024-12-01,KZN02,P009,10,2686.77
202412,2024-12-01,KZN03,P001,16,15463.15
202412,2024-12-01,KZN03,P002,13,5327.14
202412,2024-12-01,KZN03,P003,10,7353.89
202412,2024-12-01,KZN03,P004,12,4760.8
202412,2024-12-01,KZN03,P005,25,5495.31
202412,2024-12-01,KZN03,P006,17,9725.78
202412,2024-12-01,KZN03,P007,12,3893.13
202412,2024-12-01,KZN03,P008,9,1447.85
202412,2024-12-01,KZN03,P009,10,2554.44
202412,2024-12-01,KZN04,P001,20,19168.86
202412,2024-12-01,KZN04,P002,16,6525.15
202412,2024-12-01,KZN04,P003,13,9754.04
202412,2024-12-01,KZN04,P004,15,5792.56
202412,2024-12-01,KZN04,P005,30,6163.0
202412,2024-12-01,KZN04,P006,20,11587.24
202412,2024-12-01,KZN04,P007,15,4834.37
202412,2024-12-01,KZN04,P008,10,1651.39
202412,2024-12-01,KZN04,P009,12,3165.34
202412,2024-12-01,EC01,P001,19,19009.2
202412,2024-12-01,EC01,P002,14,5767.27
202412,2024-12-01,EC01,P003,10,7559.81
202412,2024-12-01,EC01,P004,11,4077.76
202412,2024-12-01,EC01,P005,26,5421.2
202412,2024-12-01,EC01,P006,15,8622.73
202412,2024-12-01,EC01,P007,12,3935.83
202412,2024-12-01,EC01,P008,9,1478.3
202412,2024-12-01,EC01,P009,9,2333.5
202412,2024-12-01,EC02,P001,14,13812.65
202412,2024-12-01,EC02,P002,11,4517.6
202412,2024-12-01,EC02,P003,9,6527.53
202412,2024-12-01,EC02,P004,10,3934.82
202412,2024-12-01,EC02,P005,19,4121.31
202412,2024-12-01,EC02,P006,13,7348.49
202412,2024-12-01,EC02,P007,10,3309.71
202412,2024-12-01,EC02,P008,8,1284.58
202412,2024-12-01,EC02,P009,9,2296.92
202412,2024-12-01,EC03,P001,15,15332.81
202412,2024-12-01,EC03,P002,12,4937.75
202412,2024-12-01,EC03,P003,9,6775.25
202412,2024-12-01,EC03,P004,9,3546.13
202412,2024-12-01,EC03,P005,19,4139.92
202412,2024-12-01,EC03,P006,14,7743.41
202412,2024-12-01,EC03,P007,11,3698.94
202412,2024-12-01,EC03,P008,8,1319.42
202412,2024-12-01,EC03,P009,9,2358.79
202412,2024-12-01,FS01,P001,14,14358.93
202412,2024-12-01,FS01,P002,11,4721.3
202412,2024-12-01,FS01,P003,9,6680.45
202412,2024-12-01,FS01,P004,10,3848.12
202412,2024-12-01,FS01,P005,20,4109.74
202412,2024-12-01,FS01,P006,14,7798.01
202412,2024-12-01,FS01,P007,10,3402.22
202412,2024-12-01,FS01,P008,7,1154.34
202412,2024-12-01,FS01,P009,8,2033.18
202412,2024-12-01,FS02,P001,13,12692.57
202412,2024-12-01,FS02,P002,11,4787.98
202412,2024-12-01,FS02,P003,8,5969.28
202412,2024-12-01,FS02,P004,9,3587.53
202412,2024-12-01,FS02,P005,19,3929.99
202412,2024-12-01,FS02,P006,12,6891.41
202412,2024-12-01,FS02,P007,9,3010.26
202412,2024-12-01,FS02,P008,7,1129.43
202412,2024-12-01,FS02,P009,8,2170.4
202412,2024-12-01,LP01,P001,13,12973.16
202412,2024-12-01,LP01,P002,10,4375.29
202412,2024-12-01,LP01,P003,8,5809.37
202412,2024-12-01,LP01,P004,9,3363.31
202412,2024-12-01,LP01,P005,17,3550.43
202412,2024-12-01,LP01,P006,13,7298.8
202412,2024-12-01,LP01,P007,9,3117.16
202412,2024-12-01,LP01,P008,7,1131.51
202412,2024-12-01,LP01,P009,7,1836.8
202412,2024-12-01,LP02,P001,14,13664.78
202412,2024-12-01,LP02,P002,11,4737.51
202412,2024-12-01,LP02,P003,8,5820.42
202412,2024-12-01,LP02,P004,9,3554.51
202412,2024-12-01,LP02,P005,21,4528.16
202412,2024-12-01,LP02,P006,13,7155.36
202412,2024-12-01,LP02,P007,10,3382.81
202412,2024-12-01,LP02,P008,7,1211.62
202412,2024-12-01,LP02,P009,8,2033.94
202412,2024-12-01,MP01,P001,15,14465.91
202412,2024-12-01,MP01,P002,11,4692.6
202412,2024-12-01,MP01,P003,9,6595.07
202412,2024-12-01,MP01,P004,9,3540.81
202412,2024-12-01,MP01,P005,19,3885.6
202412,2024-12-01,MP01,P006,14,7629.3
202412,2024-12-01,MP01,P007,9,2922.34
202412,2024-12-01,MP01,P008,6,967.46
202412,2024-12-01,MP01,P009,8,2135.26
202412,2024-12-01,MP02,P001,15,14733.47
202412,2024-12-01,MP02,P002,12,5196.47
202412,2024-12-01,MP02,P003,9,6377.57
202412,2024-12-01,MP02,P004,10,3945.83
202412,2024-12-01,MP02,P005,21,4371.15
202412,2024-12-01,MP02,P006,14,7710.88
202412,2024-12-01,MP02,P007,11,3697.46
202412,2024-12-01,MP02,P008,8,1384.58
202412,2024-12-01,MP02,P009,8,2111.53
202412,2024-12-01,NW01,P001,14,13319.23
202412,2024-12-01,NW01,P002,11,4745.35
202412,2024-12-01,NW01,P003,8,5951.42
202412,2024-12-01,NW01,P004,9,3463.1
202412,2024-12-01,NW01,P005,18,3950.97
202412,2024-12-01,NW01,P006,12,7019.3
202412,2024-12-01,NW01,P007,10,3409.77
202412,2024-12-01,NW01,P008,7,1198.51
202412,2024-12-01,NW01,P009,8,2034.58
202412,2024-12-01,NW02,P001,16,15942.84
202412,2024-12-01,NW02,P002,12,5000.68
202412,2024-12-01,NW02,P003,9,6462.51
202412,2024-12-01,NW02,P004,10,3943.2
202412,2024-12-01,NW02,P005,21,4298.96
202412,2024-12-01,NW02,P006,14,7862.95
202412,2024-12-01,NW02,P007,10,3424.23
202412,2024-12-01,NW02,P008,8,1326.37
202412,2024-12-01,NW02,P009,8,2117.22
202412,2024-12-01,NC01,P001,12,11465.48
202412,2024-12-01,NC01,P002,9,3766.49
202412,2024-12-01,NC01,P003,8,5660.24
202412,2024-12-01,NC01,P004,8,3039.4
202412,2024-12-01,NC01,P005,18,3740.97
202412,2024-12-01,NC01,P006,11,6018.6
202412,2024-12-01,NC01,P007,8,2668.66
202412,2024-12-01,NC01,P008,6,1013.19
202412,2024-12-01,NC01,P009,7,1870.81
202501,2025-01-01,GP01,P001,30,30185.78
202501,2025-01-01,GP01,P002,27,11533.48
202501,2025-01-01,GP01,P003,18,12580.84
202501,2025-01-01,GP01,P004,19,7480.85
202501,2025-01-01,GP01,P005,45,9461.07
202501,2025-01-01,GP01,P006,31,17481.09
202501,2025-01-01,GP01,P007,21,6829.72
202501,2025-01-01,GP01,P008,16,2702.79
202501,2025-01-01,GP01,P009,17,4590.32
202501,2025-01-01,GP02,P001,37,36031.62
202501,2025-01-01,GP02,P002,26,11408.02
202501,2025-01-01,GP02,P003,22,16432.44
202501,2025-01-01,GP02,P004,22,8179.92
202501,2025-01-01,GP02,P005,48,9879.96
202501,2025-01-01,GP02,P006,32,17795.46
202501,2025-01-01,GP02,P007,24,8035.07
202501,2025-01-01,GP02,P008,17,2904.66
202501,2025-01-01,GP02,P009,18,4839.41
202501,2025-01-01,GP03,P001,38,38573.62
202501,2025-01-01,GP03,P002,27,11229.12
202501,2025-01-01,GP03,P003,21,15353.56
202501,2025-01-01,GP03,P004,23,9000.1
202501,2025-01-01,GP03,P005,55,12038.5
202501,2025-01-01,GP03,P006,34,18951.29
202501,2025-01-01,GP03,P007,26,8820.27
202501,2025-01-01,GP03,P008,20,3331.85
202501,2025-01-01,GP03,P009,22,5704.99
202501,2025-01-01,GP04,P001,29,29388.3
202501,2025-01-01,GP04,P002,24,9922.21
202501,2025-01-01,GP04,P003,18,12660.24
202501,2025-01-01,GP04,P004,18,7160.93
202501,2025-01-01,GP04,P005,40,8243.44
202501,2025-01-01,GP04,P006,27,15240.35
202501,2025-01-01,GP04,P007,21,6745.82
202501,2025-01-01,GP04,P008,15,2416.14
202501,2025-01-01,GP04,P009,17,4590.33
202501,2025-01-01,GP05,P001,32,30658.03
202501,2025-01-01,GP05,P002,26,11042.08
202501,2025-01-01,GP05,P003,18,12916.69
202501,2025-01-01,GP05,P004,20,7595.86
202501,2025-01-01,GP05,P005,45,9648.19
202501,2025-01-01,GP05,P006,28,15661.82
202501,2025-01-01,GP05,P007,23,7870.63
202501,2025-01-01,GP05,P008,15,2441.01
202501,2025-01-01,GP05,P009,17,4575.37
202501,2025-01-01,WC01,P001,34,32694.53
202501,2025-01-01,WC01,P002,26,10851.19
202501,2025-01-01,WC01,P003,18,12965.63
202501,2025-01-01,WC01,P004,20,7771.76
202501,2025-01-01,WC01,P005,42,9171.24
202501,2025-01-01,WC01,P006,29,15931.28
202501,2025-01-01,WC01,P007,23,7962.17
202501,2025-01-01,WC01,P008,18,3052.57
202501,2025-01-01,WC01,P009,17,4600.78
202501,2025-01-01,WC02,P001,31,31452.87
202501,2025-01-01,WC02,P002,24,10212.44
202501,2025-01-01,WC02,P003,17,11925.61
202501,2025-01-01,WC02,P004,18,6812.52
202501,2025-01-01,WC02,P005,43,9083.63
202501,2025-01-01,WC02,P006,28,16427.08
202501,2025-01-01,WC02,P007,22,7122.69
202501,2025-01-01,WC02,P008,16,2650.51
202501,2025-01-01,WC02,P009,17,4288.88
202501,2025-01-01,WC03,P001,31,30185.91
202501,2025-01-01,WC03,P002,22,9680.91
202501,2025-01-01,WC03,P003,19,14177.64
202501,2025-01-01,WC03,P004,20,7945.72
202501,2025-01-01,WC03,P005,45,9424.92
202501,2025-01-01,WC03,P006,27,14717.28
202501,2025-01-01,WC03,P007,22,7173.16
202501,2025-01-01,WC03,P008,15,2462.13
202501,2025-01-01,WC03,P009,18,4827.53
202501,2025-01-01,WC04,P001,30,28966.03
202501,2025-01-01,WC04,P002,22,9404.16
202501,2025-01-01,WC04,P003,16,11975.57
202501,2025-01-01,WC04,P004,17,6305.37
202501,2025-01-01,WC04,P005,38,8303.22
202501,2025-01-01,WC04,P006,28,16245.43
202501,2025-01-01,WC04,P007,18,6181.11
202501,2025-01-01,WC04,P008,14,2242.93
202501,2025-01-01,WC04,P009,16,4255.79
202501,2025-01-01,KZN01,P001,33,31640.38
202501,2025-01-01,KZN01,P002,24,10478.02
202501,2025-01-01,KZN01,P003,17,11896.56
202501,2025-01-01,KZN01,P004,19,7530.25
202501,2025-01-01,KZN01,P005,42,8828.79
202501,2025-01-01,KZN01,P006,30,17104.53
202501,2025-01-01,KZN01,P007,23,7700.62
202501,2025-01-01,KZN01,P008,15,2406.27
202501,2025-01-01,KZN01,P009,16,4301.65
202501,2025-01-01,KZN02,P001,26,25742.66
202501,2025-01-01,KZN02,P002,20,8353.86
202501,2025-01-01,KZN02,P003,16,11783.41
202501,2025-01-01,KZN02,P004,16,6063.94
202501,2025-01-01,KZN02,P005,32,6643.38
202501,2025-01-01,KZN02,P006,25,14501.03
202501,2025-01-01,KZN02,P007,19,6114.97
202501,2025-01-01,KZN02,P008,13,2185.11
202501,2025-01-01,KZN02,P009,14,3607.9
202501,2025-01-01,KZN03,P001,26,25666.68
202501,2025-01-01,KZN03,P002,18,7726.39
202501,2025-01-01,KZN03,P003,13,9553.76
202501,2025-01-01,KZN03,P004,15,5573.47
202501,2025-01-01,KZN03,P005,33,6910.59
202501,2025-01-01,KZN03,P006,21,11911.34
202501,2025-01-01,KZN03,P007,17,5737.26
202501,2025-01-01,KZN03,P008,12,2027.14
202501,2025-01-01,KZN03,P009,14,3557.59
202501,2025-01-01,KZN04,P001,31,30696.91
202501,2025-01-01,KZN04,P002,22,9047.27
202501,2025-01-01,KZN04,P003,18,12705.97
202501,2025-01-01,KZN04,P004,19,7184.64
202501,2025-01-01,KZN04,P005,39,8025.68
202501,2025-01-01,KZN04,P006,29,16378.92
202501,2025-01-01,KZN04,P007,21,6889.43
202501,2025-01-01,KZN04,P008,15,2426.84
202501,2025-01-01,KZN04,P009,17,4611.66
202501,2025-01-01,EC01,P001,25,25523.08
202501,2025-01-01,EC01,P002,18,7697.43
202501,2025-01-01,EC01,P003,14,9832.7
202501,2025-01-01,EC01,P004,17,6746.3
202501,2025-01-01,EC01,P005,35,7424.59
202501,2025-01-01,EC01,P006,23,13201.71
202501,2025-01-01,EC01,P007,18,6088.44
202501,2025-01-01,EC01,P008,11,1788.03
202501,2025-01-01,EC01,P009,14,3685.82
202501,2025-01-01,EC02,P001,20,19830.16
202501,2025-01-01,EC02,P002,17,7224.29
202501,2025-01-01,EC02,P003,12,8705.03
202501,2025-01-01,EC02,P004,13,5077.32
202501,2025-01-01,EC02,P005,27,5565.38
202501,2025-01-01,EC02,P006,19,10866.91
202501,2025-01-01,EC02,P007,13,4279.73
202501,2025-01-01,EC02,P008,10,1655.7
202501,2025-01-01,EC02,P009,11,2864.04
202501,2025-01-01,EC03,P001,20,20565.76
202501,2025-01-01,EC03,P002,17,7223.24
202501,2025-01-01,EC03,P003,13,9277.48
202501,2025-01-01,EC03,P004,13,4966.5
202501,2025-01-01,EC03,P005,30,6456.74
202501,2025-01-01,EC03,P006,18,10064.82
202501,2025-01-01,EC03,P007,15,5145.61
202501,2025-01-01,EC03,P008,11,1823.15
202501,2025-01-01,EC03,P009,11,2881.89
202501,2025-01-01,FS01,P001,19,18290.53
202501,2025-01-01,FS01,P002,15,6457.01
202501,2025-01-01,FS01,P003,13,9243.27
202501,2025-01-01,FS01,P004,13,5047.51
202501,2025-01-01,FS01,P005,27,5900.93
202501,2025-01-01,FS01,P006,18,10444.98
202501,2025-01-01,FS01,P007,15,4837.84
202501,2025-01-01,FS01,P008,10,1615.07
202501,2025-01-01,FS01,P009,11,2875.24
202501,2025-01-01,FS02,P001,18,18168.91
202501,2025-01-01,FS02,P002,15,6526.26
202501,2025-01-01,FS02,P003,12,8806.64
202501,2025-01-01,FS02,P004,12,4692.7
202501,2025-01-01,FS02,P005,24,5289.31
202501,2025-01-01,FS02,P006,17,9546.72
202501,2025-01-01,FS02,P007,12,4136.91
202501,2025-01-01,FS02,P008,9,1531.23
202501,2025-01-01,FS02,P009,10,2665.93
202501,2025-01-01,LP01,P001,18,17504.39
202501,2025-01-01,LP01,P002,15,6168.99
202501,2025-01-01,LP01,P003,10,7473.33
202501,2025-01-01,LP01,P004,11,4202.95
202501,2025-01-01,LP01,P005,24,4915.13
202501,2025-01-01,LP01,P006,15,8197.23
202501,2025-01-01,LP01,P007,11,3580.91
202501,2025-01-01,LP01,P008,8,1305.89
202501,2025-01-01,LP01,P009,9,2375.16
202501,2025-01-01,LP02,P001,19,18760.11
202501,2025-01-01,LP02,P002,14,5832.65
202501,2025-01-01,LP02,P003,12,8494.86
202501,2025-01-01,LP02,P004,12,4654.4
202501,2025-01-01,LP02,P005,27,5949.52
202501,2025-01-01,LP02,P006,17,9503.69
202501,2025-01-01,LP02,P007,13,4312.84
202501,2025-01-01,LP02,P008,9,1517.13
202501,2025-01-01,LP02,P009,11,3000.91
202501,2025-01-01,MP01,P001,20,19254.19
202501,2025-01-01,MP01,P002,14,5894.41
202501,2025-01-01,MP01,P003,11,7915.67
202501,2025-01-01,MP01,P004,13,4951.0
202501,2025-01-01,MP01,P005,26,5474.01
202501,2025-01-01,MP01,P006,18,9991.03
202501,2025-01-01,MP01,P007,13,4496.76
202501,2025-01-01,MP01,P008,9,1488.42
202501,2025-01-01,MP01,P009,11,2964.56
202501,2025-01-01,MP02,P001,22,22454.08
202501,2025-01-01,MP02,P002,18,7726.55
202501,2025-01-01,MP02,P003,12,8701.08
202501,2025-01-01,MP02,P004,15,5970.8
202501,2025-01-01,MP02,P005,32,6985.93
202501,2025-01-01,MP02,P006,20,11101.63
202501,2025-01-01,MP02,P007,15,5053.08
202501,2025-01-01,MP02,P008,12,1937.97
202501,2025-01-01,MP02,P009,11,2806.09
202501,2025-01-01,NW01,P001,21,21171.89
202501,2025-01-01,NW01,P002,16,6709.12
202501,2025-01-01,NW01,P003,12,8462.96
202501,2025-01-01,NW01,P004,12,4699.56
202501,2025-01-01,NW01,P005,28,5833.1
202501,2025-01-01,NW01,P006,18,10404.59
202501,2025-01-01,NW01,P007,13,4240.33
202501,2025-01-01,NW01,P008,10,1644.77
202501,2025-01-01,NW01,P009,12,3245.62
202501,2025-01-01,NW02,P001,21,20831.47
202501,2025-01-01,NW02,P002,17,6961.96
202501,2025-01-01,NW02,P003,13,9530.17
202501,2025-01-01,NW02,P004,14,5525.46
202501,2025-01-01,NW02,P005,29,6043.8
202501,2025-01-01,NW02,P006,21,12208.07
202501,2025-01-01,NW02,P007,16,5183.84
202501,2025-01-01,NW02,P008,11,1777.36
202501,2025-01-01,NW02,P009,11,2970.3
202501,2025-01-01,NC01,P001,17,16856.13
202501,2025-01-01,NC01,P002,14,5720.65
202501,2025-01-01,NC01,P003,10,7394.36
202501,2025-01-01,NC01,P004,11,4256.73
202501,2025-01-01,NC01,P005,22,4641.73
202501,2025-01-01,NC01,P006,17,9735.02
202501,2025-01-01,NC01,P007,13,4178.72
202501,2025-01-01,NC01,P008,9,1484.14
202501,2025-01-01,NC01,P009,9,2384.22
202502,2025-02-01,GP01,P001,34,32830.36
202502,2025-02-01,GP01,P002,26,11387.81
202502,2025-02-01,GP01,P003,18,13453.55
202502,2025-02-01,GP01,P004,19,7048.38
202502,2025-02-01,GP01,P005,46,9571.52
202502,2025-02-01,GP01,P006,30,17394.16
202502,2025-02-01,GP01,P007,22,7300.42
202502,2025-02-01,GP01,P008,15,2529.47
202502,2025-02-01,GP01,P009,18,4633.04
202502,2025-02-01,GP01,P010,10,14803.23
202502,2025-02-01,GP02,P001,37,37472.72
202502,2025-02-01,GP02,P002,25,10362.8
202502,2025-02-01,GP02,P003,19,13941.1
202502,2025-02-01,GP02,P004,23,8626.93
202502,2025-02-01,GP02,P005,51,11024.7
202502,2025-02-01,GP02,P006,31,17311.46
202502,2025-02-01,GP02,P007,22,7397.2
202502,2025-02-01,GP02,P008,18,2891.91
202502,2025-02-01,GP02,P009,19,5151.47
202502,2025-02-01,GP02,P010,12,18107.22
202502,2025-02-01,GP03,P001,35,34253.47
202502,2025-02-01,GP03,P002,30,12860.15
202502,2025-02-01,GP03,P003,22,15563.31
202502,2025-02-01,GP03,P004,25,9219.82
202502,2025-02-01,GP03,P005,48,9905.58
202502,2025-02-01,GP03,P006,34,19189.86
202502,2025-02-01,GP03,P007,27,9129.33
202502,2025-02-01,GP03,P008,19,3279.85
202502,2025-02-01,GP03,P009,19,5143.79
202502,2025-02-01,GP03,P010,11,15740.89
202502,2025-02-01,GP04,P001,28,27355.87
202502,2025-02-01,GP04,P002,22,9047.59
202502,2025-02-01,GP04,P003,19,13715.71
202502,2025-02-01,GP04,P004,19,7406.53
202502,2025-02-01,GP04,P005,40,8748.72
202502,2025-02-01,GP04,P006,27,15750.97
202502,2025-02-01,GP04,P007,20,6684.98
202502,2025-02-01,GP04,P008,15,2431.86
202502,2025-02-01,GP04,P009,17,4370.46
202502,2025-02-01,GP04,P010,9,13447.22
202502,2025-02-01,GP05,P001,32,32654.69
202502,2025-02-01,GP05,P002,23,9889.73
202502,2025-02-01,GP05,P003,20,14571.66
202502,2025-02-01,GP05,P004,22,8551.11
202502,2025-02-01,GP05,P005,45,9535.58
202502,2025-02-01,GP05,P006,28,15412.93
202502,2025-02-01,GP05,P007,22,7227.29
202502,2025-02-01,GP05,P008,17,2798.13
202502,2025-02-01,GP05,P009,17,4486.7
202502,2025-02-01,GP05,P010,10,14152.64
202502,2025-02-01,WC01,P001,31,31208.13
202502,2025-02-01,WC01,P002,25,10466.47
202502,2025-02-01,WC01,P003,20,14790.62
202502,2025-02-01,WC01,P004,20,7638.25
202502,2025-02-01,WC01,P005,42,8982.61
202502,2025-02-01,WC01,P006,28,15374.25
202502,2025-02-01,WC01,P007,21,6847.26
202502,2025-02-01,WC01,P008,17,2803.11
202502,2025-02-01,WC01,P009,17,4571.82
202502,2025-02-01,WC01,P010,11,15895.11
202502,2025-02-01,WC02,P001,30,30337.59
202502,2025-02-01,WC02,P002,23,9971.63
202502,2025-02-01,WC02,P003,17,12797.68
202502,2025-02-01,WC02,P004,18,7078.34
202502,2025-02-01,WC02,P005,42,8577.3
202502,2025-02-01,WC02,P006,28,16168.15
202502,2025-02-01,WC02,P007,21,6921.44
202502,2025-02-01,WC02,P008,15,2411.23
202502,2025-02-01,WC02,P009,18,4807.59
202502,2025-02-01,WC02,P010,10,14134.34
202502,2025-02-01,WC03,P001,29,28551.81
202502,2025-02-01,WC03,P002,22,9083.91
202502,2025-02-01,WC03,P003,19,13370.46
202502,2025-02-01,WC03,P004,19,7213.42
202502,2025-02-01,WC03,P005,41,8389.1
202502,2025-02-01,WC03,P006,28,16090.14
202502,2025-02-01,WC03,P007,20,6462.03
202502,2025-02-01,WC03,P008,16,2687.95
202502,2025-02-01,WC03,P009,17,4409.02
202502,2025-02-01,WC03,P010,10,14721.38
202502,2025-02-01,WC04,P001,28,27623.39
202502,2025-02-01,WC04,P002,24,9795.62
202502,2025-02-01,WC04,P003,18,12731.44
202502,2025-02-01,WC04,P004,18,7087.65
202502,2025-02-01,WC04,P005,37,7785.43
202502,2025-02-01,WC04,P006,28,15341.3
202502,2025-02-01,WC04,P007,19,6448.89
202502,2025-02-01,WC04,P008,15,2517.61
202502,2025-02-01,WC04,P009,15,4011.01
202502,2025-02-01,WC04,P010,10,14736.24
202502,2025-02-01,KZN01,P001,30,30562.66
202502,2025-02-01,KZN01,P002,24,9788.61
202502,2025-02-01,KZN01,P003,19,13396.57
202502,2025-02-01,KZN01,P004,19,7505.78
202502,2025-02-01,KZN01,P005,42,9047.04
202502,2025-02-01,KZN01,P006,29,16338.98
202502,2025-02-01,KZN01,P007,21,6857.54
202502,2025-02-01,KZN01,P008,15,2442.69
202502,2025-02-01,KZN01,P009,17,4450.54
202502,2025-02-01,KZN01,P010,9,12835.66
202502,2025-02-01,KZN02,P001,24,23406.4
202502,2025-02-01,KZN02,P002,21,9241.66
202502,2025-02-01,KZN02,P003,15,10977.29
202502,2025-02-01,KZN02,P004,15,5927.22
202502,2025-02-01,KZN02,P005,34,7015.26
202502,2025-02-01,KZN02,P006,23,12925.6
202502,2025-02-01,KZN02,P007,16,5264.61
202502,2025-02-01,KZN02,P008,12,1947.56
202502,2025-02-01,KZN02,P009,13,3450.54
202502,2025-02-01,KZN02,P010,9,12696.15
202502,2025-02-01,KZN03,P001,24,23340.41
202502,2025-02-01,KZN03,P002,20,8293.62
202502,2025-02-01,KZN03,P003,16,11255.74
202502,2025-02-01,KZN03,P004,15,5933.96
202502,2025-02-01,KZN03,P005,33,6842.99
202502,2025-02-01,KZN03,P006,21,12308.13
202502,2025-02-01,KZN03,P007,16,5273.69
202502,2025-02-01,KZN03,P008,12,1987.84
202502,2025-02-01,KZN03,P009,12,3157.97
202502,2025-02-01,KZN03,P010,8,11277.94
202502,2025-02-01,KZN04,P001,28,28437.36
202502,2025-02-01,KZN04,P002,22,9186.22
202502,2025-02-01,KZN04,P003,19,14208.54
202502,2025-02-01,KZN04,P004,19,7378.12
202502,2025-02-01,KZN04,P005,42,9092.97
202502,2025-02-01,KZN04,P006,28,16133.54
202502,2025-02-01,KZN04,P007,22,7491.54
202502,2025-02-01,KZN04,P008,15,2443.66
202502,2025-02-01,KZN04,P009,17,4447.02
202502,2025-02-01,KZN04,P010,10,14785.09
202502,2025-02-01,EC01,P001,24,24344.93
202502,2025-02-01,EC01,P002,20,8451.79
202502,2025-02-01,EC01,P003,15,10887.81
202502,2025-02-01,EC01,P004,16,6298.42
202502,2025-02-01,EC01,P005,34,7378.11
202502,2025-02-01,EC01,P006,22,12502.95
202502,2025-02-01,EC01,P007,16,5357.09
202502,2025-02-01,EC01,P008,12,1997.58
202502,2025-02-01,EC01,P009,13,3384.86
202502,2025-02-01,EC01,P010,7,9869.69
202502,2025-02-01,EC02,P001,19,18174.3
202502,2025-02-01,EC02,P002,16,6527.07
202502,2025-02-01,EC02,P003,13,9283.3
202502,2025-02-01,EC02,P004,14,5177.95
202502,2025-02-01,EC02,P005,30,6409.69
202502,2025-02-01,EC02,P006,18,10198.53
202502,2025-02-01,EC02,P007,14,4747.54
202502,2025-02-01,EC02,P008,10,1729.01
202502,2025-02-01,EC02,P009,11,3000.67
202502,2025-02-01,EC02,P010,7,10487.2
202502,2025-02-01,EC03,P001,21,21562.94
202502,2025-02-01,EC03,P002,17,7247.34
202502,2025-02-01,EC03,P003,12,8936.6
202502,2025-02-01,EC03,P004,13,5072.19
202502,2025-02-01,EC03,P005,27,5871.8
202502,2025-02-01,EC03,P006,19,11118.75
202502,2025-02-01,EC03,P007,13,4466.16
202502,2025-02-01,EC03,P008,11,1894.12
202502,2025-02-01,EC03,P009,11,2826.42
202502,2025-02-01,EC03,P010,7,10030.85
202502,2025-02-01,FS01,P001,20,20570.84
202502,2025-02-01,FS01,P002,14,5892.24
202502,2025-02-01,FS01,P003,12,8583.17
202502,2025-02-01,FS01,P004,12,4668.58
202502,2025-02-01,FS01,P005,27,5916.33
202502,2025-02-01,FS01,P006,18,10498.88
202502,2025-02-01,FS01,P007,14,4693.92
202502,2025-02-01,FS01,P008,10,1621.48
202502,2025-02-01,FS01,P009,11,2982.56
202502,2025-02-01,FS01,P010,6,8963.33
202502,2025-02-01,FS02,P001,19,19314.04
202502,2025-02-01,FS02,P002,15,6409.43
202502,2025-02-01,FS02,P003,11,7808.1
202502,2025-02-01,FS02,P004,12,4654.47
202502,2025-02-01,FS02,P005,25,5314.09
202502,2025-02-01,FS02,P006,16,9000.38
202502,2025-02-01,FS02,P007,12,4016.44
202502,2025-02-01,FS02,P008,9,1484.69
202502,2025-02-01,FS02,P009,11,2878.19
202502,2025-02-01,FS02,P010,6,8493.58
202502,2025-02-01,LP01,P001,18,17854.1
202502,2025-02-01,LP01,P002,13,5708.24
202502,2025-02-01,LP01,P003,11,8101.51
202502,2025-02-01,LP01,P004,12,4718.64
202502,2025-02-01,LP01,P005,26,5678.72
202502,2025-02-01,LP01,P006,15,8466.17
202502,2025-02-01,LP01,P007,13,4200.87
202502,2025-02-01,LP01,P008,9,1555.15
202502,2025-02-01,LP01,P009,9,2356.0
202502,2025-02-01,LP01,P010,6,9058.12
202502,2025-02-01,LP02,P001,18,18373.81
202502,2025-02-01,LP02,P002,16,6770.6
202502,2025-02-01,LP02,P003,11,7743.53
202502,2025-02-01,LP02,P004,13,4925.89
202502,2025-02-01,LP02,P005,27,5795.15
202502,2025-02-01,LP02,P006,17,9954.82
202502,2025-02-01,LP02,P007,13,4265.55
202502,2025-02-01,LP02,P008,10,1702.13
202502,2025-02-01,LP02,P009,11,2862.61
202502,2025-02-01,LP02,P010,6,8558.36
202502,2025-02-01,MP01,P001,20,19638.52
202502,2025-02-01,MP01,P002,15,6305.67
202502,2025-02-01,MP01,P003,11,8053.79
202502,2025-02-01,MP01,P004,13,5081.47
202502,2025-02-01,MP01,P005,25,5110.69
202502,2025-02-01,MP01,P006,18,9988.42
202502,2025-02-01,MP01,P007,14,4581.32
202502,2025-02-01,MP01,P008,10,1653.18
202502,2025-02-01,MP01,P009,10,2564.85
202502,2025-02-01,MP01,P010,7,10478.04
202502,2025-02-01,MP02,P001,20,19419.75
202502,2025-02-01,MP02,P002,17,6954.75
202502,2025-02-01,MP02,P003,13,9674.81
202502,2025-02-01,MP02,P004,14,5475.8
202502,2025-02-01,MP02,P005,30,6552.75
202502,2025-02-01,MP02,P006,20,11352.81
202502,2025-02-01,MP02,P007,14,4815.34
202502,2025-02-01,MP02,P008,11,1883.5
202502,2025-02-01,MP02,P009,12,3150.54
202502,2025-02-01,MP02,P010,7,9947.88
202502,2025-02-01,NW01,P001,18,18341.78
202502,2025-02-01,NW01,P002,15,6291.45
202502,2025-02-01,NW01,P003,11,7897.01
202502,2025-02-01,NW01,P004,13,4954.29
202502,2025-02-01,NW01,P005,26,5371.45
202502,2025-02-01,NW01,P006,19,10932.98
202502,2025-02-01,NW01,P007,14,4642.36
202502,2025-02-01,NW01,P008,10,1680.81
202502,2025-02-01,NW01,P009,11,2804.18
202502,2025-02-01,NW01,P010,6,8907.02
202502,2025-02-01,NW02,P001,21,20269.19
202502,2025-02-01,NW02,P002,18,7500.36
202502,2025-02-01,NW02,P003,14,9935.12
202502,2025-02-01,NW02,P004,15,5711.23
202502,2025-02-01,NW02,P005,28,6142.0
202502,2025-02-01,NW02,P006,21,12098.35
202502,2025-02-01,NW02,P007,16,5126.81
202502,2025-02-01,NW02,P008,11,1880.89
202502,2025-02-01,NW02,P009,12,3051.71
202502,2025-02-01,NW02,P010,7,10016.11
202502,2025-02-01,NC01,P001,18,17898.17
202502,2025-02-01,NC01,P002,13,5386.83
202502,2025-02-01,NC01,P003,11,8210.71
202502,2025-02-01,NC01,P004,11,4071.15
202502,2025-02-01,NC01,P005,22,4755.59
202502,2025-02-01,NC01,P006,15,8329.64
202502,2025-02-01,NC01,P007,11,3797.42
202502,2025-02-01,NC01,P008,9,1511.68
202502,2025-02-01,NC01,P009,10,2643.03
202502,2025-02-01,NC01,P010,6,8465.37
202503,2025-03-01,GP01,P001,29,27800.26
202503,2025-03-01,GP01,P002,22,9142.57
202503,2025-03-01,GP01,P003,17,12004.99
202503,2025-03-01,GP01,P004,20,7886.8
202503,2025-03-01,GP01,P005,40,8445.71
202503,2025-03-01,GP01,P006,29,15950.01
202503,2025-03-01,GP01,P007,21,7075.87
202503,2025-03-01,GP01,P008,16,2660.15
202503,2025-03-01,GP01,P009,17,4362.82
202503,2025-03-01,GP01,P010,9,13046.35
202503,2025-03-01,GP02,P001,32,31991.21
202503,2025-03-01,GP02,P002,24,10267.48
202503,2025-03-01,GP02,P003,21,15753.71
202503,2025-03-01,GP02,P004,20,7823.81
202503,2025-03-01,GP02,P005,45,9542.21
202503,2025-03-01,GP02,P006,31,16913.64
202503,2025-03-01,GP02,P007,21,6767.39
202503,2025-03-01,GP02,P008,15,2534.08
202503,2025-03-01,GP02,P009,16,4221.33
202503,2025-03-01,GP02,P010,10,14411.26
202503,2025-03-01,GP03,P001,32,31960.03
202503,2025-03-01,GP03,P002,28,11558.3
202503,2025-03-01,GP03,P003,21,15598.46
202503,2025-03-01,GP03,P004,23,8544.48
202503,2025-03-01,GP03,P005,45,9870.6
202503,2025-03-01,GP03,P006,31,16976.22
202503,2025-03-01,GP03,P007,23,7854.72
202503,2025-03-01,GP03,P008,16,2739.79
202503,2025-03-01,GP03,P009,20,5134.99
202503,2025-03-01,GP03,P010,11,16003.16
202503,2025-03-01,GP04,P001,29,29579.75
202503,2025-03-01,GP04,P002,22,9364.56
202503,2025-03-01,GP04,P003,16,11365.84
202503,2025-03-01,GP04,P004,17,6741.78
202503,2025-03-01,GP04,P005,35,7578.31
202503,2025-03-01,GP04,P006,24,13210.13
202503,2025-03-01,GP04,P007,19,6320.48
202503,2025-03-01,GP04,P008,13,2166.03
202503,2025-03-01,GP04,P009,15,3866.76
202503,2025-03-01,GP04,P010,9,12744.02
202503,2025-03-01,GP05,P001,32,32660.63
202503,2025-03-01,GP05,P002,21,8859.94
202503,2025-03-01,GP05,P003,18,12899.86
202503,2025-03-01,GP05,P004,20,7630.61
202503,2025-03-01,GP05,P005,39,8585.45
202503,2025-03-01,GP05,P006,29,16568.62
202503,2025-03-01,GP05,P007,20,6769.96
202503,2025-03-01,GP05,P008,15,2461.01
202503,2025-03-01,GP05,P009,17,4475.47
202503,2025-03-01,GP05,P010,10,14210.62
202503,2025-03-01,WC01,P001,28,27405.43
202503,2025-03-01,WC01,P002,24,10336.22
202503,2025-03-01,WC01,P003,17,12833.59
202503,2025-03-01,WC01,P004,18,6908.18
202503,2025-03-01,WC01,P005,42,9065.88
202503,2025-03-01,WC01,P006,27,15381.14
202503,2025-03-01,WC01,P007,20,6438.74
202503,2025-03-01,WC01,P008,16,2733.13
202503,2025-03-01,WC01,P009,17,4537.36
202503,2025-03-01,WC01,P010,10,14327.59
202503,2025-03-01,WC02,P001,28,27490.97
202503,2025-03-01,WC02,P002,23,9848.69
202503,2025-03-01,WC02,P003,17,12163.4
202503,2025-03-01,WC02,P004,18,7158.29
202503,2025-03-01,WC02,P005,40,8481.73
202503,2025-03-01,WC02,P006,24,13706.61
202503,2025-03-01,WC02,P007,19,6472.47
202503,2025-03-01,WC02,P008,15,2448.39
202503,2025-03-01,WC02,P009,15,3783.93
202503,2025-03-01,WC02,P010,10,14230.77
202503,2025-03-01,WC03,P001,31,31568.02
202503,2025-03-01,WC03,P002,21,8828.45
202503,2025-03-01,WC03,P003,17,12173.35
202503,2025-03-01,WC03,P004,19,7269.28
202503,2025-03-01,WC03,P005,41,8997.88
202503,2025-03-01,WC03,P006,26,14497.72
202503,2025-03-01,WC03,P007,18,5785.81
202503,2025-03-01,WC03,P008,15,2597.4
202503,2025-03-01,WC03,P009,16,4088.3
202503,2025-03-01,WC03,P010,10,14174.25
202503,2025-03-01,WC04,P001,28,26761.62
202503,2025-03-01,WC04,P002,21,8585.19
202503,2025-03-01,WC04,P003,16,11858.77
202503,2025-03-01,WC04,P004,18,6641.9
202503,2025-03-01,WC04,P005,36,7365.03
202503,2025-03-01,WC04,P006,23,12842.91
202503,2025-03-01,WC04,P007,18,6202.19
202503,2025-03-01,WC04,P008,14,2290.62
202503,2025-03-01,WC04,P009,14,3625.74
202503,2025-03-01,WC04,P010,9,13648.05
202503,2025-03-01,KZN01,P001,26,26463.27
202503,2025-03-01,KZN01,P002,23,9555.44
202503,2025-03-01,KZN01,P003,16,11296.2
202503,2025-03-01,KZN01,P004,18,7037.3
202503,2025-03-01,KZN01,P005,39,7983.06
202503,2025-03-01,KZN01,P006,25,14381.28
202503,2025-03-01,KZN01,P007,19,6106.91
202503,2025-03-01,KZN01,P008,14,2256.73
202503,2025-03-01,KZN01,P009,16,4151.94
202503,2025-03-01,KZN01,P010,9,12659.58
202503,2025-03-01,KZN02,P001,25,23871.82
202503,2025-03-01,KZN02,P002,19,8351.74
202503,2025-03-01,KZN02,P003,14,10468.08
202503,2025-03-01,KZN02,P004,16,6102.65
202503,2025-03-01,KZN02,P005,32,6999.69
202503,2025-03-01,KZN02,P006,20,11631.45
202503,2025-03-01,KZN02,P007,16,5525.4
202503,2025-03-01,KZN02,P008,12,1927.19
202503,2025-03-01,KZN02,P009,12,3036.39
202503,2025-03-01,KZN02,P010,7,10629.86
202503,2025-03-01,KZN03,P001,22,21202.6
202503,2025-03-01,KZN03,P002,19,7745.95
202503,2025-03-01,KZN03,P003,14,9829.88
202503,2025-03-01,KZN03,P004,15,5712.37
202503,2025-03-01,KZN03,P005,32,6684.96
202503,2025-03-01,KZN03,P006,19,10496.73
202503,2025-03-01,KZN03,P007,15,5099.99
202503,2025-03-01,KZN03,P008,11,1798.26
202503,2025-03-01,KZN03,P009,12,3107.43
202503,2025-03-01,KZN03,P010,7,10520.75
202503,2025-03-01,KZN04,P001,26,26311.9
202503,2025-03-01,KZN04,P002,20,8412.13
202503,2025-03-01,KZN04,P003,16,11264.68
202503,2025-03-01,KZN04,P004,18,7175.91
202503,2025-03-01,KZN04,P005,36,7832.21
202503,2025-03-01,KZN04,P006,24,13059.72
202503,2025-03-01,KZN04,P007,18,6174.33
202503,2025-03-01,KZN04,P008,13,2209.38
202503,2025-03-01,KZN04,P009,16,4345.43
202503,2025-03-01,KZN04,P010,9,13475.92
202503,2025-03-01,EC01,P001,24,23551.47
202503,2025-03-01,EC01,P002,16,6549.91
202503,2025-03-01,EC01,P003,13,9521.03
202503,2025-03-01,EC01,P004,15,5907.09
202503,2025-03-01,EC01,P005,33,6987.16
202503,2025-03-01,EC01,P006,19,10739.59
202503,2025-03-01,EC01,P007,16,5258.96
202503,2025-03-01,EC01,P008,12,2072.66
202503,2025-03-01,EC01,P009,12,3265.19
202503,2025-03-01,EC01,P010,7,10245.29
202503,2025-03-01,EC02,P001,20,20282.97
202503,2025-03-01,EC02,P002,15,6148.68
202503,2025-03-01,EC02,P003,12,8903.23
202503,2025-03-01,EC02,P004,12,4527.44
202503,2025-03-01,EC02,P005,25,5388.94
202503,2025-03-01,EC02,P006,17,9772.06
202503,2025-03-01,EC02,P007,14,4591.08
202503,2025-03-01,EC02,P008,10,1676.92
202503,2025-03-01,EC02,P009,11,2886.31
202503,2025-03-01,EC02,P010,6,9040.2
202503,2025-03-01,EC03,P001,21,20456.39
202503,2025-03-01,EC03,P002,15,6465.77
202503,2025-03-01,EC03,P003,12,8703.02
202503,2025-03-01,EC03,P004,12,4766.64
202503,2025-03-01,EC03,P005,27,5652.63
202503,2025-03-01,EC03,P006,17,9344.56
202503,2025-03-01,EC03,P007,13,4435.26
202503,2025-03-01,EC03,P008,10,1616.11
202503,2025-03-01,EC03,P009,11,2863.51
202503,2025-03-01,EC03,P010,6,8965.19
202503,2025-03-01,FS01,P001,18,17328.15
202503,2025-03-01,FS01,P002,16,6950.3
202503,2025-03-01,FS01,P003,11,7942.75
202503,2025-03-01,FS01,P004,12,4622.25
202503,2025-03-01,FS01,P005,26,5426.63
202503,2025-03-01,FS01,P006,16,8763.08
202503,2025-03-01,FS01,P007,13,4274.8
202503,2025-03-01,FS01,P008,10,1661.42
202503,2025-03-01,FS01,P009,10,2647.84
202503,2025-03-01,FS01,P010,6,8767.24
202503,2025-03-01,FS02,P001,16,15649.0
202503,2025-03-01,FS02,P002,13,5638.02
202503,2025-03-01,FS02,P003,10,7419.86
202503,2025-03-01,FS02,P004,12,4606.73
202503,2025-03-01,FS02,P005,24,5239.84
202503,2025-03-01,FS02,P006,15,8661.96
202503,2025-03-01,FS02,P007,11,3549.34
202503,2025-03-01,FS02,P008,9,1465.02
202503,2025-03-01,FS02,P009,10,2695.98
202503,2025-03-01,FS02,P010,5,7248.07
202503,2025-03-01,LP01,P001,17,17309.06
202503,2025-03-01,LP01,P002,12,5245.89
202503,2025-03-01,LP01,P003,10,7044.83
202503,2025-03-01,LP01,P004,11,4313.29
202503,2025-03-01,LP01,P005,22,4707.36
202503,2025-03-01,LP01,P006,15,8306.02
202503,2025-03-01,LP01,P007,12,4068.62
202503,2025-03-01,LP01,P008,8,1344.94
202503,2025-03-01,LP01,P009,9,2345.19
202503,2025-03-01,LP01,P010,5,7160.68
202503,2025-03-01,LP02,P001,18,17470.82
202503,2025-03-01,LP02,P002,13,5417.92
202503,2025-03-01,LP02,P003,10,7172.48
202503,2025-03-01,LP02,P004,12,4598.33
202503,2025-03-01,LP02,P005,24,5181.6
202503,2025-03-01,LP02,P006,16,8823.59
202503,2025-03-01,LP02,P007,12,3975.86
202503,2025-03-01,LP02,P008,9,1475.82
202503,2025-03-01,LP02,P009,10,2621.32
202503,2025-03-01,LP02,P010,6,9132.08
202503,2025-03-01,MP01,P001,17,17294.45
202503,2025-03-01,MP01,P002,14,6052.98
202503,2025-03-01,MP01,P003,11,8047.45
202503,2025-03-01,MP01,P004,11,4297.0
202503,2025-03-01,MP01,P005,26,5685.82
202503,2025-03-01,MP01,P006,16,9010.3
202503,2025-03-01,MP01,P007,12,3942.09
202503,2025-03-01,MP01,P008,10,1635.21
202503,2025-03-01,MP01,P009,10,2618.26
202503,2025-03-01,MP01,P010,6,8492.48
202503,2025-03-01,MP02,P001,19,18648.31
202503,2025-03-01,MP02,P002,16,6858.73
202503,2025-03-01,MP02,P003,13,9369.86
202503,2025-03-01,MP02,P004,12,4457.98
202503,2025-03-01,MP02,P005,29,5950.89
202503,2025-03-01,MP02,P006,19,10420.91
202503,2025-03-01,MP02,P007,14,4758.56
202503,2025-03-01,MP02,P008,10,1645.74
202503,2025-03-01,MP02,P009,11,2952.32
202503,2025-03-01,MP02,P010,7,10345.39
202503,2025-03-01,NW01,P001,20,20437.6
202503,2025-03-01,NW01,P002,15,6533.11
202503,2025-03-01,NW01,P003,11,8026.8
202503,2025-03-01,NW01,P004,12,4527.66
202503,2025-03-01,NW01,P005,26,5534.97
202503,2025-03-01,NW01,P006,17,9544.39
202503,2025-03-01,NW01,P007,12,4069.79
202503,2025-03-01,NW01,P008,9,1509.48
202503,2025-03-01,NW01,P009,11,2957.32
202503,2025-03-01,NW01,P010,6,8784.3
202503,2025-03-01,NW02,P001,21,20192.42
202503,2025-03-01,NW02,P002,15,6147.23
202503,2025-03-01,NW02,P003,12,8695.96
202503,2025-03-01,NW02,P004,13,5115.49
202503,2025-03-01,NW02,P005,27,5730.27
202503,2025-03-01,NW02,P006,18,9841.0
202503,2025-03-01,NW02,P007,14,4611.56
202503,2025-03-01,NW02,P008,10,1711.58
202503,2025-03-01,NW02,P009,11,2943.36
202503,2025-03-01,NW02,P010,7,10007.58
202503,2025-03-01,NC01,P001,16,16018.19
202503,2025-03-01,NC01,P002,12,5200.05
202503,2025-03-01,NC01,P003,9,6736.11
202503,2025-03-01,NC01,P004,10,3881.87
202503,2025-03-01,NC01,P005,24,5114.38
202503,2025-03-01,NC01,P006,16,8892.13
202503,2025-03-01,NC01,P007,11,3634.4
202503,2025-03-01,NC01,P008,8,1282.02
202503,2025-03-01,NC01,P009,8,2138.72
202503,2025-03-01,NC01,P010,5,7420.36
202504,2025-04-01,GP01,P001,30,30134.95
202504,2025-04-01,GP01,P002,24,10262.67
202504,2025-04-01,GP01,P003,17,12731.6
202504,2025-04-01,GP01,P004,19,7116.78
202504,2025-04-01,GP01,P005,39,8474.31
202504,2025-04-01,GP01,P006,28,16432.22
202504,2025-04-01,GP01,P007,20,6555.44
202504,2025-04-01,GP01,P008,15,2557.85
202504,2025-04-01,GP01,P009,16,4199.9
202504,2025-04-01,GP01,P010,10,14732.27
202504,2025-04-01,GP02,P001,32,30583.77
202504,2025-04-01,GP02,P002,25,10257.0
202504,2025-04-01,GP02,P003,19,13703.8
202504,2025-04-01,GP02,P004,19,7549.14
202504,2025-04-01,GP02,P005,47,9851.4
202504,2025-04-01,GP02,P006,29,16390.31
202504,2025-04-01,GP02,P007,22,7532.15
202504,2025-04-01,GP02,P008,15,2509.36
202504,2025-04-01,GP02,P009,18,4565.13
202504,2025-04-01,GP02,P010,11,16457.34
202504,2025-04-01,GP03,P001,33,32502.45
202504,2025-04-01,GP03,P002,27,11306.55
202504,2025-04-01,GP03,P003,20,15026.89
202504,2025-04-01,GP03,P004,23,8810.9
202504,2025-04-01,GP03,P005,47,10048.28
202504,2025-04-01,GP03,P006,32,17916.21
202504,2025-04-01,GP03,P007,22,7574.76
202504,2025-04-01,GP03,P008,17,2721.77
202504,2025-04-01,GP03,P009,20,5251.23
202504,2025-04-01,GP03,P010,12,18103.43
202504,2025-04-01,GP04,P001,28,28057.37
202504,2025-04-01,GP04,P002,22,9651.95
202504,2025-04-01,GP04,P003,18,13367.13
202504,2025-04-01,GP04,P004,17,6431.71
202504,2025-04-01,GP04,P005,38,8011.4
202504,2025-04-01,GP04,P006,25,14385.3
202504,2025-04-01,GP04,P007,18,5873.48
202504,2025-04-01,GP04,P008,13,2107.07
202504,2025-04-01,GP04,P009,14,3540.56
202504,2025-04-01,GP04,P010,9,12755.7
202504,2025-04-01,GP05,P001,31,29713.06
202504,2025-04-01,GP05,P002,22,9669.91
202504,2025-04-01,GP05,P003,18,12774.51
202504,2025-04-01,GP05,P004,19,7430.75
202504,2025-04-01,GP05,P005,42,8938.63
202504,2025-04-01,GP05,P006,25,13932.97
202504,2025-04-01,GP05,P007,20,6852.73
202504,2025-04-01,GP05,P008,15,2444.55
202504,2025-04-01,GP05,P009,16,4156.13
202504,2025-04-01,GP05,P010,9,13038.88
202504,2025-04-01,WC01,P001,29,28225.64
202504,2025-04-01,WC01,P002,23,9970.62
202504,2025-04-01,WC01,P003,17,12119.48
202504,2025-04-01,WC01,P004,19,7303.98
202504,2025-04-01,WC01,P005,40,8738.03
202504,2025-04-01,WC01,P006,28,15794.74
202504,2025-04-01,WC01,P007,22,7106.84
202504,2025-04-01,WC01,P008,16,2757.06
202504,2025-04-01,WC01,P009,17,4597.39
202504,2025-04-01,WC01,P010,9,13227.98
202504,2025-04-01,WC02,P001,26,26611.58
202504,2025-04-01,WC02,P002,20,8340.68
202504,2025-04-01,WC02,P003,16,11217.3
202504,2025-04-01,WC02,P004,18,7078.86
202504,2025-04-01,WC02,P005,36,7416.52
202504,2025-04-01,WC02,P006,27,14903.04
202504,2025-04-01,WC02,P007,19,6431.56
202504,2025-04-01,WC02,P008,13,2119.25
202504,2025-04-01,WC02,P009,16,4343.21
202504,2025-04-01,WC02,P010,9,12897.71
202504,2025-04-01,WC03,P001,28,28120.95
202504,2025-04-01,WC03,P002,21,9146.55
202504,2025-04-01,WC03,P003,18,12807.45
202504,2025-04-01,WC03,P004,18,7015.5
202504,2025-04-01,WC03,P005,37,7908.8
202504,2025-04-01,WC03,P006,25,14425.83
202504,2025-04-01,WC03,P007,20,6709.81
202504,2025-04-01,WC03,P008,13,2125.37
202504,2025-04-01,WC03,P009,16,4186.23
202504,2025-04-01,WC03,P010,9,13471.28
202504,2025-04-01,WC04,P001,28,27758.11
202504,2025-04-01,WC04,P002,22,9689.31
202504,2025-04-01,WC04,P003,16,12067.87
202504,2025-04-01,WC04,P004,17,6654.82
202504,2025-04-01,WC04,P005,34,7042.32
202504,2025-04-01,WC04,P006,26,14959.84
202504,2025-04-01,WC04,P007,18,5917.13
202504,2025-04-01,WC04,P008,13,2143.74
202504,2025-04-01,WC04,P009,15,4060.69
202504,2025-04-01,WC04,P010,8,11875.22
202504,2025-04-01,KZN01,P001,29,28854.43
202504,2025-04-01,KZN01,P002,21,8986.52
202504,2025-04-01,KZN01,P003,17,12484.82
202504,2025-04-01,KZN01,P004,18,6938.4
202504,2025-04-01,KZN01,P005,42,8733.45
202504,2025-04-01,KZN01,P006,25,14267.6
202504,2025-04-01,KZN01,P007,19,6345.73
202504,2025-04-01,KZN01,P008,15,2548.09
202504,2025-04-01,KZN01,P009,15,3979.76
202504,2025-04-01,KZN01,P010,9,12847.5
202504,2025-04-01,KZN02,P001,25,24487.33
202504,2025-04-01,KZN02,P002,20,8593.71
202504,2025-04-01,KZN02,P003,14,10415.93
202504,2025-04-01,KZN02,P004,16,6336.14
202504,2025-04-01,KZN02,P005,35,7635.21
202504,2025-04-01,KZN02,P006,23,13014.62
202504,2025-04-01,KZN02,P007,16,5341.71
202504,2025-04-01,KZN02,P008,13,2251.1
202504,2025-04-01,KZN02,P009,14,3759.94
202504,2025-04-01,KZN02,P010,8,12050.25
202504,2025-04-01,KZN03,P001,23,22643.06
202504,2025-04-01,KZN03,P002,16,6687.16
202504,2025-04-01,KZN03,P003,13,9779.77
202504,2025-04-01,KZN03,P004,15,5791.19
202504,2025-04-01,KZN03,P005,31,6447.62
202504,2025-04-01,KZN03,P006,22,12274.75
202504,2025-04-01,KZN03,P007,15,4978.91
202504,2025-04-01,KZN03,P008,11,1889.88
202504,2025-04-01,KZN03,P009,12,3061.61
202504,2025-04-01,KZN03,P010,8,12070.5
202504,2025-04-01,KZN04,P001,28,27995.19
202504,2025-04-01,KZN04,P002,22,9621.26
202504,2025-04-01,KZN04,P003,17,12684.49
202504,2025-04-01,KZN04,P004,19,7482.54
202504,2025-04-01,KZN04,P005,36,7859.99
202504,2025-04-01,KZN04,P006,27,15372.56
202504,2025-04-01,KZN04,P007,19,6509.13
202504,2025-04-01,KZN04,P008,14,2413.73
202504,2025-04-01,KZN04,P009,15,3987.05
202504,2025-04-01,KZN04,P010,9,12936.9
202504,2025-04-01,EC01,P001,24,24638.24
202504,2025-04-01,EC01,P002,18,7402.3
202504,2025-04-01,EC01,P003,14,10160.33
202504,2025-04-01,EC01,P004,14,5299.39
202504,2025-04-01,EC01,P005,33,7124.41
202504,2025-04-01,EC01,P006,22,12403.63
202504,2025-04-01,EC01,P007,16,5447.83
202504,2025-04-01,EC01,P008,12,2003.44
202504,2025-04-01,EC01,P009,13,3488.43
202504,2025-04-01,EC01,P010,7,10396.7
202504,2025-04-01,EC02,P001,18,18295.02
202504,2025-04-01,EC02,P002,14,5890.05
202504,2025-04-01,EC02,P003,11,7895.54
202504,2025-04-01,EC02,P004,13,5102.49
202504,2025-04-01,EC02,P005,28,5893.45
202504,2025-04-01,EC02,P006,17,9864.37
202504,2025-04-01,EC02,P007,13,4501.75
202504,2025-04-01,EC02,P008,10,1720.93
202504,2025-04-01,EC02,P009,11,2805.76
202504,2025-04-01,EC02,P010,6,8905.91
202504,2025-04-01,EC03,P001,21,20821.11
202504,2025-04-01,EC03,P002,16,6536.69
202504,2025-04-01,EC03,P003,12,8819.9
202504,2025-04-01,EC03,P004,12,4647.23
202504,2025-04-01,EC03,P005,28,5786.85
202504,2025-04-01,EC03,P006,17,9971.61
202504,2025-04-01,EC03,P007,13,4253.88
202504,2025-04-01,EC03,P008,9,1494.64
202504,2025-04-01,EC03,P009,10,2700.75
202504,2025-04-01,EC03,P010,6,8593.56
202504,2025-04-01,FS01,P001,18,17665.53
202504,2025-04-01,FS01,P002,14,5927.53
202504,2025-04-01,FS01,P003,11,8231.31
202504,2025-04-01,FS01,P004,13,5085.56
202504,2025-04-01,FS01,P005,24,4951.21
202504,2025-04-01,FS01,P006,16,9396.47
202504,2025-04-01,FS01,P007,13,4401.0
202504,2025-04-01,FS01,P008,9,1490.95
202504,2025-04-01,FS01,P009,11,2936.31
202504,2025-04-01,FS01,P010,6,8792.97
202504,2025-04-01,FS02,P001,16,15923.09
202504,2025-04-01,FS02,P002,12,5272.62
202504,2025-04-01,FS02,P003,10,7136.49
202504,2025-04-01,FS02,P004,11,4118.41
202504,2025-04-01,FS02,P005,24,5095.08
202504,2025-04-01,FS02,P006,16,8735.21
202504,2025-04-01,FS02,P007,12,3954.56
202504,2025-04-01,FS02,P008,9,1549.89
202504,2025-04-01,FS02,P009,10,2606.96
202504,2025-04-01,FS02,P010,6,8610.31
202504,2025-04-01,LP01,P001,17,16805.89
202504,2025-04-01,LP01,P002,13,5356.7
202504,2025-04-01,LP01,P003,10,7384.6
202504,2025-04-01,LP01,P004,11,4125.08
202504,2025-04-01,LP01,P005,24,5144.1
202504,2025-04-01,LP01,P006,15,8351.33
202504,2025-04-01,LP01,P007,12,3912.84
202504,2025-04-01,LP01,P008,8,1290.97
202504,2025-04-01,LP01,P009,9,2352.56
202504,2025-04-01,LP01,P010,5,7261.43
202504,2025-04-01,LP02,P001,20,20037.34
202504,2025-04-01,LP02,P002,14,6144.62
202504,2025-04-01,LP02,P003,10,7550.0
202504,2025-04-01,LP02,P004,11,4351.94
202504,2025-04-01,LP02,P005,26,5340.49
202504,2025-04-01,LP02,P006,17,9839.17
202504,2025-04-01,LP02,P007,12,4030.94
202504,2025-04-01,LP02,P008,9,1504.28
202504,2025-04-01,LP02,P009,10,2661.71
202504,2025-04-01,LP02,P010,6,8451.76
202504,2025-04-01,MP01,P001,18,17658.46
202504,2025-04-01,MP01,P002,15,6336.25
202504,2025-04-01,MP01,P003,11,7978.3
202504,2025-04-01,MP01,P004,12,4562.96
202504,2025-04-01,MP01,P005,25,5472.5
202504,2025-04-01,MP01,P006,17,9907.21
202504,2025-04-01,MP01,P007,11,3546.5
202504,2025-04-01,MP01,P008,10,1688.87
202504,2025-04-01,MP01,P009,9,2289.29
202504,2025-04-01,MP01,P010,6,8758.28
202504,2025-04-01,MP02,P001,21,20025.49
202504,2025-04-01,MP02,P002,16,6962.18
202504,2025-04-01,MP02,P003,13,9689.97
202504,2025-04-01,MP02,P004,14,5435.64
202504,2025-04-01,MP02,P005,26,5616.67
202504,2025-04-01,MP02,P006,19,10683.56
202504,2025-04-01,MP02,P007,13,4176.11
202504,2025-04-01,MP02,P008,10,1672.38
202504,2025-04-01,MP02,P009,12,3118.9
202504,2025-04-01,MP02,P010,7,9991.4
202504,2025-04-01,NW01,P001,19,18324.9
202504,2025-04-01,NW01,P002,14,5936.92
202504,2025-04-01,NW01,P003,11,8000.43
202504,2025-04-01,NW01,P004,11,4153.79
202504,2025-04-01,NW01,P005,23,4889.65
202504,2025-04-01,NW01,P006,15,8631.39
202504,2025-04-01,NW01,P007,13,4487.44
202504,2025-04-01,NW01,P008,10,1621.61
202504,2025-04-01,NW01,P009,9,2321.34
202504,2025-04-01,NW01,P010,6,8525.21
202504,2025-04-01,NW02,P001,22,21490.33
202504,2025-04-01,NW02,P002,16,6817.28
202504,2025-04-01,NW02,P003,11,8107.27
202504,2025-04-01,NW02,P004,13,4867.23
202504,2025-04-01,NW02,P005,27,5937.52
202504,2025-04-01,NW02,P006,20,11005.56
202504,2025-04-01,NW02,P007,14,4809.56
202504,2025-04-01,NW02,P008,10,1638.76
202504,2025-04-01,NW02,P009,11,2827.95
202504,2025-04-01,NW02,P010,7,10010.05
202504,2025-04-01,NC01,P001,16,16125.78
202504,2025-04-01,NC01,P002,13,5331.62
202504,2025-04-01,NC01,P003,9,6358.9
202504,2025-04-01,NC01,P004,11,4192.32
202504,2025-04-01,NC01,P005,22,4512.18
202504,2025-04-01,NC01,P006,15,8410.97
202504,2025-04-01,NC01,P007,11,3712.43
202504,2025-04-01,NC01,P008,8,1383.59
202504,2025-04-01,NC01,P009,9,2342.99
202504,2025-04-01,NC01,P010,5,7142.04
202505,2025-05-01,GP01,P001,32,32313.99
202505,2025-05-01,GP01,P002,25,10982.45
202505,2025-05-01,GP01,P003,18,12629.06
202505,2025-05-01,GP01,P004,18,6832.88
202505,2025-05-01,GP01,P005,38,7771.97
202505,2025-05-01,GP01,P006,28,16267.86
202505,2025-05-01,GP01,P007,21,6916.54
202505,2025-05-01,GP01,P008,14,2385.09
202505,2025-05-01,GP01,P009,17,4482.65
202505,2025-05-01,GP01,P010,10,14640.63
202505,2025-05-01,GP02,P001,31,30031.68
202505,2025-05-01,GP02,P002,25,10522.94
202505,2025-05-01,GP02,P003,18,13589.71
202505,2025-05-01,GP02,P004,22,8111.98
202505,2025-05-01,GP02,P005,41,8921.83
202505,2025-05-01,GP02,P006,32,18586.31
202505,2025-05-01,GP02,P007,21,7028.19
202505,2025-05-01,GP02,P008,15,2502.85
202505,2025-05-01,GP02,P009,19,4830.3
202505,2025-05-01,GP02,P010,11,15489.43
202505,2025-05-01,GP03,P001,33,32485.65
202505,2025-05-01,GP03,P002,25,10214.75
202505,2025-05-01,GP03,P003,19,14275.76
202505,2025-05-01,GP03,P004,22,8174.87
202505,2025-05-01,GP03,P005,44,9060.97
202505,2025-05-01,GP03,P006,34,19518.46
202505,2025-05-01,GP03,P007,23,7879.99
202505,2025-05-01,GP03,P008,16,2667.37
202505,2025-05-01,GP03,P009,17,4588.56
202505,2025-05-01,GP03,P010,10,14444.78
202505,2025-05-01,GP04,P001,26,25881.27
202505,2025-05-01,GP04,P002,22,9604.3
202505,2025-05-01,GP04,P003,16,11211.6
202505,2025-05-01,GP04,P004,18,7164.51
202505,2025-05-01,GP04,P005,40,8392.9
202505,2025-05-01,GP04,P006,26,15071.35
202505,2025-05-01,GP04,P007,17,5786.67
202505,2025-05-01,GP04,P008,14,2244.69
202505,2025-05-01,GP04,P009,16,4142.34
202505,2025-05-01,GP04,P010,9,12914.99
202505,2025-05-01,GP05,P001,30,30832.59
202505,2025-05-01,GP05,P002,24,10365.67
202505,2025-05-01,GP05,P003,17,12116.39
202505,2025-05-01,GP05,P004,18,7114.15
202505,2025-05-01,GP05,P005,42,9027.7
202505,2025-05-01,GP05,P006,25,13610.61
202505,2025-05-01,GP05,P007,21,7167.57
202505,2025-05-01,GP05,P008,14,2347.38
202505,2025-05-01,GP05,P009,15,3995.27
202505,2025-05-01,GP05,P010,10,14568.58
202505,2025-05-01,WC01,P001,29,28651.65
202505,2025-05-01,WC01,P002,23,9505.99
202505,2025-05-01,WC01,P003,19,14331.91
202505,2025-05-01,WC01,P004,19,7147.56
202505,2025-05-01,WC01,P005,43,9026.27
202505,2025-05-01,WC01,P006,25,13864.29
202505,2025-05-01,WC01,P007,21,6908.04
202505,2025-05-01,WC01,P008,14,2392.09
202505,2025-05-01,WC01,P009,16,4364.55
202505,2025-05-01,WC01,P010,9,13143.97
202505,2025-05-01,WC02,P001,28,26685.93
202505,2025-05-01,WC02,P002,23,9877.37
202505,2025-05-01,WC02,P003,16,11242.04
202505,2025-05-01,WC02,P004,18,7149.46
202505,2025-05-01,WC02,P005,41,8447.5
202505,2025-05-01,WC02,P006,26,15131.84
202505,2025-05-01,WC02,P007,20,6612.93
202505,2025-05-01,WC02,P008,14,2405.22
202505,2025-05-01,WC02,P009,16,4321.95
202505,2025-05-01,WC02,P010,10,14826.27
202505,2025-05-01,WC03,P001,30,30545.48
202505,2025-05-01,WC03,P002,22,9228.31
202505,2025-05-01,WC03,P003,17,12455.69
202505,2025-05-01,WC03,P004,18,6715.99
202505,2025-05-01,WC03,P005,40,8491.92
202505,2025-05-01,WC03,P006,26,14784.94
202505,2025-05-01,WC03,P007,21,6970.88
202505,2025-05-01,WC03,P008,14,2374.19
202505,2025-05-01,WC03,P009,15,3938.94
202505,2025-05-01,WC03,P010,10,14838.07
202505,2025-05-01,WC04,P001,28,28077.95
202505,2025-05-01,WC04,P002,20,8397.91
202505,2025-05-01,WC04,P003,16,11719.24
202505,2025-05-01,WC04,P004,16,6374.93
202505,2025-05-01,WC04,P005,37,7920.19
202505,2025-05-01,WC04,P006,23,12717.4
202505,2025-05-01,WC04,P007,19,6468.04
202505,2025-05-01,WC04,P008,13,2187.98
202505,2025-05-01,WC04,P009,15,4003.83
202505,2025-05-01,WC04,P010,8,12108.2
202505,2025-05-01,KZN01,P001,28,28199.51
202505,2025-05-01,KZN01,P002,21,9083.93
202505,2025-05-01,KZN01,P003,16,12047.67
202505,2025-05-01,KZN01,P004,18,6965.63
202505,2025-05-01,KZN01,P005,39,8234.89
202505,2025-05-01,KZN01,P006,27,14766.33
202505,2025-05-01,KZN01,P007,19,6578.4
202505,2025-05-01,KZN01,P008,13,2090.98
202505,2025-05-01,KZN01,P009,16,4048.94
202505,2025-05-01,KZN01,P010,9,12792.36
202505,2025-05-01,KZN02,P001,24,24056.56
202505,2025-05-01,KZN02,P002,17,7056.51
202505,2025-05-01,KZN02,P003,14,9788.42
202505,2025-05-01,KZN02,P004,15,5889.55
202505,2025-05-01,KZN02,P005,31,6782.21
202505,2025-05-01,KZN02,P006,23,12828.62
202505,2025-05-01,KZN02,P007,16,5248.86
202505,2025-05-01,KZN02,P008,12,1968.55
202505,2025-05-01,KZN02,P009,13,3321.32
202505,2025-05-01,KZN02,P010,8,11281.96
202505,2025-05-01,KZN03,P001,24,23605.57
202505,2025-05-01,KZN03,P002,19,7974.13
202505,2025-05-01,KZN03,P003,14,10268.57
202505,2025-05-01,KZN03,P004,15,5956.14
202505,2025-05-01,KZN03,P005,29,6049.04
202505,2025-05-01,KZN03,P006,21,11679.31
202505,2025-05-01,KZN03,P007,16,5490.74
202505,2025-05-01,KZN03,P008,12,2027.33
202505,2025-05-01,KZN03,P009,12,3238.26
202505,2025-05-01,KZN03,P010,7,10558.77
202505,2025-05-01,KZN04,P001,27,27489.24
202505,2025-05-01,KZN04,P002,23,9522.93
202505,2025-05-01,KZN04,P003,15,10528.8
202505,2025-05-01,KZN04,P004,16,5981.42
202505,2025-05-01,KZN04,P005,37,7930.03
202505,2025-05-01,KZN04,P006,27,15859.46
202505,2025-05-01,KZN04,P007,19,6495.32
202505,2025-05-01,KZN04,P008,13,2185.36
202505,2025-05-01,KZN04,P009,14,3572.49
202505,2025-05-01,KZN04,P010,8,11252.93
202505,2025-05-01,EC01,P001,22,21549.78
202505,2025-05-01,EC01,P002,19,7920.85
202505,2025-05-01,EC01,P003,13,9221.14
202505,2025-05-01,EC01,P004,14,5416.69
202505,2025-05-01,EC01,P005,33,7024.22
202505,2025-05-01,EC01,P006,22,12766.36
202505,2025-05-01,EC01,P007,15,4835.56
202505,2025-05-01,EC01,P008,11,1891.51
202505,2025-05-01,EC01,P009,12,3189.7
202505,2025-05-01,EC01,P010,7,10532.44
202505,2025-05-01,EC02,P001,20,19730.2
202505,2025-05-01,EC02,P002,14,6040.37
202505,2025-05-01,EC02,P003,12,8442.51
202505,2025-05-01,EC02,P004,12,4491.98
202505,2025-05-01,EC02,P005,25,5496.51
202505,2025-05-01,EC02,P006,17,9417.37
202505,2025-05-01,EC02,P007,13,4407.89
202505,2025-05-01,EC02,P008,10,1606.05
202505,2025-05-01,EC02,P009,10,2674.55
202505,2025-05-01,EC02,P010,6,8609.15
202505,2025-05-01,EC03,P001,19,18065.41
202505,2025-05-01,EC03,P002,16,6559.43
202505,2025-05-01,EC03,P003,12,8780.58
202505,2025-05-01,EC03,P004,13,4929.18
202505,2025-05-01,EC03,P005,27,5649.43
202505,2025-05-01,EC03,P006,17,9475.95
202505,2025-05-01,EC03,P007,13,4359.11
202505,2025-05-01,EC03,P008,9,1554.58
202505,2025-05-01,EC03,P009,11,2867.96
202505,2025-05-01,EC03,P010,6,8834.04
202505,2025-05-01,FS01,P001,18,17843.45
202505,2025-05-01,FS01,P002,15,6483.73
202505,2025-05-01,FS01,P003,11,8137.42
202505,2025-05-01,FS01,P004,12,4666.25
202505,2025-05-01,FS01,P005,25,5206.0
202505,2025-05-01,FS01,P006,18,10218.55
202505,2025-05-01,FS01,P007,12,4039.35
202505,2025-05-01,FS01,P008,9,1511.28
202505,2025-05-01,FS01,P009,11,2820.24
202505,2025-05-01,FS01,P010,6,8722.82
202505,2025-05-01,FS02,P001,16,16114.01
202505,2025-05-01,FS02,P002,13,5532.85
202505,2025-05-01,FS02,P003,10,7212.73
202505,2025-05-01,FS02,P004,11,4094.9
202505,2025-05-01,FS02,P005,24,5166.14
202505,2025-05-01,FS02,P006,16,9008.48
202505,2025-05-01,FS02,P007,12,3969.45
202505,2025-05-01,FS02,P008,9,1502.49
202505,2025-05-01,FS02,P009,9,2331.21
202505,2025-05-01,FS02,P010,5,7394.91
202505,2025-05-01,LP01,P001,16,16033.76
202505,2025-05-01,LP01,P002,12,5172.96
202505,2025-05-01,LP01,P003,9,6562.31
202505,2025-05-01,LP01,P004,10,3728.69
202505,2025-05-01,LP01,P005,23,5050.61
202505,2025-05-01,LP01,P006,15,8501.5
202505,2025-05-01,LP01,P007,11,3683.79
202505,2025-05-01,LP01,P008,8,1383.75
202505,2025-05-01,LP01,P009,9,2435.27
202505,2025-05-01,LP01,P010,5,7447.4
202505,2025-05-01,LP02,P001,20,19612.84
202505,2025-05-01,LP02,P002,14,5953.51
202505,2025-05-01,LP02,P003,10,7012.51
202505,2025-05-01,LP02,P004,12,4686.44
202505,2025-05-01,LP02,P005,24,5227.08
202505,2025-05-01,LP02,P006,16,9020.72
202505,2025-05-01,LP02,P007,12,3855.89
202505,2025-05-01,LP02,P008,9,1484.15
202505,2025-05-01,LP02,P009,10,2698.71
202505,2025-05-01,LP02,P010,5,7390.98
202505,2025-05-01,MP01,P001,17,16579.42
202505,2025-05-01,MP01,P002,14,5917.41
202505,2025-05-01,MP01,P003,11,8127.63
202505,2025-05-01,MP01,P004,12,4696.06
202505,2025-05-01,MP01,P005,24,4961.58
202505,2025-05-01,MP01,P006,17,9995.74
202505,2025-05-01,MP01,P007,12,3990.99
202505,2025-05-01,MP01,P008,8,1359.61
202505,2025-05-01,MP01,P009,9,2422.35
202505,2025-05-01,MP01,P010,6,9050.94
202505,2025-05-01,MP02,P001,20,20190.1
202505,2025-05-01,MP02,P002,16,6776.89
202505,2025-05-01,MP02,P003,12,9064.52
202505,2025-05-01,MP02,P004,12,4441.3
202505,2025-05-01,MP02,P005,30,6118.15
202505,2025-05-01,MP02,P006,18,10125.13
202505,2025-05-01,MP02,P007,13,4392.9
202505,2025-05-01,MP02,P008,10,1648.32
202505,2025-05-01,MP02,P009,11,2905.92
202505,2025-05-01,MP02,P010,7,9944.53
202505,2025-05-01,NW01,P001,17,16236.14
202505,2025-05-01,NW01,P002,15,6121.83
202505,2025-05-01,NW01,P003,12,8586.19
202505,2025-05-01,NW01,P004,12,4737.78
202505,2025-05-01,NW01,P005,25,5151.31
202505,2025-05-01,NW01,P006,17,9956.32
202505,2025-05-01,NW01,P007,12,3893.1
202505,2025-05-01,NW01,P008,9,1513.67
202505,2025-05-01,NW01,P009,11,2973.72
202505,2025-05-01,NW01,P010,5,7109.77
202505,2025-05-01,NW02,P001,20,19234.97
202505,2025-05-01,NW02,P002,16,6964.68
202505,2025-05-01,NW02,P003,12,8667.73
202505,2025-05-01,NW02,P004,14,5583.45
202505,2025-05-01,NW02,P005,27,5712.88
202505,2025-05-01,NW02,P006,17,9865.22
202505,2025-05-01,NW02,P007,14,4624.42
202505,2025-05-01,NW02,P008,10,1601.14
202505,2025-05-01,NW02,P009,11,2794.94
202505,2025-05-01,NW02,P010,7,10064.67
202505,2025-05-01,NC01,P001,16,15533.34
202505,2025-05-01,NC01,P002,12,5050.86
202505,2025-05-01,NC01,P003,10,7180.0
202505,2025-05-01,NC01,P004,10,3750.37
202505,2025-05-01,NC01,P005,21,4389.74
202505,2025-05-01,NC01,P006,16,9223.56
202505,2025-05-01,NC01,P007,11,3764.68
202505,2025-05-01,NC01,P008,8,1358.48
202505,2025-05-01,NC01,P009,9,2312.68
202505,2025-05-01,NC01,P010,5,7464.49
202506,2025-06-01,GP01,P001,31,31259.65
202506,2025-06-01,GP01,P002,24,10054.45
202506,2025-06-01,GP01,P003,17,12490.42
202506,2025-06-01,GP01,P004,20,7870.46
202506,2025-06-01,GP01,P005,43,8977.0
202506,2025-06-01,GP01,P006,29,16793.45
202506,2025-06-01,GP01,P007,21,6911.47
202506,2025-06-01,GP01,P008,15,2563.49
202506,2025-06-01,GP01,P009,15,4074.34
202506,2025-06-01,GP01,P010,9,13354.68
202506,2025-06-01,GP02,P001,31,30829.22
202506,2025-06-01,GP02,P002,23,10097.03
202506,2025-06-01,GP02,P003,18,13091.79
202506,2025-06-01,GP02,P004,19,7444.7
202506,2025-06-01,GP02,P005,45,9269.93
202506,2025-06-01,GP02,P006,30,16356.75
202506,2025-06-01,GP02,P007,21,7134.9
202506,2025-06-01,GP02,P008,17,2930.04
202506,2025-06-01,GP02,P009,19,5130.44
202506,2025-06-01,GP02,P010,10,15162.4
202506,2025-06-01,GP03,P001,37,37506.61
202506,2025-06-01,GP03,P002,28,12007.65
202506,2025-06-01,GP03,P003,21,15848.64
202506,2025-06-01,GP03,P004,21,7901.25
202506,2025-06-01,GP03,P005,49,10601.14
202506,2025-06-01,GP03,P006,32,18439.79
202506,2025-06-01,GP03,P007,23,7389.81
202506,2025-06-01,GP03,P008,18,2932.98
202506,2025-06-01,GP03,P009,20,5063.3
202506,2025-06-01,GP03,P010,11,16705.15
202506,2025-06-01,GP04,P001,29,29060.22
202506,2025-06-01,GP04,P002,23,10034.98
202506,2025-06-01,GP04,P003,15,10764.39
202506,2025-06-01,GP04,P004,18,7011.38
202506,2025-06-01,GP04,P005,36,7562.26
202506,2025-06-01,GP04,P006,27,15732.37
202506,2025-06-01,GP04,P007,18,6070.51
202506,2025-06-01,GP04,P008,13,2238.56
202506,2025-06-01,GP04,P009,15,3872.88
202506,2025-06-01,GP04,P010,8,11398.39
202506,2025-06-01,GP05,P001,29,28288.83
202506,2025-06-01,GP05,P002,24,10454.84
202506,2025-06-01,GP05,P003,18,13167.56
202506,2025-06-01,GP05,P004,18,7103.32
202506,2025-06-01,GP05,P005,38,7856.84
202506,2025-06-01,GP05,P006,26,14160.48
202506,2025-06-01,GP05,P007,21,6908.06
202506,2025-06-01,GP05,P008,15,2577.17
202506,2025-06-01,GP05,P009,17,4531.69
202506,2025-06-01,GP05,P010,9,13415.98
202506,2025-06-01,WC01,P001,31,29594.51
202506,2025-06-01,WC01,P002,24,10436.04
202506,2025-06-01,WC01,P003,17,12687.02
202506,2025-06-01,WC01,P004,20,7545.98
202506,2025-06-01,WC01,P005,44,9629.23
202506,2025-06-01,WC01,P006,27,15106.4
202506,2025-06-01,WC01,P007,20,6510.53
202506,2025-06-01,WC01,P008,15,2521.57
202506,2025-06-01,WC01,P009,16,4256.0
202506,2025-06-01,WC01,P010,9,13233.97
202506,2025-06-01,WC02,P001,30,30239.92
202506,2025-06-01,WC02,P002,22,9088.79
202506,2025-06-01,WC02,P003,17,12756.38
202506,2025-06-01,WC02,P004,17,6696.78
202506,2025-06-01,WC02,P005,36,7479.93
202506,2025-06-01,WC02,P006,28,16441.31
202506,2025-06-01,WC02,P007,19,6240.16
202506,2025-06-01,WC02,P008,15,2587.57
202506,2025-06-01,WC02,P009,17,4432.57
202506,2025-06-01,WC02,P010,8,11279.9
202506,2025-06-01,WC03,P001,29,28727.46
202506,2025-06-01,WC03,P002,23,9715.24
202506,2025-06-01,WC03,P003,17,12173.13
202506,2025-06-01,WC03,P004,20,7925.15
202506,2025-06-01,WC03,P005,38,8079.76
202506,2025-06-01,WC03,P006,24,13117.34
202506,2025-06-01,WC03,P007,21,6794.0
202506,2025-06-01,WC03,P008,15,2449.6
202506,2025-06-01,WC03,P009,15,3798.76
202506,2025-06-01,WC03,P010,9,13120.86
202506,2025-06-01,WC04,P001,26,26026.53
202506,2025-06-01,WC04,P002,20,8496.82
202506,2025-06-01,WC04,P003,17,12594.41
202506,2025-06-01,WC04,P004,17,6731.56
202506,2025-06-01,WC04,P005,34,7336.23
202506,2025-06-01,WC04,P006,25,13589.84
202506,2025-06-01,WC04,P007,19,6201.89
202506,2025-06-01,WC04,P008,14,2404.82
202506,2025-06-01,WC04,P009,14,3639.16
202506,2025-06-01,WC04,P010,8,11458.3
202506,2025-06-01,KZN01,P001,31,30175.44
202506,2025-06-01,KZN01,P002,24,9797.77
202506,2025-06-01,KZN01,P003,18,12908.15
202506,2025-06-01,KZN01,P004,19,7127.12
202506,2025-06-01,KZN01,P005,39,8552.03
202506,2025-06-01,KZN01,P006,24,13586.71
202506,2025-06-01,KZN01,P007,21,6874.06
202506,2025-06-01,KZN01,P008,15,2411.82
202506,2025-06-01,KZN01,P009,15,3788.51
202506,2025-06-01,KZN01,P010,9,13534.97
202506,2025-06-01,KZN02,P001,25,25384.79
202506,2025-06-01,KZN02,P002,19,7869.39
202506,2025-06-01,KZN02,P003,15,10644.12
202506,2025-06-01,KZN02,P004,14,5569.29
202506,2025-06-01,KZN02,P005,33,7159.56
202506,2025-06-01,KZN02,P006,23,13407.25
202506,2025-06-01,KZN02,P007,16,5519.44
202506,2025-06-01,KZN02,P008,12,1974.36
202506,2025-06-01,KZN02,P009,14,3676.29
202506,2025-06-01,KZN02,P010,8,11787.28
202506,2025-06-01,KZN03,P001,24,24596.12
202506,2025-06-01,KZN03,P002,18,7745.51
202506,2025-06-01,KZN03,P003,14,10028.72
202506,2025-06-01,KZN03,P004,15,5832.57
202506,2025-06-01,KZN03,P005,30,6343.12
202506,2025-06-01,KZN03,P006,22,12220.62
202506,2025-06-01,KZN03,P007,16,5519.77
202506,2025-06-01,KZN03,P008,11,1858.61
202506,2025-06-01,KZN03,P009,13,3483.39
202506,2025-06-01,KZN03,P010,7,10446.28
202506,2025-06-01,KZN04,P001,30,29124.47
202506,2025-06-01,KZN04,P002,22,9527.26
202506,2025-06-01,KZN04,P003,16,11834.34
202506,2025-06-01,KZN04,P004,17,6575.93
202506,2025-06-01,KZN04,P005,40,8526.93
202506,2025-06-01,KZN04,P006,25,13587.44
202506,2025-06-01,KZN04,P007,18,6062.91
202506,2025-06-01,KZN04,P008,15,2444.86
202506,2025-06-01,KZN04,P009,15,3989.46
202506,2025-06-01,KZN04,P010,9,12660.16
202506,2025-06-01,EC01,P001,22,21713.99
202506,2025-06-01,EC01,P002,19,8174.91
202506,2025-06-01,EC01,P003,13,9788.46
202506,2025-06-01,EC01,P004,15,5719.23
202506,2025-06-01,EC01,P005,31,6711.72
202506,2025-06-01,EC01,P006,22,12362.05
202506,2025-06-01,EC01,P007,15,5007.0
202506,2025-06-01,EC01,P008,11,1809.93
202506,2025-06-01,EC01,P009,12,3245.22
202506,2025-06-01,EC01,P010,7,10310.36
202506,2025-06-01,EC02,P001,18,17252.81
202506,2025-06-01,EC02,P002,16,6536.55
202506,2025-06-01,EC02,P003,11,7930.46
202506,2025-06-01,EC02,P004,13,4924.87
202506,2025-06-01,EC02,P005,25,5218.08
202506,2025-06-01,EC02,P006,17,9781.52
202506,2025-06-01,EC02,P007,14,4807.28
202506,2025-06-01,EC02,P008,9,1473.24
202506,2025-06-01,EC02,P009,11,2877.21
202506,2025-06-01,EC02,P010,6,8786.77
202506,2025-06-01,EC03,P001,19,18089.38
202506,2025-06-01,EC03,P002,15,6506.19
202506,2025-06-01,EC03,P003,11,7939.13
202506,2025-06-01,EC03,P004,13,4843.41
202506,2025-06-01,EC03,P005,27,5558.48
202506,2025-06-01,EC03,P006,18,9987.27
202506,2025-06-01,EC03,P007,12,4045.89
202506,2025-06-01,EC03,P008,9,1505.61
202506,2025-06-01,EC03,P009,11,2921.6
202506,2025-06-01,EC03,P010,6,9088.28
202506,2025-06-01,FS01,P001,18,17207.14
202506,2025-06-01,FS01,P002,13,5481.87
202506,2025-06-01,FS01,P003,12,8900.49
202506,2025-06-01,FS01,P004,13,4867.3
202506,2025-06-01,FS01,P005,27,5618.74
202506,2025-06-01,FS01,P006,17,9841.5
202506,2025-06-01,FS01,P007,13,4192.29
202506,2025-06-01,FS01,P008,10,1642.38
202506,2025-06-01,FS01,P009,10,2546.99
202506,2025-06-01,FS01,P010,6,8567.01
202506,2025-06-01,FS02,P001,16,15454.45
202506,2025-06-01,FS02,P002,14,6131.11
202506,2025-06-01,FS02,P003,10,7343.68
202506,2025-06-01,FS02,P004,10,3729.97
202506,2025-06-01,FS02,P005,24,4904.77
202506,2025-06-01,FS02,P006,16,9228.31
202506,2025-06-01,FS02,P007,12,3913.15
202506,2025-06-01,FS02,P008,9,1503.16
202506,2025-06-01,FS02,P009,9,2314.13
202506,2025-06-01,FS02,P010,5,7517.74
202506,2025-06-01,LP01,P001,17,17358.36
202506,2025-06-01,LP01,P002,12,5065.85
202506,2025-06-01,LP01,P003,10,7118.67
202506,2025-06-01,LP01,P004,10,3969.31
202506,2025-06-01,LP01,P005,23,4934.61
202506,2025-06-01,LP01,P006,15,8619.36
202506,2025-06-01,LP01,P007,11,3579.76
202506,2025-06-01,LP01,P008,8,1363.65
202506,2025-06-01,LP01,P009,9,2315.49
202506,2025-06-01,LP01,P010,5,7390.07
202506,2025-06-01,LP02,P001,19,19331.02
202506,2025-06-01,LP02,P002,15,6190.58
202506,2025-06-01,LP02,P003,11,8230.82
202506,2025-06-01,LP02,P004,12,4564.95
202506,2025-06-01,LP02,P005,25,5170.88
202506,2025-06-01,LP02,P006,18,10292.69
202506,2025-06-01,LP02,P007,12,4070.84
202506,2025-06-01,LP02,P008,9,1557.2
202506,2025-06-01,LP02,P009,10,2583.88
202506,2025-06-01,LP02,P010,6,8470.87
202506,2025-06-01,MP01,P001,17,16780.65
202506,2025-06-01,MP01,P002,13,5335.63
202506,2025-06-01,MP01,P003,11,7946.89
202506,2025-06-01,MP01,P004,11,4195.94
202506,2025-06-01,MP01,P005,26,5413.37
202506,2025-06-01,MP01,P006,16,9052.48
202506,2025-06-01,MP01,P007,13,4465.45
202506,2025-06-01,MP01,P008,10,1648.83
202506,2025-06-01,MP01,P009,10,2577.97
202506,2025-06-01,MP01,P010,6,8554.21
202506,2025-06-01,MP02,P001,20,20221.8
202506,2025-06-01,MP02,P002,15,6395.83
202506,2025-06-01,MP02,P003,13,9676.7
202506,2025-06-01,MP02,P004,12,4440.6
202506,2025-06-01,MP02,P005,28,5853.63
202506,2025-06-01,MP02,P006,18,10455.23
202506,2025-06-01,MP02,P007,13,4459.92
202506,2025-06-01,MP02,P008,9,1484.13
202506,2025-06-01,MP02,P009,11,2828.06
202506,2025-06-01,MP02,P010,7,10367.28
202506,2025-06-01,NW01,P001,17,16687.62
202506,2025-06-01,NW01,P002,15,6445.91
202506,2025-06-01,NW01,P003,11,8264.31
202506,2025-06-01,NW01,P004,12,4646.64
202506,2025-06-01,NW01,P005,26,5368.48
202506,2025-06-01,NW01,P006,16,8761.62
202506,2025-06-01,NW01,P007,12,4057.98
202506,2025-06-01,NW01,P008,9,1544.28
202506,2025-06-01,NW01,P009,10,2637.22
202506,2025-06-01,NW01,P010,6,9076.26
202506,2025-06-01,NW02,P001,21,20678.04
202506,2025-06-01,NW02,P002,16,6989.65
202506,2025-06-01,NW02,P003,13,9476.5
202506,2025-06-01,NW02,P004,13,4910.91
202506,2025-06-01,NW02,P005,27,5918.84
202506,2025-06-01,NW02,P006,18,9972.45
202506,2025-06-01,NW02,P007,13,4399.24
202506,2025-06-01,NW02,P008,10,1634.71
202506,2025-06-01,NW02,P009,11,2867.62
202506,2025-06-01,NW02,P010,6,9027.54
202506,2025-06-01,NC01,P001,17,16631.33
202506,2025-06-01,NC01,P002,13,5466.94
202506,2025-06-01,NC01,P003,9,6501.85
202506,2025-06-01,NC01,P004,11,4306.18
202506,2025-06-01,NC01,P005,22,4678.81
202506,2025-06-01,NC01,P006,14,8184.97
202506,2025-06-01,NC01,P007,11,3706.67
202506,2025-06-01,NC01,P008,9,1544.68
202506,2025-06-01,NC01,P009,9,2455.31
202506,2025-06-01,NC01,P010,5,7506.61
202507,2025-07-01,GP01,P001,28,26718.91
202507,2025-07-01,GP01,P002,22,9387.1
202507,2025-07-01,GP01,P003,17,12459.13
202507,2025-07-01,GP01,P004,19,7190.41
202507,2025-07-01,GP01,P005,44,9522.3
202507,2025-07-01,GP01,P006,28,15273.61
202507,2025-07-01,GP01,P007,21,6973.15
202507,2025-07-01,GP01,P008,14,2331.97
202507,2025-07-01,GP01,P009,16,4220.05
202507,2025-07-01,GP01,P010,10,14813.91
202507,2025-07-01,GP02,P001,34,32585.89
202507,2025-07-01,GP02,P002,25,10455.3
202507,2025-07-01,GP02,P003,18,13308.16
202507,2025-07-01,GP02,P004,22,8161.96
202507,2025-07-01,GP02,P005,43,9273.88
202507,2025-07-01,GP02,P006,28,16201.24
202507,2025-07-01,GP02,P007,23,7670.56
202507,2025-07-01,GP02,P008,16,2744.78
202507,2025-07-01,GP02,P009,18,4841.89
202507,2025-07-01,GP02,P010,10,14442.02
202507,2025-07-01,GP03,P001,32,30732.6
202507,2025-07-01,GP03,P002,28,11581.5
202507,2025-07-01,GP03,P003,21,15015.28
202507,2025-07-01,GP03,P004,21,7744.01
202507,2025-07-01,GP03,P005,49,10272.67
202507,2025-07-01,GP03,P006,29,16782.79
202507,2025-07-01,GP03,P007,25,8587.03
202507,2025-07-01,GP03,P008,17,2769.98
202507,2025-07-01,GP03,P009,19,4935.1
202507,2025-07-01,GP03,P010,11,15975.94
202507,2025-07-01,GP04,P001,29,28617.22
202507,2025-07-01,GP04,P002,20,8815.96
202507,2025-07-01,GP04,P003,16,11686.81
202507,2025-07-01,GP04,P004,17,6636.5
202507,2025-07-01,GP04,P005,36,7553.26
202507,2025-07-01,GP04,P006,27,15686.72
202507,2025-07-01,GP04,P007,18,5816.76
202507,2025-07-01,GP04,P008,14,2321.22
202507,2025-07-01,GP04,P009,16,4305.1
202507,2025-07-01,GP04,P010,9,13058.41
202507,2025-07-01,GP05,P001,32,31573.06
202507,2025-07-01,GP05,P002,22,9150.52
202507,2025-07-01,GP05,P003,17,12442.88
202507,2025-07-01,GP05,P004,19,7547.13
202507,2025-07-01,GP05,P005,43,9115.77
202507,2025-07-01,GP05,P006,29,16811.01
202507,2025-07-01,GP05,P007,22,7461.57
202507,2025-07-01,GP05,P008,16,2615.5
202507,2025-07-01,GP05,P009,16,4232.56
202507,2025-07-01,GP05,P010,9,13689.1
202507,2025-07-01,WC01,P001,30,29130.92
202507,2025-07-01,WC01,P002,23,9675.91
202507,2025-07-01,WC01,P003,18,13016.32
202507,2025-07-01,WC01,P004,20,7830.58
202507,2025-07-01,WC01,P005,42,8911.15
202507,2025-07-01,WC01,P006,29,15959.24
202507,2025-07-01,WC01,P007,20,6620.52
202507,2025-07-01,WC01,P008,14,2352.4
202507,2025-07-01,WC01,P009,16,4356.4
202507,2025-07-01,WC01,P010,10,14221.79
202507,2025-07-01,WC02,P001,26,24794.97
202507,2025-07-01,WC02,P002,21,9212.31
202507,2025-07-01,WC02,P003,17,12256.25
202507,2025-07-01,WC02,P004,19,7076.51
202507,2025-07-01,WC02,P005,41,8673.27
202507,2025-07-01,WC02,P006,24,13420.43
202507,2025-07-01,WC02,P007,20,6409.93
202507,2025-07-01,WC02,P008,14,2414.7
202507,2025-07-01,WC02,P009,16,4363.88
202507,2025-07-01,WC02,P010,9,12817.64
202507,2025-07-01,WC03,P001,27,26312.03
202507,2025-07-01,WC03,P002,21,8836.2
202507,2025-07-01,WC03,P003,16,11420.16
202507,2025-07-01,WC03,P004,17,6712.72
202507,2025-07-01,WC03,P005,40,8234.77
202507,2025-07-01,WC03,P006,26,14337.21
202507,2025-07-01,WC03,P007,19,6092.67
202507,2025-07-01,WC03,P008,14,2408.5
202507,2025-07-01,WC03,P009,15,3967.77
202507,2025-07-01,WC03,P010,9,13564.73
202507,2025-07-01,WC04,P001,26,25276.67
202507,2025-07-01,WC04,P002,20,8737.0
202507,2025-07-01,WC04,P003,15,10849.76
202507,2025-07-01,WC04,P004,18,6718.83
202507,2025-07-01,WC04,P005,36,7450.4
202507,2025-07-01,WC04,P006,23,13302.4
202507,2025-07-01,WC04,P007,18,5773.35
202507,2025-07-01,WC04,P008,13,2195.1
202507,2025-07-01,WC04,P009,14,3779.25
202507,2025-07-01,WC04,P010,9,12975.26
202507,2025-07-01,KZN01,P001,31,29637.06
202507,2025-07-01,KZN01,P002,21,8815.42
202507,2025-07-01,KZN01,P003,18,12881.63
202507,2025-07-01,KZN01,P004,18,6640.77
202507,2025-07-01,KZN01,P005,39,8122.58
202507,2025-07-01,KZN01,P006,26,14304.6
202507,2025-07-01,KZN01,P007,19,6288.58
202507,2025-07-01,KZN01,P008,15,2543.15
202507,2025-07-01,KZN01,P009,16,4176.59
202507,2025-07-01,KZN01,P010,9,13495.54
202507,2025-07-01,KZN02,P001,23,23445.72
202507,2025-07-01,KZN02,P002,17,6989.89
202507,2025-07-01,KZN02,P003,15,10922.76
202507,2025-07-01,KZN02,P004,14,5507.39
202507,2025-07-01,KZN02,P005,33,7100.49
202507,2025-07-01,KZN02,P006,21,11674.1
202507,2025-07-01,KZN02,P007,17,5877.79
202507,2025-07-01,KZN02,P008,11,1863.26
202507,2025-07-01,KZN02,P009,13,3297.93
202507,2025-07-01,KZN02,P010,8,12151.7
202507,2025-07-01,KZN03,P001,24,24535.83
202507,2025-07-01,KZN03,P002,18,7797.9
202507,2025-07-01,KZN03,P003,14,10575.97
202507,2025-07-01,KZN03,P004,15,5573.37
202507,2025-07-01,KZN03,P005,33,6846.18
202507,2025-07-01,KZN03,P006,21,12081.1
202507,2025-07-01,KZN03,P007,15,4997.87
202507,2025-07-01,KZN03,P008,12,1934.55
202507,2025-07-01,KZN03,P009,11,2931.13
202507,2025-07-01,KZN03,P010,8,11700.79
202507,2025-07-01,KZN04,P001,28,27445.83
202507,2025-07-01,KZN04,P002,23,10057.92
202507,2025-07-01,KZN04,P003,16,11742.57
202507,2025-07-01,KZN04,P004,18,7036.73
202507,2025-07-01,KZN04,P005,38,8258.3
202507,2025-07-01,KZN04,P006,26,14476.45
202507,2025-07-01,KZN04,P007,18,5927.67
202507,2025-07-01,KZN04,P008,13,2186.97
202507,2025-07-01,KZN04,P009,15,3847.54
202507,2025-07-01,KZN04,P010,8,11360.46
202507,2025-07-01,EC01,P001,21,20562.92
202507,2025-07-01,EC01,P002,16,6780.88
202507,2025-07-01,EC01,P003,14,10312.56
202507,2025-07-01,EC01,P004,14,5438.61
202507,2025-07-01,EC01,P005,32,6656.51
202507,2025-07-01,EC01,P006,21,12161.53
202507,2025-07-01,EC01,P007,16,5183.44
202507,2025-07-01,EC01,P008,11,1831.81
202507,2025-07-01,EC01,P009,12,3168.29
202507,2025-07-01,EC01,P010,8,12139.79
202507,2025-07-01,EC02,P001,20,19369.82
202507,2025-07-01,EC02,P002,15,6433.12
202507,2025-07-01,EC02,P003,12,8717.56
202507,2025-07-01,EC02,P004,12,4655.0
202507,2025-07-01,EC02,P005,26,5465.52
202507,2025-07-01,EC02,P006,17,9384.89
202507,2025-07-01,EC02,P007,14,4567.68
202507,2025-07-01,EC02,P008,9,1457.34
202507,2025-07-01,EC02,P009,10,2570.84
202507,2025-07-01,EC02,P010,7,10622.5
202507,2025-07-01,EC03,P001,20,19662.19
202507,2025-07-01,EC03,P002,15,6274.24
202507,2025-07-01,EC03,P003,11,8103.56
202507,2025-07-01,EC03,P004,13,5079.73
202507,2025-07-01,EC03,P005,26,5588.31
202507,2025-07-01,EC03,P006,18,10268.05
202507,2025-07-01,EC03,P007,13,4211.27
202507,2025-07-01,EC03,P008,9,1532.16
202507,2025-07-01,EC03,P009,11,2918.09
202507,2025-07-01,EC03,P010,6,8695.83
202507,2025-07-01,FS01,P001,19,19085.91
202507,2025-07-01,FS01,P002,15,6274.42
202507,2025-07-01,FS01,P003,10,7197.9
202507,2025-07-01,FS01,P004,11,4113.57
202507,2025-07-01,FS01,P005,24,4984.24
202507,2025-07-01,FS01,P006,16,9373.4
202507,2025-07-01,FS01,P007,12,4148.23
202507,2025-07-01,FS01,P008,9,1441.85
202507,2025-07-01,FS01,P009,11,2797.79
202507,2025-07-01,FS01,P010,6,8632.99
202507,2025-07-01,FS02,P001,16,15309.12
202507,2025-07-01,FS02,P002,13,5405.63
202507,2025-07-01,FS02,P003,11,7852.27
202507,2025-07-01,FS02,P004,11,4180.5
202507,2025-07-01,FS02,P005,22,4722.99
202507,2025-07-01,FS02,P006,15,8255.36
202507,2025-07-01,FS02,P007,12,4097.43
202507,2025-07-01,FS02,P008,9,1556.81
202507,2025-07-01,FS02,P009,10,2657.6
202507,2025-07-01,FS02,P010,6,8949.98
202507,2025-07-01,LP01,P001,17,16675.89
202507,2025-07-01,LP01,P002,13,5438.05
202507,2025-07-01,LP01,P003,10,7267.24
202507,2025-07-01,LP01,P004,10,3839.65
202507,2025-07-01,LP01,P005,24,5197.78
202507,2025-07-01,LP01,P006,15,8219.54
202507,2025-07-01,LP01,P007,10,3248.97
202507,2025-07-01,LP01,P008,8,1306.7
202507,2025-07-01,LP01,P009,10,2533.08
202507,2025-07-01,LP01,P010,5,7520.88
202507,2025-07-01,LP02,P001,18,17571.47
202507,2025-07-01,LP02,P002,15,6312.84
202507,2025-07-01,LP02,P003,11,8224.82
202507,2025-07-01,LP02,P004,12,4677.48
202507,2025-07-01,LP02,P005,26,5554.38
202507,2025-07-01,LP02,P006,16,9238.91
202507,2025-07-01,LP02,P007,12,3916.46
202507,2025-07-01,LP02,P008,9,1530.92
202507,2025-07-01,LP02,P009,10,2566.32
202507,2025-07-01,LP02,P010,6,8520.33
202507,2025-07-01,MP01,P001,19,18784.2
202507,2025-07-01,MP01,P002,15,6158.09
202507,2025-07-01,MP01,P003,11,8165.34
202507,2025-07-01,MP01,P004,11,4238.52
202507,2025-07-01,MP01,P005,23,4781.09
202507,2025-07-01,MP01,P006,16,9197.24
202507,2025-07-01,MP01,P007,11,3528.15
202507,2025-07-01,MP01,P008,9,1482.94
202507,2025-07-01,MP01,P009,11,2800.02
202507,2025-07-01,MP01,P010,6,8490.87
202507,2025-07-01,MP02,P001,20,19787.32
202507,2025-07-01,MP02,P002,16,6609.15
202507,2025-07-01,MP02,P003,12,8966.43
202507,2025-07-01,MP02,P004,12,4490.89
202507,2025-07-01,MP02,P005,29,5965.61
202507,2025-07-01,MP02,P006,17,9793.78
202507,2025-07-01,MP02,P007,15,5196.07
202507,2025-07-01,MP02,P008,10,1656.9
202507,2025-07-01,MP02,P009,12,3173.62
202507,2025-07-01,MP02,P010,7,10115.59
202507,2025-07-01,NW01,P001,19,18513.02
202507,2025-07-01,NW01,P002,13,5333.89
202507,2025-07-01,NW01,P003,10,7109.74
202507,2025-07-01,NW01,P004,12,4591.59
202507,2025-07-01,NW01,P005,24,5011.1
202507,2025-07-01,NW01,P006,16,8996.94
202507,2025-07-01,NW01,P007,13,4364.26
202507,2025-07-01,NW01,P008,9,1531.75
202507,2025-07-01,NW01,P009,10,2718.53
202507,2025-07-01,NW01,P010,6,9012.66
202507,2025-07-01,NW02,P001,21,20557.87
202507,2025-07-01,NW02,P002,17,7004.36
202507,2025-07-01,NW02,P003,13,9216.58
202507,2025-07-01,NW02,P004,13,4897.83
202507,2025-07-01,NW02,P005,28,6153.61
202507,2025-07-01,NW02,P006,19,10920.04
202507,2025-07-01,NW02,P007,13,4201.68
202507,2025-07-01,NW02,P008,10,1623.18
202507,2025-07-01,NW02,P009,11,2781.53
202507,2025-07-01,NW02,P010,7,10282.15
202507,2025-07-01,NC01,P001,15,14295.67
202507,2025-07-01,NC01,P002,12,5074.53
202507,2025-07-01,NC01,P003,9,6744.91
202507,2025-07-01,NC01,P004,10,3855.83
202507,2025-07-01,NC01,P005,21,4488.83
202507,2025-07-01,NC01,P006,14,7858.65
202507,2025-07-01,NC01,P007,10,3383.87
202507,2025-07-01,NC01,P008,8,1341.59
202507,2025-07-01,NC01,P009,9,2292.78
202507,2025-07-01,NC01,P010,5,7591.76
202508,2025-08-01,GP01,P001,30,29061.74
202508,2025-08-01,GP01,P002,24,10012.95
202508,2025-08-01,GP01,P003,18,12970.23
202508,2025-08-01,GP01,P004,20,7506.04
202508,2025-08-01,GP01,P005,40,8726.64
202508,2025-08-01,GP01,P006,28,16238.55
202508,2025-08-01,GP01,P007,20,6479.95
202508,2025-08-01,GP01,P008,16,2762.68
202508,2025-08-01,GP01,P009,17,4396.94
202508,2025-08-01,GP01,P010,10,14937.9
202508,2025-08-01,GP02,P001,30,29659.16
202508,2025-08-01,GP02,P002,25,10621.65
202508,2025-08-01,GP02,P003,19,13472.55
202508,2025-08-01,GP02,P004,21,7992.37
202508,2025-08-01,GP02,P005,42,9109.89
202508,2025-08-01,GP02,P006,27,14989.6
202508,2025-08-01,GP02,P007,23,7757.77
202508,2025-08-01,GP02,P008,17,2730.73
202508,2025-08-01,GP02,P009,18,4761.42
202508,2025-08-01,GP02,P010,10,14783.46
202508,2025-08-01,GP03,P001,32,32884.75
202508,2025-08-01,GP03,P002,26,11303.43
202508,2025-08-01,GP03,P003,20,14357.14
202508,2025-08-01,GP03,P004,22,8586.09
202508,2025-08-01,GP03,P005,48,10195.84
202508,2025-08-01,GP03,P006,31,17671.41
202508,2025-08-01,GP03,P007,23,7760.73
202508,2025-08-01,GP03,P008,16,2654.38
202508,2025-08-01,GP03,P009,20,5175.66
202508,2025-08-01,GP03,P010,10,15135.07
202508,2025-08-01,GP04,P001,26,25323.23
202508,2025-08-01,GP04,P002,22,9494.56
202508,2025-08-01,GP04,P003,17,12516.6
202508,2025-08-01,GP04,P004,19,7078.76
202508,2025-08-01,GP04,P005,39,8547.93
202508,2025-08-01,GP04,P006,25,14273.13
202508,2025-08-01,GP04,P007,18,5888.94
202508,2025-08-01,GP04,P008,14,2345.05
202508,2025-08-01,GP04,P009,16,4087.08
202508,2025-08-01,GP04,P010,8,11479.27
202508,2025-08-01,GP05,P001,31,29820.28
202508,2025-08-01,GP05,P002,23,9884.06
202508,2025-08-01,GP05,P003,17,11908.25
202508,2025-08-01,GP05,P004,20,7713.94
202508,2025-08-01,GP05,P005,43,9031.62
202508,2025-08-01,GP05,P006,27,14861.79
202508,2025-08-01,GP05,P007,19,6099.67
202508,2025-08-01,GP05,P008,14,2251.6
202508,2025-08-01,GP05,P009,17,4307.28
202508,2025-08-01,GP05,P010,10,14667.57
202508,2025-08-01,WC01,P001,28,27261.54
202508,2025-08-01,WC01,P002,24,10072.09
202508,2025-08-01,WC01,P003,18,13279.93
202508,2025-08-01,WC01,P004,20,7402.03
202508,2025-08-01,WC01,P005,44,9121.97
202508,2025-08-01,WC01,P006,29,16789.44
202508,2025-08-01,WC01,P007,21,7183.75
202508,2025-08-01,WC01,P008,15,2534.96
202508,2025-08-01,WC01,P009,17,4615.8
202508,2025-08-01,WC01,P010,10,14494.45
202508,2025-08-01,WC02,P001,26,24775.68
202508,2025-08-01,WC02,P002,20,8272.42
202508,2025-08-01,WC02,P003,17,12557.87
202508,2025-08-01,WC02,P004,19,7395.98
202508,2025-08-01,WC02,P005,41,8894.41
202508,2025-08-01,WC02,P006,26,14816.29
202508,2025-08-01,WC02,P007,20,6822.21
202508,2025-08-01,WC02,P008,13,2204.1
202508,2025-08-01,WC02,P009,14,3732.64
202508,2025-08-01,WC02,P010,9,13050.61
202508,2025-08-01,WC03,P001,28,26992.24
202508,2025-08-01,WC03,P002,23,10128.11
202508,2025-08-01,WC03,P003,17,11932.86
202508,2025-08-01,WC03,P004,17,6755.1
202508,2025-08-01,WC03,P005,38,8234.24
202508,2025-08-01,WC03,P006,24,13071.87
202508,2025-08-01,WC03,P007,18,6058.33
202508,2025-08-01,WC03,P008,14,2343.28
202508,2025-08-01,WC03,P009,16,4310.96
202508,2025-08-01,WC03,P010,9,13676.56
202508,2025-08-01,WC04,P001,25,25062.43
202508,2025-08-01,WC04,P002,20,8333.58
202508,2025-08-01,WC04,P003,16,11942.58
202508,2025-08-01,WC04,P004,17,6599.94
202508,2025-08-01,WC04,P005,36,7685.63
202508,2025-08-01,WC04,P006,23,12911.96
202508,2025-08-01,WC04,P007,17,5806.64
202508,2025-08-01,WC04,P008,14,2418.11
202508,2025-08-01,WC04,P009,16,4207.26
202508,2025-08-01,WC04,P010,8,11264.35
202508,2025-08-01,KZN01,P001,30,28683.62
202508,2025-08-01,KZN01,P002,22,9692.29
202508,2025-08-01,KZN01,P003,17,12509.99
202508,2025-08-01,KZN01,P004,18,7058.07
202508,2025-08-01,KZN01,P005,41,8580.11
202508,2025-08-01,KZN01,P006,25,13666.79
202508,2025-08-01,KZN01,P007,19,6099.35
202508,2025-08-01,KZN01,P008,13,2181.45
202508,2025-08-01,KZN01,P009,15,3865.38
202508,2025-08-01,KZN01,P010,9,13094.72
202508,2025-08-01,KZN02,P001,22,21188.02
202508,2025-08-01,KZN02,P002,20,8383.25
202508,2025-08-01,KZN02,P003,15,11004.43
202508,2025-08-01,KZN02,P004,15,5589.56
202508,2025-08-01,KZN02,P005,34,7132.33
202508,2025-08-01,KZN02,P006,22,12097.09
202508,2025-08-01,KZN02,P007,15,4943.09
202508,2025-08-01,KZN02,P008,12,1982.43
202508,2025-08-01,KZN02,P009,13,3295.14
202508,2025-08-01,KZN02,P010,7,10031.08
202508,2025-08-01,KZN03,P001,22,21775.49
202508,2025-08-01,KZN03,P002,18,7741.09
202508,2025-08-01,KZN03,P003,13,9223.78
202508,2025-08-01,KZN03,P004,14,5376.03
202508,2025-08-01,KZN03,P005,31,6400.88
202508,2025-08-01,KZN03,P006,21,12046.9
202508,2025-08-01,KZN03,P007,16,5292.24
202508,2025-08-01,KZN03,P008,12,1938.18
202508,2025-08-01,KZN03,P009,13,3461.54
202508,2025-08-01,KZN03,P010,7,10227.35
202508,2025-08-01,KZN04,P001,27,26197.61
202508,2025-08-01,KZN04,P002,23,10083.45
202508,2025-08-01,KZN04,P003,15,11337.02
202508,2025-08-01,KZN04,P004,18,6765.74
202508,2025-08-01,KZN04,P005,36,7671.44
202508,2025-08-01,KZN04,P006,25,14009.27
202508,2025-08-01,KZN04,P007,19,6223.18
202508,2025-08-01,KZN04,P008,13,2248.63
202508,2025-08-01,KZN04,P009,16,4056.09
202508,2025-08-01,KZN04,P010,9,13351.31
202508,2025-08-01,EC01,P001,24,23865.55
202508,2025-08-01,EC01,P002,18,7873.95
202508,2025-08-01,EC01,P003,14,10453.37
202508,2025-08-01,EC01,P004,15,5879.72
202508,2025-08-01,EC01,P005,30,6288.86
202508,2025-08-01,EC01,P006,19,10663.64
202508,2025-08-01,EC01,P007,16,5152.09
202508,2025-08-01,EC01,P008,11,1896.0
202508,2025-08-01,EC01,P009,13,3327.26
202508,2025-08-01,EC01,P010,7,9901.41
202508,2025-08-01,EC02,P001,18,17308.65
202508,2025-08-01,EC02,P002,14,6088.75
202508,2025-08-01,EC02,P003,11,8065.98
202508,2025-08-01,EC02,P004,12,4687.99
202508,2025-08-01,EC02,P005,28,5830.23
202508,2025-08-01,EC02,P006,19,10524.11
202508,2025-08-01,EC02,P007,13,4442.98
202508,2025-08-01,EC02,P008,10,1683.32
202508,2025-08-01,EC02,P009,11,2835.58
202508,2025-08-01,EC02,P010,7,9873.92
202508,2025-08-01,EC03,P001,19,19028.8
202508,2025-08-01,EC03,P002,16,6755.33
202508,2025-08-01,EC03,P003,12,8586.89
202508,2025-08-01,EC03,P004,12,4687.08
202508,2025-08-01,EC03,P005,28,5882.67
202508,2025-08-01,EC03,P006,16,9065.28
202508,2025-08-01,EC03,P007,12,4056.77
202508,2025-08-01,EC03,P008,9,1540.37
202508,2025-08-01,EC03,P009,10,2632.68
202508,2025-08-01,EC03,P010,7,9982.2
202508,2025-08-01,FS01,P001,19,19272.57
202508,2025-08-01,FS01,P002,14,5950.12
202508,2025-08-01,FS01,P003,12,8743.13
202508,2025-08-01,FS01,P004,11,4324.93
202508,2025-08-01,FS01,P005,24,4923.23
202508,2025-08-01,FS01,P006,18,10012.99
202508,2025-08-01,FS01,P007,13,4223.37
202508,2025-08-01,FS01,P008,10,1692.04
202508,2025-08-01,FS01,P009,10,2561.52
202508,2025-08-01,FS01,P010,6,9049.14
202508,2025-08-01,FS02,P001,17,16875.63
202508,2025-08-01,FS02,P002,14,6103.38
202508,2025-08-01,FS02,P003,11,7986.58
202508,2025-08-01,FS02,P004,11,4326.33
202508,2025-08-01,FS02,P005,24,5140.78
202508,2025-08-01,FS02,P006,17,9631.07
202508,2025-08-01,FS02,P007,11,3680.23
202508,2025-08-01,FS02,P008,9,1505.48
202508,2025-08-01,FS02,P009,10,2593.52
202508,2025-08-01,FS02,P010,5,7317.17
202508,2025-08-01,LP01,P001,16,16386.54
202508,2025-08-01,LP01,P002,14,5754.35
202508,2025-08-01,LP01,P003,10,7415.48
202508,2025-08-01,LP01,P004,11,4165.23
202508,2025-08-01,LP01,P005,22,4692.37
202508,2025-08-01,LP01,P006,14,8048.07
202508,2025-08-01,LP01,P007,12,3849.78
202508,2025-08-01,LP01,P008,8,1281.55
202508,2025-08-01,LP01,P009,10,2570.94
202508,2025-08-01,LP01,P010,5,7270.84
202508,2025-08-01,LP02,P001,20,19537.01
202508,2025-08-01,LP02,P002,15,6190.23
202508,2025-08-01,LP02,P003,11,7760.21
202508,2025-08-01,LP02,P004,12,4707.87
202508,2025-08-01,LP02,P005,23,4691.63
202508,2025-08-01,LP02,P006,17,9244.32
202508,2025-08-01,LP02,P007,12,3985.15
202508,2025-08-01,LP02,P008,9,1494.38
202508,2025-08-01,LP02,P009,10,2705.5
202508,2025-08-01,LP02,P010,6,8660.53
202508,2025-08-01,MP01,P001,18,17181.86
202508,2025-08-01,MP01,P002,13,5323.89
202508,2025-08-01,MP01,P003,10,7055.39
202508,2025-08-01,MP01,P004,11,4369.02
202508,2025-08-01,MP01,P005,26,5442.28
202508,2025-08-01,MP01,P006,16,9262.31
202508,2025-08-01,MP01,P007,13,4460.06
202508,2025-08-01,MP01,P008,9,1522.04
202508,2025-08-01,MP01,P009,10,2655.44
202508,2025-08-01,MP01,P010,6,8731.1
202508,2025-08-01,MP02,P001,20,20095.5
202508,2025-08-01,MP02,P002,15,6586.7
202508,2025-08-01,MP02,P003,12,8562.9
202508,2025-08-01,MP02,P004,12,4530.87
202508,2025-08-01,MP02,P005,26,5562.1
202508,2025-08-01,MP02,P006,19,11137.16
202508,2025-08-01,MP02,P007,13,4337.52
202508,2025-08-01,MP02,P008,11,1860.5
202508,2025-08-01,MP02,P009,12,3077.52
202508,2025-08-01,MP02,P010,7,9985.62
202508,2025-08-01,NW01,P001,18,18282.62
202508,2025-08-01,NW01,P002,15,6206.19
202508,2025-08-01,NW01,P003,11,8106.49
202508,2025-08-01,NW01,P004,12,4720.47
202508,2025-08-01,NW01,P005,25,5353.35
202508,2025-08-01,NW01,P006,17,9672.62
202508,2025-08-01,NW01,P007,13,4322.56
202508,2025-08-01,NW01,P008,9,1468.39
202508,2025-08-01,NW01,P009,10,2712.65
202508,2025-08-01,NW01,P010,6,8627.15
202508,2025-08-01,NW02,P001,22,21966.34
202508,2025-08-01,NW02,P002,15,6281.69
202508,2025-08-01,NW02,P003,12,8818.56
202508,2025-08-01,NW02,P004,13,4966.11
202508,2025-08-01,NW02,P005,27,5596.81
202508,2025-08-01,NW02,P006,20,10899.39
202508,2025-08-01,NW02,P007,13,4327.09
202508,2025-08-01,NW02,P008,11,1825.76
202508,2025-08-01,NW02,P009,10,2572.07
202508,2025-08-01,NW02,P010,7,10621.53
202508,2025-08-01,NC01,P001,16,15791.39
202508,2025-08-01,NC01,P002,12,4933.51
202508,2025-08-01,NC01,P003,10,7159.53
202508,2025-08-01,NC01,P004,10,3927.47
202508,2025-08-01,NC01,P005,23,4713.51
202508,2025-08-01,NC01,P006,14,8214.45
202508,2025-08-01,NC01,P007,11,3546.64
202508,2025-08-01,NC01,P008,8,1328.31
202508,2025-08-01,NC01,P009,8,2162.07
202508,2025-08-01,NC01,P010,5,7233.61
202509,2025-09-01,GP01,P001,29,28073.68
202509,2025-09-01,GP01,P002,25,10863.06
202509,2025-09-01,GP01,P003,17,12698.92
202509,2025-09-01,GP01,P004,19,7400.4
202509,2025-09-01,GP01,P005,41,8508.9
202509,2025-09-01,GP01,P006,29,15920.4
202509,2025-09-01,GP01,P007,21,6753.14
202509,2025-09-01,GP01,P008,15,2405.04
202509,2025-09-01,GP01,P009,15,3930.08
202509,2025-09-01,GP01,P010,10,14699.88
202509,2025-09-01,GP02,P001,32,31618.46
202509,2025-09-01,GP02,P002,26,10753.38
202509,2025-09-01,GP02,P003,19,14119.76
202509,2025-09-01,GP02,P004,20,7829.68
202509,2025-09-01,GP02,P005,42,8867.02
202509,2025-09-01,GP02,P006,29,16084.1
202509,2025-09-01,GP02,P007,23,7776.46
202509,2025-09-01,GP02,P008,16,2679.05
202509,2025-09-01,GP02,P009,16,4360.21
202509,2025-09-01,GP02,P010,10,14849.61
202509,2025-09-01,GP03,P001,32,32338.34
202509,2025-09-01,GP03,P002,27,11677.95
202509,2025-09-01,GP03,P003,21,15771.66
202509,2025-09-01,GP03,P004,21,7930.51
202509,2025-09-01,GP03,P005,49,10176.71
202509,2025-09-01,GP03,P006,30,17599.33
202509,2025-09-01,GP03,P007,23,7405.05
202509,2025-09-01,GP03,P008,18,2961.37
202509,2025-09-01,GP03,P009,18,4624.4
202509,2025-09-01,GP03,P010,12,17135.78
202509,2025-09-01,GP04,P001,26,25097.05
202509,2025-09-01,GP04,P002,20,8636.73
202509,2025-09-01,GP04,P003,17,12540.18
202509,2025-09-01,GP04,P004,16,5918.89
202509,2025-09-01,GP04,P005,36,7380.49
202509,2025-09-01,GP04,P006,24,13447.85
202509,2025-09-01,GP04,P007,20,6691.08
202509,2025-09-01,GP04,P008,14,2389.08
202509,2025-09-01,GP04,P009,16,4240.92
202509,2025-09-01,GP04,P010,8,11980.91
202509,2025-09-01,GP05,P001,30,29748.45
202509,2025-09-01,GP05,P002,23,9947.48
202509,2025-09-01,GP05,P003,17,12418.33
202509,2025-09-01,GP05,P004,20,7839.03
202509,2025-09-01,GP05,P005,42,9257.23
202509,2025-09-01,GP05,P006,28,15996.1
202509,2025-09-01,GP05,P007,19,6336.66
202509,2025-09-01,GP05,P008,14,2266.58
202509,2025-09-01,GP05,P009,16,4087.84
202509,2025-09-01,GP05,P010,9,12823.36
202509,2025-09-01,WC01,P001,31,30187.99
202509,2025-09-01,WC01,P002,22,9350.5
202509,2025-09-01,WC01,P003,17,12001.3
202509,2025-09-01,WC01,P004,20,7648.65
202509,2025-09-01,WC01,P005,42,9058.42
202509,2025-09-01,WC01,P006,28,15906.9
202509,2025-09-01,WC01,P007,22,7123.47
202509,2025-09-01,WC01,P008,15,2416.96
202509,2025-09-01,WC01,P009,15,4077.0
202509,2025-09-01,WC01,P010,9,12986.98
202509,2025-09-01,WC02,P001,27,27155.1
202509,2025-09-01,WC02,P002,22,9025.21
202509,2025-09-01,WC02,P003,17,12798.51
202509,2025-09-01,WC02,P004,19,7457.6
202509,2025-09-01,WC02,P005,37,7644.73
202509,2025-09-01,WC02,P006,26,14983.52
202509,2025-09-01,WC02,P007,19,6560.5
202509,2025-09-01,WC02,P008,15,2544.7
202509,2025-09-01,WC02,P009,16,4134.46
202509,2025-09-01,WC02,P010,10,14856.17
202509,2025-09-01,WC03,P001,28,27913.14
202509,2025-09-01,WC03,P002,24,10203.48
202509,2025-09-01,WC03,P003,18,12856.17
202509,2025-09-01,WC03,P004,19,7371.3
202509,2025-09-01,WC03,P005,42,9024.53
202509,2025-09-01,WC03,P006,26,14272.49
202509,2025-09-01,WC03,P007,20,6857.96
202509,2025-09-01,WC03,P008,15,2458.27
202509,2025-09-01,WC03,P009,16,4315.35
202509,2025-09-01,WC03,P010,9,13458.74
202509,2025-09-01,WC04,P001,26,26661.04
202509,2025-09-01,WC04,P002,22,9641.84
202509,2025-09-01,WC04,P003,15,10635.21
202509,2025-09-01,WC04,P004,17,6505.85
202509,2025-09-01,WC04,P005,37,7585.5
202509,2025-09-01,WC04,P006,24,13163.55
202509,2025-09-01,WC04,P007,17,5552.19
202509,2025-09-01,WC04,P008,14,2267.57
202509,2025-09-01,WC04,P009,15,3864.76
202509,2025-09-01,WC04,P010,9,13522.65
202509,2025-09-01,KZN01,P001,31,29631.36
202509,2025-09-01,KZN01,P002,21,9205.42
202509,2025-09-01,KZN01,P003,18,13160.07
202509,2025-09-01,KZN01,P004,19,7478.52
202509,2025-09-01,KZN01,P005,38,8207.4
202509,2025-09-01,KZN01,P006,25,13786.77
202509,2025-09-01,KZN01,P007,19,6472.21
202509,2025-09-01,KZN01,P008,14,2241.18
202509,2025-09-01,KZN01,P009,14,3544.48
202509,2025-09-01,KZN01,P010,9,13456.08
202509,2025-09-01,KZN02,P001,23,23499.23
202509,2025-09-01,KZN02,P002,18,7716.12
202509,2025-09-01,KZN02,P003,15,10479.63
202509,2025-09-01,KZN02,P004,16,6221.76
202509,2025-09-01,KZN02,P005,35,7341.83
202509,2025-09-01,KZN02,P006,22,12264.89
202509,2025-09-01,KZN02,P007,16,5528.73
202509,2025-09-01,KZN02,P008,12,1942.23
202509,2025-09-01,KZN02,P009,12,3057.25
202509,2025-09-01,KZN02,P010,8,11538.75
202509,2025-09-01,KZN03,P001,22,22593.81
202509,2025-09-01,KZN03,P002,17,7352.74
202509,2025-09-01,KZN03,P003,15,11283.47
202509,2025-09-01,KZN03,P004,14,5447.78
202509,2025-09-01,KZN03,P005,31,6677.12
202509,2025-09-01,KZN03,P006,22,12744.24
202509,2025-09-01,KZN03,P007,17,5482.33
202509,2025-09-01,KZN03,P008,10,1656.99
202509,2025-09-01,KZN03,P009,11,2968.99
202509,2025-09-01,KZN03,P010,7,10480.77
202509,2025-09-01,KZN04,P001,30,29714.21
202509,2025-09-01,KZN04,P002,20,8743.06
202509,2025-09-01,KZN04,P003,17,12393.28
202509,2025-09-01,KZN04,P004,19,7459.61
202509,2025-09-01,KZN04,P005,38,7993.85
202509,2025-09-01,KZN04,P006,27,15284.45
202509,2025-09-01,KZN04,P007,18,5970.12
202509,2025-09-01,KZN04,P008,15,2559.18
202509,2025-09-01,KZN04,P009,16,4320.38
202509,2025-09-01,KZN04,P010,9,13088.27
202509,2025-09-01,EC01,P001,21,20811.21
202509,2025-09-01,EC01,P002,16,6558.99
202509,2025-09-01,EC01,P003,13,9765.22
202509,2025-09-01,EC01,P004,14,5481.76
202509,2025-09-01,EC01,P005,31,6411.55
202509,2025-09-01,EC01,P006,20,11542.92
202509,2025-09-01,EC01,P007,15,5002.51
202509,2025-09-01,EC01,P008,12,1968.0
202509,2025-09-01,EC01,P009,13,3341.13
202509,2025-09-01,EC01,P010,7,10120.95
202509,2025-09-01,EC02,P001,19,18475.65
202509,2025-09-01,EC02,P002,16,6925.36
202509,2025-09-01,EC02,P003,11,8137.99
202509,2025-09-01,EC02,P004,12,4773.38
202509,2025-09-01,EC02,P005,28,5903.28
202509,2025-09-01,EC02,P006,17,9991.75
202509,2025-09-01,EC02,P007,14,4651.47
202509,2025-09-01,EC02,P008,9,1552.65
202509,2025-09-01,EC02,P009,10,2587.46
202509,2025-09-01,EC02,P010,6,8715.96
202509,2025-09-01,EC03,P001,20,19991.58
202509,2025-09-01,EC03,P002,16,6989.05
202509,2025-09-01,EC03,P003,12,8477.29
202509,2025-09-01,EC03,P004,12,4665.63
202509,2025-09-01,EC03,P005,26,5439.27
202509,2025-09-01,EC03,P006,19,10545.41
202509,2025-09-01,EC03,P007,14,4504.04
202509,2025-09-01,EC03,P008,9,1541.82
202509,2025-09-01,EC03,P009,10,2709.43
202509,2025-09-01,EC03,P010,6,8683.76
202509,2025-09-01,FS01,P001,18,18425.7
202509,2025-09-01,FS01,P002,15,6593.68
202509,2025-09-01,FS01,P003,12,8987.98
202509,2025-09-01,FS01,P004,13,4972.4
202509,2025-09-01,FS01,P005,26,5664.95
202509,2025-09-01,FS01,P006,16,9297.96
202509,2025-09-01,FS01,P007,14,4521.55
202509,2025-09-01,FS01,P008,9,1513.83
202509,2025-09-01,FS01,P009,10,2537.91
202509,2025-09-01,FS01,P010,6,8734.42
202509,2025-09-01,FS02,P001,18,17626.15
202509,2025-09-01,FS02,P002,14,5751.09
202509,2025-09-01,FS02,P003,11,7892.94
202509,2025-09-01,FS02,P004,11,4275.98
202509,2025-09-01,FS02,P005,22,4587.49
202509,2025-09-01,FS02,P006,14,7740.26
202509,2025-09-01,FS02,P007,12,3976.91
202509,2025-09-01,FS02,P008,9,1445.34
202509,2025-09-01,FS02,P009,10,2608.64
202509,2025-09-01,FS02,P010,5,7281.71
202509,2025-09-01,LP01,P001,16,16395.61
202509,2025-09-01,LP01,P002,12,5267.07
202509,2025-09-01,LP01,P003,9,6684.2
202509,2025-09-01,LP01,P004,11,4123.86
202509,2025-09-01,LP01,P005,22,4729.5
202509,2025-09-01,LP01,P006,16,9400.52
202509,2025-09-01,LP01,P007,11,3706.24
202509,2025-09-01,LP01,P008,9,1517.16
202509,2025-09-01,LP01,P009,9,2426.88
202509,2025-09-01,LP01,P010,5,7055.2
202509,2025-09-01,LP02,P001,18,17421.08
202509,2025-09-01,LP02,P002,14,6158.61
202509,2025-09-01,LP02,P003,11,8074.59
202509,2025-09-01,LP02,P004,12,4439.14
202509,2025-09-01,LP02,P005,27,5645.9
202509,2025-09-01,LP02,P006,17,9285.6
202509,2025-09-01,LP02,P007,13,4206.09
202509,2025-09-01,LP02,P008,9,1494.99
202509,2025-09-01,LP02,P009,9,2361.31
202509,2025-09-01,LP02,P010,6,8686.94
202509,2025-09-01,MP01,P001,19,18287.58
202509,2025-09-01,MP01,P002,14,5736.91
202509,2025-09-01,MP01,P003,10,7516.33
202509,2025-09-01,MP01,P004,12,4646.14
202509,2025-09-01,MP01,P005,25,5496.17
202509,2025-09-01,MP01,P006,16,9335.69
202509,2025-09-01,MP01,P007,12,4152.34
202509,2025-09-01,MP01,P008,9,1473.87
202509,2025-09-01,MP01,P009,10,2667.22
202509,2025-09-01,MP01,P010,6,8823.55
202509,2025-09-01,MP02,P001,19,18832.44
202509,2025-09-01,MP02,P002,15,6540.83
202509,2025-09-01,MP02,P003,11,8193.84
202509,2025-09-01,MP02,P004,13,5103.33
202509,2025-09-01,MP02,P005,27,5910.34
202509,2025-09-01,MP02,P006,19,11011.13
202509,2025-09-01,MP02,P007,15,4907.61
202509,2025-09-01,MP02,P008,9,1530.07
202509,2025-09-01,MP02,P009,11,2817.15
202509,2025-09-01,MP02,P010,7,9998.11
202509,2025-09-01,NW01,P001,19,18863.69
202509,2025-09-01,NW01,P002,15,6555.07
202509,2025-09-01,NW01,P003,11,8191.74
202509,2025-09-01,NW01,P004,12,4688.37
202509,2025-09-01,NW01,P005,25,5435.6
202509,2025-09-01,NW01,P006,17,9387.04
202509,2025-09-01,NW01,P007,12,3850.36
202509,2025-09-01,NW01,P008,9,1551.41
202509,2025-09-01,NW01,P009,10,2663.52
202509,2025-09-01,NW01,P010,5,7503.92
202509,2025-09-01,NW02,P001,22,22481.22
202509,2025-09-01,NW02,P002,15,6505.52
202509,2025-09-01,NW02,P003,12,8666.45
202509,2025-09-01,NW02,P004,14,5233.84
202509,2025-09-01,NW02,P005,29,6284.1
202509,2025-09-01,NW02,P006,17,9332.11
202509,2025-09-01,NW02,P007,14,4678.29
202509,2025-09-01,NW02,P008,11,1799.1
202509,2025-09-01,NW02,P009,12,3052.86
202509,2025-09-01,NW02,P010,7,10178.46
202509,2025-09-01,NC01,P001,15,14818.67
202509,2025-09-01,NC01,P002,11,4813.77
202509,2025-09-01,NC01,P003,9,6768.55
202509,2025-09-01,NC01,P004,10,3847.0
202509,2025-09-01,NC01,P005,24,5062.91
202509,2025-09-01,NC01,P006,15,8529.53
202509,2025-09-01,NC01,P007,11,3573.84
202509,2025-09-01,NC01,P008,8,1376.08
202509,2025-09-01,NC01,P009,9,2350.93
202509,2025-09-01,NC01,P010,5,7540.39
202510,2025-10-01,GP01,P001,32,31777.56
202510,2025-10-01,GP01,P002,26,11016.53
202510,2025-10-01,GP01,P003,20,15084.92
202510,2025-10-01,GP01,P004,20,7820.13
202510,2025-10-01,GP01,P005,43,9412.71
202510,2025-10-01,GP01,P006,28,16415.55
202510,2025-10-01,GP01,P007,21,7180.93
202510,2025-10-01,GP01,P008,15,2438.56
202510,2025-10-01,GP01,P009,17,4606.79
202510,2025-10-01,GP01,P010,9,13175.68
202510,2025-10-01,GP02,P001,32,32173.82
202510,2025-10-01,GP02,P002,26,10606.55
202510,2025-10-01,GP02,P003,18,12618.18
202510,2025-10-01,GP02,P004,21,8203.74
202510,2025-10-01,GP02,P005,43,9175.99
202510,2025-10-01,GP02,P006,30,17205.52
202510,2025-10-01,GP02,P007,21,6729.16
202510,2025-10-01,GP02,P008,17,2768.91
202510,2025-10-01,GP02,P009,17,4350.98
202510,2025-10-01,GP02,P010,11,16697.33
202510,2025-10-01,GP03,P001,34,32396.16
202510,2025-10-01,GP03,P002,26,11022.53
202510,2025-10-01,GP03,P003,21,15846.05
202510,2025-10-01,GP03,P004,23,8951.59
202510,2025-10-01,GP03,P005,46,9417.32
202510,2025-10-01,GP03,P006,32,18099.13
202510,2025-10-01,GP03,P007,26,8776.26
202510,2025-10-01,GP03,P008,18,3117.97
202510,2025-10-01,GP03,P009,20,5201.87
202510,2025-10-01,GP03,P010,11,16564.0
202510,2025-10-01,GP04,P001,31,30726.6
202510,2025-10-01,GP04,P002,21,8783.4
202510,2025-10-01,GP04,P003,17,12496.06
202510,2025-10-01,GP04,P004,18,6711.48
202510,2025-10-01,GP04,P005,38,7930.57
202510,2025-10-01,GP04,P006,25,14148.88
202510,2025-10-01,GP04,P007,20,6458.43
202510,2025-10-01,GP04,P008,15,2576.72
202510,2025-10-01,GP04,P009,16,4310.35
202510,2025-10-01,GP04,P010,9,13270.15
202510,2025-10-01,GP05,P001,31,29707.9
202510,2025-10-01,GP05,P002,23,9409.35
202510,2025-10-01,GP05,P003,18,13011.03
202510,2025-10-01,GP05,P004,19,7023.87
202510,2025-10-01,GP05,P005,44,9555.49
202510,2025-10-01,GP05,P006,29,16200.3
202510,2025-10-01,GP05,P007,20,6587.65
202510,2025-10-01,GP05,P008,14,2342.19
202510,2025-10-01,GP05,P009,16,4264.23
202510,2025-10-01,GP05,P010,9,12756.14
202510,2025-10-01,WC01,P001,30,30004.41
202510,2025-10-01,WC01,P002,23,9998.5
202510,2025-10-01,WC01,P003,20,14845.0
202510,2025-10-01,WC01,P004,20,7478.51
202510,2025-10-01,WC01,P005,45,9341.07
202510,2025-10-01,WC01,P006,29,16521.24
202510,2025-10-01,WC01,P007,21,6811.93
202510,2025-10-01,WC01,P008,16,2571.79
202510,2025-10-01,WC01,P009,16,4036.17
202510,2025-10-01,WC01,P010,9,13453.51
202510,2025-10-01,WC02,P001,28,27732.17
202510,2025-10-01,WC02,P002,23,9811.83
202510,2025-10-01,WC02,P003,18,13517.59
202510,2025-10-01,WC02,P004,19,7181.03
202510,2025-10-01,WC02,P005,39,8350.03
202510,2025-10-01,WC02,P006,28,15729.59
202510,2025-10-01,WC02,P007,20,6543.66
202510,2025-10-01,WC02,P008,14,2367.52
202510,2025-10-01,WC02,P009,15,3835.7
202510,2025-10-01,WC02,P010,9,12682.87
202510,2025-10-01,WC03,P001,29,28849.74
202510,2025-10-01,WC03,P002,24,10523.55
202510,2025-10-01,WC03,P003,17,12230.16
202510,2025-10-01,WC03,P004,18,6873.06
202510,2025-10-01,WC03,P005,40,8508.18
202510,2025-10-01,WC03,P006,26,14979.73
202510,2025-10-01,WC03,P007,20,6757.9
202510,2025-10-01,WC03,P008,15,2433.41
202510,2025-10-01,WC03,P009,16,4128.17
202510,2025-10-01,WC03,P010,10,14272.81
202510,2025-10-01,WC04,P001,27,26938.02
202510,2025-10-01,WC04,P002,20,8271.62
202510,2025-10-01,WC04,P003,15,11160.77
202510,2025-10-01,WC04,P004,18,6807.83
202510,2025-10-01,WC04,P005,37,7741.71
202510,2025-10-01,WC04,P006,23,13411.53
202510,2025-10-01,WC04,P007,19,6447.98
202510,2025-10-01,WC04,P008,15,2475.6
202510,2025-10-01,WC04,P009,16,4351.64
202510,2025-10-01,WC04,P010,9,13244.59
202510,2025-10-01,KZN01,P001,31,31075.0
202510,2025-10-01,KZN01,P002,24,10195.29
202510,2025-10-01,KZN01,P003,18,13391.86
202510,2025-10-01,KZN01,P004,18,6716.65
202510,2025-10-01,KZN01,P005,39,8428.6
202510,2025-10-01,KZN01,P006,29,15994.87
202510,2025-10-01,KZN01,P007,21,6749.5
202510,2025-10-01,KZN01,P008,16,2623.47
202510,2025-10-01,KZN01,P009,16,4148.24
202510,2025-10-01,KZN01,P010,10,14869.18
202510,2025-10-01,KZN02,P001,26,24817.06
202510,2025-10-01,KZN02,P002,18,7402.77
202510,2025-10-01,KZN02,P003,15,10968.56
202510,2025-10-01,KZN02,P004,17,6583.9
202510,2025-10-01,KZN02,P005,34,7214.4
202510,2025-10-01,KZN02,P006,23,13466.55
202510,2025-10-01,KZN02,P007,17,5509.49
202510,2025-10-01,KZN02,P008,12,2043.88
202510,2025-10-01,KZN02,P009,14,3743.21
202510,2025-10-01,KZN02,P010,8,11337.09
202510,2025-10-01,KZN03,P001,25,25078.99
202510,2025-10-01,KZN03,P002,18,7473.24
202510,2025-10-01,KZN03,P003,13,9357.9
202510,2025-10-01,KZN03,P004,15,5815.11
202510,2025-10-01,KZN03,P005,33,7099.57
202510,2025-10-01,KZN03,P006,22,12398.91
202510,2025-10-01,KZN03,P007,15,4914.06
202510,2025-10-01,KZN03,P008,13,2099.44
202510,2025-10-01,KZN03,P009,13,3335.81
202510,2025-10-01,KZN03,P010,8,11268.74
202510,2025-10-01,KZN04,P001,29,28075.27
202510,2025-10-01,KZN04,P002,21,8735.79
202510,2025-10-01,KZN04,P003,16,12079.89
202510,2025-10-01,KZN04,P004,19,7094.54
202510,2025-10-01,KZN04,P005,42,8804.16
202510,2025-10-01,KZN04,P006,25,14182.77
202510,2025-10-01,KZN04,P007,20,6461.82
202510,2025-10-01,KZN04,P008,15,2419.5
202510,2025-10-01,KZN04,P009,17,4343.19
202510,2025-10-01,KZN04,P010,9,13584.53
202510,2025-10-01,EC01,P001,22,21577.4
202510,2025-10-01,EC01,P002,19,8021.04
202510,2025-10-01,EC01,P003,13,9543.48
202510,2025-10-01,EC01,P004,15,5559.73
202510,2025-10-01,EC01,P005,33,7195.33
202510,2025-10-01,EC01,P006,22,12303.0
202510,2025-10-01,EC01,P007,17,5554.24
202510,2025-10-01,EC01,P008,11,1869.46
202510,2025-10-01,EC01,P009,12,3194.02
202510,2025-10-01,EC01,P010,8,11594.74
202510,2025-10-01,EC02,P001,21,20292.79
202510,2025-10-01,EC02,P002,14,5817.08
202510,2025-10-01,EC02,P003,11,7990.0
202510,2025-10-01,EC02,P004,13,4937.72
202510,2025-10-01,EC02,P005,28,5982.9
202510,2025-10-01,EC02,P006,19,10358.07
202510,2025-10-01,EC02,P007,14,4831.41
202510,2025-10-01,EC02,P008,9,1443.03
202510,2025-10-01,EC02,P009,12,3134.62
202510,2025-10-01,EC02,P010,6,8928.86
202510,2025-10-01,EC03,P001,19,18086.56
202510,2025-10-01,EC03,P002,15,6417.15
202510,2025-10-01,EC03,P003,12,8537.01
202510,2025-10-01,EC03,P004,12,4513.66
202510,2025-10-01,EC03,P005,26,5656.43
202510,2025-10-01,EC03,P006,17,9740.42
202510,2025-10-01,EC03,P007,14,4603.86
202510,2025-10-01,EC03,P008,11,1815.73
202510,2025-10-01,EC03,P009,11,2878.47
202510,2025-10-01,EC03,P010,6,8858.43
202510,2025-10-01,FS01,P001,19,18214.5
202510,2025-10-01,FS01,P002,15,6540.27
202510,2025-10-01,FS01,P003,12,8606.45
202510,2025-10-01,FS01,P004,12,4522.17
202510,2025-10-01,FS01,P005,25,5412.7
202510,2025-10-01,FS01,P006,18,9936.22
202510,2025-10-01,FS01,P007,14,4800.96
202510,2025-10-01,FS01,P008,10,1663.27
202510,2025-10-01,FS01,P009,10,2523.69
202510,2025-10-01,FS01,P010,6,8778.05
202510,2025-10-01,FS02,P001,18,18106.26
202510,2025-10-01,FS02,P002,15,6404.34
202510,2025-10-01,FS02,P003,10,7184.29
202510,2025-10-01,FS02,P004,11,4275.77
202510,2025-10-01,FS02,P005,26,5675.76
202510,2025-10-01,FS02,P006,17,9958.24
202510,2025-10-01,FS02,P007,13,4178.91
202510,2025-10-01,FS02,P008,9,1491.22
202510,2025-10-01,FS02,P009,9,2361.09
202510,2025-10-01,FS02,P010,5,7190.04
202510,2025-10-01,LP01,P001,16,15669.72
202510,2025-10-01,LP01,P002,13,5723.37
202510,2025-10-01,LP01,P003,10,7269.26
202510,2025-10-01,LP01,P004,11,4316.21
202510,2025-10-01,LP01,P005,25,5187.16
202510,2025-10-01,LP01,P006,16,9039.36
202510,2025-10-01,LP01,P007,11,3777.12
202510,2025-10-01,LP01,P008,8,1374.29
202510,2025-10-01,LP01,P009,9,2278.93
202510,2025-10-01,LP01,P010,6,8791.93
202510,2025-10-01,LP02,P001,20,20298.65
202510,2025-10-01,LP02,P002,14,5934.17
202510,2025-10-01,LP02,P003,12,8645.6
202510,2025-10-01,LP02,P004,13,5012.87
202510,2025-10-01,LP02,P005,26,5380.63
202510,2025-10-01,LP02,P006,18,10343.76
202510,2025-10-01,LP02,P007,13,4328.92
202510,2025-10-01,LP02,P008,10,1725.82
202510,2025-10-01,LP02,P009,10,2600.32
202510,2025-10-01,LP02,P010,6,8468.01
202510,2025-10-01,MP01,P001,19,18344.22
202510,2025-10-01,MP01,P002,14,5707.91
202510,2025-10-01,MP01,P003,12,8918.61
202510,2025-10-01,MP01,P004,13,5167.31
202510,2025-10-01,MP01,P005,24,5063.35
202510,2025-10-01,MP01,P006,16,9251.93
202510,2025-10-01,MP01,P007,13,4408.04
202510,2025-10-01,MP01,P008,9,1491.6
202510,2025-10-01,MP01,P009,11,2917.14
202510,2025-10-01,MP01,P010,6,9107.7
202510,2025-10-01,MP02,P001,23,22021.13
202510,2025-10-01,MP02,P002,16,6563.88
202510,2025-10-01,MP02,P003,13,9464.11
202510,2025-10-01,MP02,P004,14,5390.18
202510,2025-10-01,MP02,P005,29,6274.31
202510,2025-10-01,MP02,P006,18,10180.55
202510,2025-10-01,MP02,P007,14,4605.15
202510,2025-10-01,MP02,P008,11,1801.55
202510,2025-10-01,MP02,P009,11,2839.23
202510,2025-10-01,MP02,P010,7,10092.08
202510,2025-10-01,NW01,P001,21,20197.1
202510,2025-10-01,NW01,P002,14,5971.14
202510,2025-10-01,NW01,P003,11,8109.74
202510,2025-10-01,NW01,P004,11,4118.14
202510,2025-10-01,NW01,P005,27,5584.42
202510,2025-10-01,NW01,P006,16,9056.69
202510,2025-10-01,NW01,P007,14,4608.57
202510,2025-10-01,NW01,P008,10,1641.95
202510,2025-10-01,NW01,P009,11,2890.61
202510,2025-10-01,NW01,P010,6,9065.08
202510,2025-10-01,NW02,P001,21,20626.61
202510,2025-10-01,NW02,P002,17,7380.21
202510,2025-10-01,NW02,P003,12,8997.43
202510,2025-10-01,NW02,P004,13,4949.54
202510,2025-10-01,NW02,P005,30,6216.2
202510,2025-10-01,NW02,P006,21,11516.47
202510,2025-10-01,NW02,P007,15,5017.02
202510,2025-10-01,NW02,P008,10,1706.53
202510,2025-10-01,NW02,P009,12,3162.65
202510,2025-10-01,NW02,P010,7,10405.04
202510,2025-10-01,NC01,P001,18,17836.63
202510,2025-10-01,NC01,P002,12,5078.24
202510,2025-10-01,NC01,P003,10,7382.63
202510,2025-10-01,NC01,P004,11,4090.33
202510,2025-10-01,NC01,P005,25,5405.32
202510,2025-10-01,NC01,P006,16,8882.69
202510,2025-10-01,NC01,P007,12,4065.78
202510,2025-10-01,NC01,P008,8,1293.23
202510,2025-10-01,NC01,P009,10,2591.24
202510,2025-10-01,NC01,P010,6,9114.84
202511,2025-11-01,GP01,P001,30,29002.25
202511,2025-11-01,GP01,P002,24,9931.93
202511,2025-11-01,GP01,P003,18,13398.08
202511,2025-11-01,GP01,P004,20,7421.45
202511,2025-11-01,GP01,P005,46,9642.78
202511,2025-11-01,GP01,P006,27,15838.66
202511,2025-11-01,GP01,P007,20,6622.49
202511,2025-11-01,GP01,P008,16,2666.0
202511,2025-11-01,GP01,P009,16,4110.99
202511,2025-11-01,GP01,P010,10,14814.83
202511,2025-11-01,GP02,P001,34,33649.79
202511,2025-11-01,GP02,P002,27,11066.63
202511,2025-11-01,GP02,P003,20,14367.93
202511,2025-11-01,GP02,P004,22,8128.03
202511,2025-11-01,GP02,P005,43,9192.38
202511,2025-11-01,GP02,P006,30,16761.43
202511,2025-11-01,GP02,P007,21,7219.0
202511,2025-11-01,GP02,P008,16,2598.9
202511,2025-11-01,GP02,P009,18,4553.77
202511,2025-11-01,GP02,P010,11,16044.81
202511,2025-11-01,GP03,P001,38,38014.24
202511,2025-11-01,GP03,P002,29,11987.81
202511,2025-11-01,GP03,P003,22,16148.28
202511,2025-11-01,GP03,P004,24,9541.79
202511,2025-11-01,GP03,P005,49,10250.41
202511,2025-11-01,GP03,P006,31,16951.94
202511,2025-11-01,GP03,P007,24,7878.05
202511,2025-11-01,GP03,P008,19,3099.0
202511,2025-11-01,GP03,P009,20,5312.87
202511,2025-11-01,GP03,P010,11,15776.51
202511,2025-11-01,GP04,P001,29,29496.64
202511,2025-11-01,GP04,P002,22,9290.4
202511,2025-11-01,GP04,P003,16,11967.97
202511,2025-11-01,GP04,P004,18,7086.74
202511,2025-11-01,GP04,P005,38,7993.79
202511,2025-11-01,GP04,P006,27,14744.22
202511,2025-11-01,GP04,P007,18,6113.19
202511,2025-11-01,GP04,P008,15,2538.28
202511,2025-11-01,GP04,P009,16,4138.99
202511,2025-11-01,GP04,P010,9,12997.8
202511,2025-11-01,GP05,P001,32,32273.02
202511,2025-11-01,GP05,P002,25,10450.61
202511,2025-11-01,GP05,P003,17,12794.25
202511,2025-11-01,GP05,P004,21,7985.0
202511,2025-11-01,GP05,P005,39,8146.68
202511,2025-11-01,GP05,P006,30,16906.9
202511,2025-11-01,GP05,P007,20,6842.47
202511,2025-11-01,GP05,P008,17,2793.46
202511,2025-11-01,GP05,P009,16,4333.06
202511,2025-11-01,GP05,P010,9,13113.32
202511,2025-11-01,WC01,P001,32,31462.72
202511,2025-11-01,WC01,P002,23,9562.85
202511,2025-11-01,WC01,P003,20,14607.33
202511,2025-11-01,WC01,P004,19,7497.6
202511,2025-11-01,WC01,P005,43,9007.24
202511,2025-11-01,WC01,P006,29,16982.0
202511,2025-11-01,WC01,P007,20,6906.17
202511,2025-11-01,WC01,P008,17,2886.27
202511,2025-11-01,WC01,P009,18,4731.83
202511,2025-11-01,WC01,P010,9,13070.42
202511,2025-11-01,WC02,P001,30,28696.36
202511,2025-11-01,WC02,P002,24,10203.33
202511,2025-11-01,WC02,P003,17,12843.57
202511,2025-11-01,WC02,P004,19,7153.83
202511,2025-11-01,WC02,P005,41,8657.28
202511,2025-11-01,WC02,P006,26,14703.23
202511,2025-11-01,WC02,P007,20,6693.39
202511,2025-11-01,WC02,P008,16,2744.21
202511,2025-11-01,WC02,P009,16,4290.84
202511,2025-11-01,WC02,P010,9,12866.78
202511,2025-11-01,WC03,P001,28,27837.86
202511,2025-11-01,WC03,P002,23,9874.53
202511,2025-11-01,WC03,P003,17,12353.83
202511,2025-11-01,WC03,P004,18,6829.91
202511,2025-11-01,WC03,P005,42,8698.81
202511,2025-11-01,WC03,P006,26,14632.67
202511,2025-11-01,WC03,P007,20,6697.29
202511,2025-11-01,WC03,P008,14,2261.53
202511,2025-11-01,WC03,P009,16,4101.08
202511,2025-11-01,WC03,P010,9,13450.15
202511,2025-11-01,WC04,P001,27,26525.04
202511,2025-11-01,WC04,P002,20,8674.97
202511,2025-11-01,WC04,P003,15,11264.2
202511,2025-11-01,WC04,P004,18,6831.01
202511,2025-11-01,WC04,P005,36,7403.98
202511,2025-11-01,WC04,P006,26,15016.75
202511,2025-11-01,WC04,P007,18,6061.52
202511,2025-11-01,WC04,P008,13,2195.57
202511,2025-11-01,WC04,P009,16,4367.78
202511,2025-11-01,WC04,P010,9,12937.37
202511,2025-11-01,KZN01,P001,29,29645.84
202511,2025-11-01,KZN01,P002,22,9083.03
202511,2025-11-01,KZN01,P003,18,13074.78
202511,2025-11-01,KZN01,P004,19,7259.35
202511,2025-11-01,KZN01,P005,42,8756.55
202511,2025-11-01,KZN01,P006,26,14764.61
202511,2025-11-01,KZN01,P007,22,7536.61
202511,2025-11-01,KZN01,P008,16,2741.6
202511,2025-11-01,KZN01,P009,15,3814.33
202511,2025-11-01,KZN01,P010,9,13092.79
202511,2025-11-01,KZN02,P001,24,23173.76
202511,2025-11-01,KZN02,P002,20,8715.08
202511,2025-11-01,KZN02,P003,16,11386.79
202511,2025-11-01,KZN02,P004,15,5944.96
202511,2025-11-01,KZN02,P005,36,7532.16
202511,2025-11-01,KZN02,P006,24,13304.5
202511,2025-11-01,KZN02,P007,17,5805.85
202511,2025-11-01,KZN02,P008,13,2172.14
202511,2025-11-01,KZN02,P009,13,3345.8
202511,2025-11-01,KZN02,P010,8,11320.65
202511,2025-11-01,KZN03,P001,23,23173.05
202511,2025-11-01,KZN03,P002,18,7508.68
202511,2025-11-01,KZN03,P003,13,9795.05
202511,2025-11-01,KZN03,P004,16,6199.28
202511,2025-11-01,KZN03,P005,32,6772.67
202511,2025-11-01,KZN03,P006,22,12810.76
202511,2025-11-01,KZN03,P007,15,4972.94
202511,2025-11-01,KZN03,P008,12,1952.0
202511,2025-11-01,KZN03,P009,12,3072.74
202511,2025-11-01,KZN03,P010,7,10343.46
202511,2025-11-01,KZN04,P001,31,29708.86
202511,2025-11-01,KZN04,P002,23,9777.34
202511,2025-11-01,KZN04,P003,17,11989.27
202511,2025-11-01,KZN04,P004,17,6483.04
202511,2025-11-01,KZN04,P005,38,7918.44
202511,2025-11-01,KZN04,P006,28,15686.01
202511,2025-11-01,KZN04,P007,19,6125.23
202511,2025-11-01,KZN04,P008,14,2244.02
202511,2025-11-01,KZN04,P009,15,3959.05
202511,2025-11-01,KZN04,P010,9,13268.35
202511,2025-11-01,EC01,P001,23,21993.57
202511,2025-11-01,EC01,P002,18,7875.41
202511,2025-11-01,EC01,P003,13,9225.28
202511,2025-11-01,EC01,P004,16,5956.7
202511,2025-11-01,EC01,P005,31,6606.67
202511,2025-11-01,EC01,P006,22,12744.72
202511,2025-11-01,EC01,P007,17,5543.03
202511,2025-11-01,EC01,P008,12,1960.48
202511,2025-11-01,EC01,P009,13,3542.47
202511,2025-11-01,EC01,P010,8,12094.52
202511,2025-11-01,EC02,P001,19,18090.66
202511,2025-11-01,EC02,P002,15,6169.7
202511,2025-11-01,EC02,P003,11,8063.55
202511,2025-11-01,EC02,P004,13,5007.87
202511,2025-11-01,EC02,P005,29,6102.68
202511,2025-11-01,EC02,P006,19,10571.92
202511,2025-11-01,EC02,P007,14,4685.11
202511,2025-11-01,EC02,P008,10,1719.16
202511,2025-11-01,EC02,P009,11,2907.04
202511,2025-11-01,EC02,P010,6,9118.7
202511,2025-11-01,EC03,P001,19,18824.79
202511,2025-11-01,EC03,P002,15,6417.05
202511,2025-11-01,EC03,P003,12,8739.69
202511,2025-11-01,EC03,P004,14,5281.22
202511,2025-11-01,EC03,P005,27,5727.21
202511,2025-11-01,EC03,P006,19,10653.07
202511,2025-11-01,EC03,P007,15,4877.12
202511,2025-11-01,EC03,P008,11,1872.66
202511,2025-11-01,EC03,P009,11,2938.65
202511,2025-11-01,EC03,P010,6,8812.57
202511,2025-11-01,FS01,P001,20,19682.7
202511,2025-11-01,FS01,P002,15,6543.79
202511,2025-11-01,FS01,P003,12,8751.51
202511,2025-11-01,FS01,P004,12,4485.44
202511,2025-11-01,FS01,P005,28,6100.27
202511,2025-11-01,FS01,P006,18,10019.69
202511,2025-11-01,FS01,P007,14,4553.16
202511,2025-11-01,FS01,P008,10,1637.55
202511,2025-11-01,FS01,P009,10,2604.46
202511,2025-11-01,FS01,P010,6,9057.23
202511,2025-11-01,FS02,P001,17,16360.47
202511,2025-11-01,FS02,P002,14,6076.54
202511,2025-11-01,FS02,P003,10,7115.3
202511,2025-11-01,FS02,P004,11,4191.19
202511,2025-11-01,FS02,P005,24,5207.88
202511,2025-11-01,FS02,P006,16,8794.57
202511,2025-11-01,FS02,P007,12,3846.02
202511,2025-11-01,FS02,P008,10,1674.22
202511,2025-11-01,FS02,P009,9,2420.28
202511,2025-11-01,FS02,P010,6,8553.59
202511,2025-11-01,LP01,P001,18,17330.52
202511,2025-11-01,LP01,P002,13,5542.57
202511,2025-11-01,LP01,P003,9,6795.02
202511,2025-11-01,LP01,P004,11,4067.63
202511,2025-11-01,LP01,P005,22,4796.77
202511,2025-11-01,LP01,P006,17,9778.51
202511,2025-11-01,LP01,P007,11,3800.27
202511,2025-11-01,LP01,P008,9,1467.89
202511,2025-11-01,LP01,P009,9,2354.3
202511,2025-11-01,LP01,P010,5,7151.22
202511,2025-11-01,LP02,P001,20,19936.54
202511,2025-11-01,LP02,P002,15,6268.82
202511,2025-11-01,LP02,P003,11,7762.36
202511,2025-11-01,LP02,P004,12,4668.33
202511,2025-11-01,LP02,P005,27,5645.52
202511,2025-11-01,LP02,P006,18,9805.11
202511,2025-11-01,LP02,P007,13,4486.07
202511,2025-11-01,LP02,P008,9,1498.77
202511,2025-11-01,LP02,P009,10,2607.68
202511,2025-11-01,LP02,P010,6,8477.91
202511,2025-11-01,MP01,P001,19,19237.65
202511,2025-11-01,MP01,P002,16,6536.45
202511,2025-11-01,MP01,P003,11,7697.26
202511,2025-11-01,MP01,P004,12,4786.22
202511,2025-11-01,MP01,P005,27,5785.38
202511,2025-11-01,MP01,P006,18,10118.44
202511,2025-11-01,MP01,P007,13,4240.5
202511,2025-11-01,MP01,P008,9,1445.34
202511,2025-11-01,MP01,P009,10,2690.48
202511,2025-11-01,MP01,P010,6,8887.11
202511,2025-11-01,MP02,P001,21,20539.76
202511,2025-11-01,MP02,P002,15,6591.35
202511,2025-11-01,MP02,P003,12,8728.2
202511,2025-11-01,MP02,P004,13,5126.43
202511,2025-11-01,MP02,P005,29,6087.72
202511,2025-11-01,MP02,P006,21,11637.42
202511,2025-11-01,MP02,P007,15,5121.19
202511,2025-11-01,MP02,P008,11,1781.51
202511,2025-11-01,MP02,P009,12,3046.83
202511,2025-11-01,MP02,P010,7,10287.59
202511,2025-11-01,NW01,P001,19,18212.48
202511,2025-11-01,NW01,P002,15,6588.56
202511,2025-11-01,NW01,P003,11,7997.06
202511,2025-11-01,NW01,P004,12,4505.42
202511,2025-11-01,NW01,P005,24,5096.33
202511,2025-11-01,NW01,P006,16,8759.52
202511,2025-11-01,NW01,P007,13,4467.41
202511,2025-11-01,NW01,P008,10,1642.07
202511,2025-11-01,NW01,P009,11,2789.95
202511,2025-11-01,NW01,P010,6,9060.03
202511,2025-11-01,NW02,P001,20,19480.04
202511,2025-11-01,NW02,P002,15,6573.77
202511,2025-11-01,NW02,P003,13,9348.5
202511,2025-11-01,NW02,P004,14,5500.88
202511,2025-11-01,NW02,P005,28,6096.36
202511,2025-11-01,NW02,P006,18,9974.61
202511,2025-11-01,NW02,P007,15,4941.06
202511,2025-11-01,NW02,P008,10,1677.44
202511,2025-11-01,NW02,P009,11,2860.55
202511,2025-11-01,NW02,P010,6,8977.07
202511,2025-11-01,NC01,P001,18,17965.22
202511,2025-11-01,NC01,P002,13,5482.7
202511,2025-11-01,NC01,P003,11,8109.85
202511,2025-11-01,NC01,P004,11,4078.32
202511,2025-11-01,NC01,P005,22,4779.34
202511,2025-11-01,NC01,P006,16,8984.94
202511,2025-11-01,NC01,P007,11,3791.8
202511,2025-11-01,NC01,P008,8,1284.55
202511,2025-11-01,NC01,P009,9,2292.52
202511,2025-11-01,NC01,P010,6,8885.22
202512,2025-12-01,GP01,P001,23,22874.56
202512,2025-12-01,GP01,P002,18,7814.28
202512,2025-12-01,GP01,P003,14,10502.28
202512,2025-12-01,GP01,P004,17,6523.77
202512,2025-12-01,GP01,P005,36,7396.47
202512,2025-12-01,GP01,P006,22,12462.81
202512,2025-12-01,GP01,P007,16,5298.97
202512,2025-12-01,GP01,P008,13,2111.41
202512,2025-12-01,GP01,P009,14,3713.7
202512,2025-12-01,GP01,P010,8,12135.88
202512,2025-12-01,GP02,P001,27,26545.64
202512,2025-12-01,GP02,P002,19,7891.35
202512,2025-12-01,GP02,P003,16,11544.24
202512,2025-12-01,GP02,P004,16,5983.13
202512,2025-12-01,GP02,P005,34,7407.36
202512,2025-12-01,GP02,P006,23,13291.18
202512,2025-12-01,GP02,P007,19,6385.6
202512,2025-12-01,GP02,P008,13,2088.1
202512,2025-12-01,GP02,P009,13,3437.04
202512,2025-12-01,GP02,P010,8,11257.43
202512,2025-12-01,GP03,P001,29,29138.97
202512,2025-12-01,GP03,P002,23,9929.85
202512,2025-12-01,GP03,P003,18,12597.66
202512,2025-12-01,GP03,P004,19,7580.25
202512,2025-12-01,GP03,P005,40,8501.14
202512,2025-12-01,GP03,P006,25,14673.26
202512,2025-12-01,GP03,P007,18,6025.44
202512,2025-12-01,GP03,P008,13,2221.3
202512,2025-12-01,GP03,P009,15,3843.52
202512,2025-12-01,GP03,P010,9,13347.76
202512,2025-12-01,GP04,P001,23,23284.83
202512,2025-12-01,GP04,P002,19,8255.05
202512,2025-12-01,GP04,P003,12,9039.39
202512,2025-12-01,GP04,P004,13,4972.19
202512,2025-12-01,GP04,P005,28,5992.67
202512,2025-12-01,GP04,P006,20,10972.2
202512,2025-12-01,GP04,P007,15,5087.16
202512,2025-12-01,GP04,P008,12,1987.99
202512,2025-12-01,GP04,P009,13,3404.03
202512,2025-12-01,GP04,P010,7,10619.68
202512,2025-12-01,GP05,P001,24,23605.95
202512,2025-12-01,GP05,P002,19,7755.91
202512,2025-12-01,GP05,P003,14,10319.11
202512,2025-12-01,GP05,P004,15,5917.64
202512,2025-12-01,GP05,P005,33,6840.37
202512,2025-12-01,GP05,P006,21,11524.23
202512,2025-12-01,GP05,P007,18,5968.25
202512,2025-12-01,GP05,P008,11,1810.18
202512,2025-12-01,GP05,P009,13,3516.22
202512,2025-12-01,GP05,P010,8,11739.28
202512,2025-12-01,WC01,P001,26,24739.73
202512,2025-12-01,WC01,P002,18,7389.86
202512,2025-12-01,WC01,P003,15,11163.41
202512,2025-12-01,WC01,P004,15,5727.02
202512,2025-12-01,WC01,P005,35,7408.43
202512,2025-12-01,WC01,P006,22,12560.54
202512,2025-12-01,WC01,P007,18,5904.52
202512,2025-12-01,WC01,P008,13,2172.53
202512,2025-12-01,WC01,P009,13,3524.64
202512,2025-12-01,WC01,P010,7,10212.63
202512,2025-12-01,WC02,P001,25,25522.55
202512,2025-12-01,WC02,P002,17,6933.07
202512,2025-12-01,WC02,P003,13,9257.8
202512,2025-12-01,WC02,P004,15,5613.91
202512,2025-12-01,WC02,P005,30,6397.51
202512,2025-12-01,WC02,P006,20,11327.61
202512,2025-12-01,WC02,P007,16,5426.56
202512,2025-12-01,WC02,P008,12,1961.27
202512,2025-12-01,WC02,P009,12,3247.26
202512,2025-12-01,WC02,P010,8,12021.59
202512,2025-12-01,WC03,P001,25,25542.49
202512,2025-12-01,WC03,P002,18,7492.09
202512,2025-12-01,WC03,P003,15,11239.1
202512,2025-12-01,WC03,P004,16,5922.75
202512,2025-12-01,WC03,P005,30,6403.91
202512,2025-12-01,WC03,P006,22,11956.93
202512,2025-12-01,WC03,P007,15,5132.21
202512,2025-12-01,WC03,P008,11,1819.95
202512,2025-12-01,WC03,P009,14,3693.63
202512,2025-12-01,WC03,P010,7,10087.27
202512,2025-12-01,WC04,P001,23,22439.94
202512,2025-12-01,WC04,P002,17,7217.85
202512,2025-12-01,WC04,P003,14,9892.68
202512,2025-12-01,WC04,P004,14,5456.93
202512,2025-12-01,WC04,P005,32,6850.02
202512,2025-12-01,WC04,P006,19,10544.78
202512,2025-12-01,WC04,P007,14,4734.75
202512,2025-12-01,WC04,P008,11,1881.17
202512,2025-12-01,WC04,P009,12,3184.32
202512,2025-12-01,WC04,P010,7,9977.4
202512,2025-12-01,KZN01,P001,22,22093.25
202512,2025-12-01,KZN01,P002,18,7418.21
202512,2025-12-01,KZN01,P003,14,10322.77
202512,2025-12-01,KZN01,P004,15,5727.16
202512,2025-12-01,KZN01,P005,31,6570.49
202512,2025-12-01,KZN01,P006,20,11197.03
202512,2025-12-01,KZN01,P007,17,5885.89
202512,2025-12-01,KZN01,P008,12,1924.31
202512,2025-12-01,KZN01,P009,12,3090.64
202512,2025-12-01,KZN01,P010,7,9878.17
202512,2025-12-01,KZN02,P001,18,17409.22
202512,2025-12-01,KZN02,P002,16,6563.59
202512,2025-12-01,KZN02,P003,11,8255.87
202512,2025-12-01,KZN02,P004,12,4458.36
202512,2025-12-01,KZN02,P005,25,5380.41
202512,2025-12-01,KZN02,P006,16,9230.79
202512,2025-12-01,KZN02,P007,13,4339.7
202512,2025-12-01,KZN02,P008,9,1456.85
202512,2025-12-01,KZN02,P009,11,2841.13
202512,2025-12-01,KZN02,P010,6,8869.03
202512,2025-12-01,KZN03,P001,19,18392.72
202512,2025-12-01,KZN03,P002,15,6196.84
202512,2025-12-01,KZN03,P003,11,8271.41
202512,2025-12-01,KZN03,P004,12,4599.27
202512,2025-12-01,KZN03,P005,25,5326.4
202512,2025-12-01,KZN03,P006,17,9784.14
202512,2025-12-01,KZN03,P007,14,4811.98
202512,2025-12-01,KZN03,P008,10,1668.17
202512,2025-12-01,KZN03,P009,10,2693.22
202512,2025-12-01,KZN03,P010,6,9049.89
202512,2025-12-01,KZN04,P001,24,22867.01
202512,2025-12-01,KZN04,P002,16,6811.87
202512,2025-12-01,KZN04,P003,13,9652.64
202512,2025-12-01,KZN04,P004,15,5657.59
202512,2025-12-01,KZN04,P005,31,6548.44
202512,2025-12-01,KZN04,P006,21,11555.22
202512,2025-12-01,KZN04,P007,16,5250.06
202512,2025-12-01,KZN04,P008,12,2034.84
202512,2025-12-01,KZN04,P009,12,3036.64
202512,2025-12-01,KZN04,P010,7,10292.35
202512,2025-12-01,EC01,P001,18,18139.97
202512,2025-12-01,EC01,P002,15,6584.13
202512,2025-12-01,EC01,P003,11,8034.6
202512,2025-12-01,EC01,P004,12,4721.45
202512,2025-12-01,EC01,P005,24,4985.37
202512,2025-12-01,EC01,P006,16,8786.63
202512,2025-12-01,EC01,P007,12,4071.51
202512,2025-12-01,EC01,P008,9,1553.57
202512,2025-12-01,EC01,P009,11,2990.16
202512,2025-12-01,EC01,P010,6,8780.75
202512,2025-12-01,EC02,P001,16,15237.47
202512,2025-12-01,EC02,P002,12,5015.98
202512,2025-12-01,EC02,P003,9,6611.75
202512,2025-12-01,EC02,P004,9,3421.31
202512,2025-12-01,EC02,P005,23,4762.13
202512,2025-12-01,EC02,P006,15,8526.46
202512,2025-12-01,EC02,P007,11,3805.97
202512,2025-12-01,EC02,P008,8,1330.2
202512,2025-12-01,EC02,P009,9,2322.27
202512,2025-12-01,EC02,P010,5,7122.88
202512,2025-12-01,EC03,P001,16,16436.38
202512,2025-12-01,EC03,P002,12,5029.11
202512,2025-12-01,EC03,P003,10,7177.15
202512,2025-12-01,EC03,P004,10,3939.2
202512,2025-12-01,EC03,P005,22,4621.07
202512,2025-12-01,EC03,P006,14,7919.41
202512,2025-12-01,EC03,P007,10,3412.17
202512,2025-12-01,EC03,P008,8,1309.0
202512,2025-12-01,EC03,P009,9,2347.8
202512,2025-12-01,EC03,P010,5,7572.14
202512,2025-12-01,FS01,P001,16,16106.56
202512,2025-12-01,FS01,P002,12,4986.23
202512,2025-12-01,FS01,P003,9,6665.27
202512,2025-12-01,FS01,P004,10,3985.06
202512,2025-12-01,FS01,P005,19,4106.34
202512,2025-12-01,FS01,P006,14,7747.96
202512,2025-12-01,FS01,P007,11,3694.95
202512,2025-12-01,FS01,P008,7,1137.27
202512,2025-12-01,FS01,P009,9,2360.09
202512,2025-12-01,FS01,P010,5,7488.36
202512,2025-12-01,FS02,P001,13,13177.0
202512,2025-12-01,FS02,P002,12,4926.22
202512,2025-12-01,FS02,P003,8,5638.5
202512,2025-12-01,FS02,P004,9,3477.11
202512,2025-12-01,FS02,P005,19,4029.98
202512,2025-12-01,FS02,P006,13,7256.94
202512,2025-12-01,FS02,P007,10,3231.57
202512,2025-12-01,FS02,P008,7,1121.44
202512,2025-12-01,FS02,P009,8,2167.75
202512,2025-12-01,FS02,P010,4,5941.5
202512,2025-12-01,LP01,P001,14,13521.92
202512,2025-12-01,LP01,P002,11,4758.27
202512,2025-12-01,LP01,P003,8,5846.33
202512,2025-12-01,LP01,P004,8,3124.6
202512,2025-12-01,LP01,P005,17,3588.3
202512,2025-12-01,LP01,P006,13,7196.95
202512,2025-12-01,LP01,P007,9,2967.28
202512,2025-12-01,LP01,P008,7,1146.83
202512,2025-12-01,LP01,P009,8,2115.39
202512,2025-12-01,LP01,P010,5,7578.14
202512,2025-12-01,LP02,P001,14,14375.56
202512,2025-12-01,LP02,P002,12,5078.63
202512,2025-12-01,LP02,P003,9,6676.85
202512,2025-12-01,LP02,P004,9,3336.68
202512,2025-12-01,LP02,P005,20,4294.33
202512,2025-12-01,LP02,P006,14,7972.37
202512,2025-12-01,LP02,P007,10,3365.67
202512,2025-12-01,LP02,P008,8,1378.26
202512,2025-12-01,LP02,P009,9,2342.33
202512,2025-12-01,LP02,P010,5,7520.99
202512,2025-12-01,MP01,P001,14,13666.85
202512,2025-12-01,MP01,P002,11,4840.38
202512,2025-12-01,MP01,P003,9,6421.53
202512,2025-12-01,MP01,P004,9,3548.22
202512,2025-12-01,MP01,P005,19,4038.88
202512,2025-12-01,MP01,P006,14,8077.41
202512,2025-12-01,MP01,P007,10,3436.75
202512,2025-12-01,MP01,P008,8,1347.53
202512,2025-12-01,MP01,P009,8,2106.05
202512,2025-12-01,MP01,P010,5,7043.74
202512,2025-12-01,MP02,P001,18,17840.96
202512,2025-12-01,MP02,P002,14,6104.92
202512,2025-12-01,MP02,P003,10,7135.73
202512,2025-12-01,MP02,P004,10,3858.17
202512,2025-12-01,MP02,P005,22,4484.32
202512,2025-12-01,MP02,P006,16,8814.92
202512,2025-12-01,MP02,P007,12,3927.71
202512,2025-12-01,MP02,P008,8,1368.86
202512,2025-12-01,MP02,P009,9,2366.33
202512,2025-12-01,MP02,P010,5,7369.26
202512,2025-12-01,NW01,P001,14,13464.15
202512,2025-12-01,NW01,P002,11,4509.1
202512,2025-12-01,NW01,P003,8,5651.19
202512,2025-12-01,NW01,P004,10,3741.24
202512,2025-12-01,NW01,P005,21,4437.77
202512,2025-12-01,NW01,P006,13,7454.98
202512,2025-12-01,NW01,P007,11,3530.39
202512,2025-12-01,NW01,P008,7,1192.11
202512,2025-12-01,NW01,P009,8,2158.4
202512,2025-12-01,NW01,P010,4,5633.69
202512,2025-12-01,NW02,P001,17,17386.65
202512,2025-12-01,NW02,P002,12,5276.76
202512,2025-12-01,NW02,P003,10,7317.02
202512,2025-12-01,NW02,P004,11,4268.81
202512,2025-12-01,NW02,P005,24,4982.52
202512,2025-12-01,NW02,P006,16,9199.96
202512,2025-12-01,NW02,P007,12,3960.08
202512,2025-12-01,NW02,P008,8,1325.25
202512,2025-12-01,NW02,P009,9,2364.01
202512,2025-12-01,NW02,P010,6,8832.48
202512,2025-12-01,NC01,P001,14,13853.83
202512,2025-12-01,NC01,P002,10,4086.09
202512,2025-12-01,NC01,P003,8,5957.8
202512,2025-12-01,NC01,P004,8,3047.47
202512,2025-12-01,NC01,P005,18,3775.82
202512,2025-12-01,NC01,P006,13,7071.87
202512,2025-12-01,NC01,P007,9,3062.59
202512,2025-12-01,NC01,P008,7,1121.47
202512,2025-12-01,NC01,P009,8,2056.57
202512,2025-12-01,NC01,P010,4,5690.84
202601,2026-01-01,GP01,P001,32,30884.28
202601,2026-01-01,GP01,P002,27,11574.35
202601,2026-01-01,GP01,P003,20,15046.82
202601,2026-01-01,GP01,P004,21,8110.92
202601,2026-01-01,GP01,P005,43,9412.3
202601,2026-01-01,GP01,P006,29,16818.37
202601,2026-01-01,GP01,P007,23,7760.71
202601,2026-01-01,GP01,P008,17,2777.99
202601,2026-01-01,GP01,P009,19,4916.37
202601,2026-01-01,GP01,P010,12,18013.65
202601,2026-01-01,GP02,P001,39,38675.23
202601,2026-01-01,GP02,P002,27,11649.11
202601,2026-01-01,GP02,P003,21,15132.02
202601,2026-01-01,GP02,P004,22,8670.68
202601,2026-01-01,GP02,P005,51,10852.83
202601,2026-01-01,GP02,P006,34,18473.87
202601,2026-01-01,GP02,P007,27,9006.69
202601,2026-01-01,GP02,P008,18,3036.23
202601,2026-01-01,GP02,P009,20,5166.19
202601,2026-01-01,GP02,P010,13,19716.0
202601,2026-01-01,GP03,P001,39,37253.45
202601,2026-01-01,GP03,P002,28,11508.11
202601,2026-01-01,GP03,P003,22,16391.57
202601,2026-01-01,GP03,P004,23,8986.57
202601,2026-01-01,GP03,P005,50,10325.76
202601,2026-01-01,GP03,P006,38,20789.53
202601,2026-01-01,GP03,P007,26,8821.12
202601,2026-01-01,GP03,P008,20,3417.29
202601,2026-01-01,GP03,P009,23,5994.8
202601,2026-01-01,GP03,P010,12,17450.68
202601,2026-01-01,GP04,P001,33,33649.21
202601,2026-01-01,GP04,P002,23,10112.12
202601,2026-01-01,GP04,P003,19,13276.69
202601,2026-01-01,GP04,P004,19,7188.69
202601,2026-01-01,GP04,P005,45,9223.98
202601,2026-01-01,GP04,P006,28,16279.65
202601,2026-01-01,GP04,P007,23,7822.26
202601,2026-01-01,GP04,P008,15,2426.4
202601,2026-01-01,GP04,P009,16,4167.6
202601,2026-01-01,GP04,P010,9,13096.01
202601,2026-01-01,GP05,P001,34,33487.21
202601,2026-01-01,GP05,P002,27,11014.04
202601,2026-01-01,GP05,P003,21,14685.16
202601,2026-01-01,GP05,P004,20,7471.84
202601,2026-01-01,GP05,P005,49,10098.06
202601,2026-01-01,GP05,P006,32,17926.11
202601,2026-01-01,GP05,P007,24,8161.79
202601,2026-01-01,GP05,P008,17,2833.94
202601,2026-01-01,GP05,P009,20,5198.77
202601,2026-01-01,GP05,P010,11,15473.88
202601,2026-01-01,WC01,P001,33,32805.72
202601,2026-01-01,WC01,P002,25,11018.12
202601,2026-01-01,WC01,P003,21,14979.51
202601,2026-01-01,WC01,P004,23,9031.72
202601,2026-01-01,WC01,P005,48,9979.81
202601,2026-01-01,WC01,P006,29,16744.2
202601,2026-01-01,WC01,P007,24,8314.87
202601,2026-01-01,WC01,P008,17,2914.32
202601,2026-01-01,WC01,P009,18,4848.87
202601,2026-01-01,WC01,P010,11,16397.05
202601,2026-01-01,WC02,P001,30,30118.16
202601,2026-01-01,WC02,P002,25,10666.68
202601,2026-01-01,WC02,P003,18,12703.43
202601,2026-01-01,WC02,P004,21,7823.22
202601,2026-01-01,WC02,P005,43,8806.01
202601,2026-01-01,WC02,P006,29,15852.61
202601,2026-01-01,WC02,P007,21,7077.13
202601,2026-01-01,WC02,P008,17,2856.35
202601,2026-01-01,WC02,P009,17,4557.96
202601,2026-01-01,WC02,P010,10,14775.94
202601,2026-01-01,WC03,P001,31,31401.64
202601,2026-01-01,WC03,P002,27,11859.92
202601,2026-01-01,WC03,P003,20,14854.04
202601,2026-01-01,WC03,P004,22,8693.89
202601,2026-01-01,WC03,P005,42,8691.67
202601,2026-01-01,WC03,P006,29,16769.13
202601,2026-01-01,WC03,P007,23,7457.0
202601,2026-01-01,WC03,P008,17,2943.31
202601,2026-01-01,WC03,P009,17,4391.54
202601,2026-01-01,WC03,P010,10,14791.84
202601,2026-01-01,WC04,P001,31,29792.39
202601,2026-01-01,WC04,P002,25,10583.89
202601,2026-01-01,WC04,P003,19,13948.72
202601,2026-01-01,WC04,P004,20,7735.14
202601,2026-01-01,WC04,P005,42,9225.31
202601,2026-01-01,WC04,P006,30,17335.21
202601,2026-01-01,WC04,P007,20,6845.04
202601,2026-01-01,WC04,P008,14,2419.03
202601,2026-01-01,WC04,P009,16,4156.91
202601,2026-01-01,WC04,P010,10,15156.64
202601,2026-01-01,KZN01,P001,32,30669.96
202601,2026-01-01,KZN01,P002,26,11267.89
202601,2026-01-01,KZN01,P003,20,14003.23
202601,2026-01-01,KZN01,P004,22,8485.55
202601,2026-01-01,KZN01,P005,47,10216.83
202601,2026-01-01,KZN01,P006,32,18736.07
202601,2026-01-01,KZN01,P007,21,7248.45
202601,2026-01-01,KZN01,P008,15,2476.45
202601,2026-01-01,KZN01,P009,19,5083.86
202601,2026-01-01,KZN01,P010,10,14403.52
202601,2026-01-01,KZN02,P001,28,26860.57
202601,2026-01-01,KZN02,P002,21,9238.88
202601,2026-01-01,KZN02,P003,17,12224.71
202601,2026-01-01,KZN02,P004,18,7120.71
202601,2026-01-01,KZN02,P005,37,8019.52
202601,2026-01-01,KZN02,P006,23,13204.81
202601,2026-01-01,KZN02,P007,19,6211.63
202601,2026-01-01,KZN02,P008,13,2112.41
202601,2026-01-01,KZN02,P009,14,3670.85
202601,2026-01-01,KZN02,P010,9,13201.62
202601,2026-01-01,KZN03,P001,24,24342.74
202601,2026-01-01,KZN03,P002,19,7875.26
202601,2026-01-01,KZN03,P003,16,11511.3
202601,2026-01-01,KZN03,P004,17,6474.45
202601,2026-01-01,KZN03,P005,37,7939.66
202601,2026-01-01,KZN03,P006,22,12655.39
202601,2026-01-01,KZN03,P007,18,6095.33
202601,2026-01-01,KZN03,P008,13,2155.93
202601,2026-01-01,KZN03,P009,13,3414.28
202601,2026-01-01,KZN03,P010,9,13521.88
202601,2026-01-01,KZN04,P001,32,31832.17
202601,2026-01-01,KZN04,P002,26,11356.39
202601,2026-01-01,KZN04,P003,19,13499.77
202601,2026-01-01,KZN04,P004,20,7690.97
202601,2026-01-01,KZN04,P005,44,9538.14
202601,2026-01-01,KZN04,P006,30,17263.63
202601,2026-01-01,KZN04,P007,21,6859.29
202601,2026-01-01,KZN04,P008,17,2853.91
202601,2026-01-01,KZN04,P009,18,4834.48
202601,2026-01-01,KZN04,P010,10,14331.92
202601,2026-01-01,EC01,P001,27,26296.16
202601,2026-01-01,EC01,P002,20,8340.72
202601,2026-01-01,EC01,P003,16,11979.15
202601,2026-01-01,EC01,P004,18,7002.98
202601,2026-01-01,EC01,P005,33,7100.71
202601,2026-01-01,EC01,P006,23,13329.67
202601,2026-01-01,EC01,P007,19,6418.84
202601,2026-01-01,EC01,P008,13,2110.8
202601,2026-01-01,EC01,P009,15,4082.75
202601,2026-01-01,EC01,P010,8,12106.19
202601,2026-01-01,EC02,P001,21,20720.73
202601,2026-01-01,EC02,P002,18,7378.85
202601,2026-01-01,EC02,P003,12,8473.9
202601,2026-01-01,EC02,P004,14,5540.71
202601,2026-01-01,EC02,P005,31,6488.87
202601,2026-01-01,EC02,P006,19,10343.37
202601,2026-01-01,EC02,P007,15,5122.38
202601,2026-01-01,EC02,P008,11,1861.22
202601,2026-01-01,EC02,P009,13,3336.17
202601,2026-01-01,EC02,P010,7,10140.71
202601,2026-01-01,EC03,P001,22,21818.69
202601,2026-01-01,EC03,P002,18,7829.57
202601,2026-01-01,EC03,P003,14,9943.28
202601,2026-01-01,EC03,P004,14,5525.54
202601,2026-01-01,EC03,P005,29,6224.23
202601,2026-01-01,EC03,P006,21,12212.24
202601,2026-01-01,EC03,P007,16,5169.57
202601,2026-01-01,EC03,P008,12,2048.1
202601,2026-01-01,EC03,P009,11,2906.21
202601,2026-01-01,EC03,P010,7,10399.01
202601,2026-01-01,FS01,P001,21,20887.92
202601,2026-01-01,FS01,P002,17,6954.12
202601,2026-01-01,FS01,P003,12,8718.35
202601,2026-01-01,FS01,P004,13,4929.84
202601,2026-01-01,FS01,P005,30,6296.05
202601,2026-01-01,FS01,P006,21,12218.56
202601,2026-01-01,FS01,P007,15,5072.04
202601,2026-01-01,FS01,P008,11,1888.43
202601,2026-01-01,FS01,P009,12,3046.31
202601,2026-01-01,FS01,P010,7,10245.52
202601,2026-01-01,FS02,P001,20,19816.6
202601,2026-01-01,FS02,P002,14,5908.52
202601,2026-01-01,FS02,P003,11,8082.07
202601,2026-01-01,FS02,P004,13,5128.7
202601,2026-01-01,FS02,P005,28,5723.17
202601,2026-01-01,FS02,P006,18,10239.85
202601,2026-01-01,FS02,P007,13,4206.49
202601,2026-01-01,FS02,P008,10,1731.9
202601,2026-01-01,FS02,P009,11,2989.93
202601,2026-01-01,FS02,P010,6,8606.67
202601,2026-01-01,LP01,P001,18,17392.19
202601,2026-01-01,LP01,P002,13,5386.64
202601,2026-01-01,LP01,P003,12,8536.45
202601,2026-01-01,LP01,P004,11,4097.91
202601,2026-01-01,LP01,P005,25,5264.88
202601,2026-01-01,LP01,P006,17,9636.18
202601,2026-01-01,LP01,P007,13,4244.48
202601,2026-01-01,LP01,P008,9,1440.66
202601,2026-01-01,LP01,P009,11,2890.83
202601,2026-01-01,LP01,P010,6,8726.92
202601,2026-01-01,LP02,P001,20,19769.21
202601,2026-01-01,LP02,P002,15,6330.4
202601,2026-01-01,LP02,P003,12,8719.45
202601,2026-01-01,LP02,P004,13,4864.43
202601,2026-01-01,LP02,P005,26,5621.99
202601,2026-01-01,LP02,P006,20,11124.88
202601,2026-01-01,LP02,P007,14,4676.42
202601,2026-01-01,LP02,P008,10,1699.27
202601,2026-01-01,LP02,P009,12,3139.61
202601,2026-01-01,LP02,P010,7,10266.98
202601,2026-01-01,MP01,P001,22,22558.76
202601,2026-01-01,MP01,P002,16,6789.35
202601,2026-01-01,MP01,P003,12,8430.21
202601,2026-01-01,MP01,P004,14,5213.81
202601,2026-01-01,MP01,P005,30,6508.9
202601,2026-01-01,MP01,P006,18,10327.38
202601,2026-01-01,MP01,P007,15,4947.43
202601,2026-01-01,MP01,P008,11,1791.99
202601,2026-01-01,MP01,P009,12,3253.85
202601,2026-01-01,MP01,P010,7,10232.26
202601,2026-01-01,MP02,P001,25,24320.04
202601,2026-01-01,MP02,P002,19,8103.78
202601,2026-01-01,MP02,P003,14,9939.11
202601,2026-01-01,MP02,P004,14,5245.81
202601,2026-01-01,MP02,P005,32,7036.61
202601,2026-01-01,MP02,P006,21,12234.48
202601,2026-01-01,MP02,P007,16,5160.72
202601,2026-01-01,MP02,P008,11,1834.66
202601,2026-01-01,MP02,P009,13,3343.88
202601,2026-01-01,MP02,P010,8,11589.13
202601,2026-01-01,NW01,P001,19,18589.71
202601,2026-01-01,NW01,P002,16,6736.2
202601,2026-01-01,NW01,P003,13,9313.21
202601,2026-01-01,NW01,P004,13,4949.34
202601,2026-01-01,NW01,P005,30,6598.61
202601,2026-01-01,NW01,P006,19,10627.78
202601,2026-01-01,NW01,P007,14,4637.31
202601,2026-01-01,NW01,P008,10,1675.35
202601,2026-01-01,NW01,P009,12,3175.52
202601,2026-01-01,NW01,P010,6,9002.85
202601,2026-01-01,NW02,P001,23,23361.74
202601,2026-01-01,NW02,P002,17,7014.34
202601,2026-01-01,NW02,P003,14,10560.14
202601,2026-01-01,NW02,P004,15,5917.16
202601,2026-01-01,NW02,P005,33,6913.22
202601,2026-01-01,NW02,P006,22,12276.98
202601,2026-01-01,NW02,P007,15,4944.91
202601,2026-01-01,NW02,P008,11,1876.06
202601,2026-01-01,NW02,P009,13,3284.28
202601,2026-01-01,NW02,P010,7,10237.56
202601,2026-01-01,NC01,P001,18,18257.23
202601,2026-01-01,NC01,P002,14,6009.58
202601,2026-01-01,NC01,P003,11,8187.71
202601,2026-01-01,NC01,P004,11,4251.6
202601,2026-01-01,NC01,P005,23,5056.72
202601,2026-01-01,NC01,P006,18,9843.1
202601,2026-01-01,NC01,P007,12,3938.68
202601,2026-01-01,NC01,P008,9,1441.15
202601,2026-01-01,NC01,P009,10,2600.21
202601,2026-01-01,NC01,P010,6,8807.44
202602,2026-02-01,GP01,P001,32,31029.42
202602,2026-02-01,GP01,P002,27,11190.93
202602,2026-02-01,GP01,P003,20,14743.7
202602,2026-02-01,GP01,P004,21,8371.38
202602,2026-02-01,GP01,P005,43,8782.68
202602,2026-02-01,GP01,P006,29,16784.61
202602,2026-02-01,GP01,P007,25,8306.39
202602,2026-02-01,GP01,P008,17,2760.09
202602,2026-02-01,GP01,P009,18,4601.07
202602,2026-02-01,GP01,P010,12,17969.37
202602,2026-02-01,GP02,P001,34,34825.8
202602,2026-02-01,GP02,P002,28,11888.86
202602,2026-02-01,GP02,P003,22,15599.28
202602,2026-02-01,GP02,P004,24,8941.14
202602,2026-02-01,GP02,P005,52,10597.62
202602,2026-02-01,GP02,P006,31,17321.11
202602,2026-02-01,GP02,P007,25,8612.4
202602,2026-02-01,GP02,P008,19,3102.31
202602,2026-02-01,GP02,P009,20,5180.02
202602,2026-02-01,GP02,P010,11,16366.71
202602,2026-02-01,GP03,P001,41,39437.95
202602,2026-02-01,GP03,P002,32,13610.18
202602,2026-02-01,GP03,P003,23,16908.58
202602,2026-02-01,GP03,P004,24,9282.03
202602,2026-02-01,GP03,P005,52,11147.1
202602,2026-02-01,GP03,P006,36,20038.02
202602,2026-02-01,GP03,P007,25,8135.13
202602,2026-02-01,GP03,P008,21,3439.28
202602,2026-02-01,GP03,P009,21,5625.47
202602,2026-02-01,GP03,P010,13,19315.31
202602,2026-02-01,GP04,P001,31,31010.81
202602,2026-02-01,GP04,P002,24,10204.31
202602,2026-02-01,GP04,P003,19,13613.14
202602,2026-02-01,GP04,P004,19,7493.49
202602,2026-02-01,GP04,P005,46,9549.85
202602,2026-02-01,GP04,P006,30,17313.07
202602,2026-02-01,GP04,P007,21,6946.01
202602,2026-02-01,GP04,P008,16,2573.09
202602,2026-02-01,GP04,P009,16,4319.11
202602,2026-02-01,GP04,P010,10,14485.99
202602,2026-02-01,GP05,P001,36,36380.25
202602,2026-02-01,GP05,P002,24,10299.73
202602,2026-02-01,GP05,P003,21,15751.59
202602,2026-02-01,GP05,P004,21,8231.76
202602,2026-02-01,GP05,P005,43,9007.25
202602,2026-02-01,GP05,P006,28,15346.13
202602,2026-02-01,GP05,P007,24,7835.11
202602,2026-02-01,GP05,P008,16,2687.95
202602,2026-02-01,GP05,P009,18,4611.94
202602,2026-02-01,GP05,P010,10,15213.59
202602,2026-02-01,WC01,P001,37,35612.88
202602,2026-02-01,WC01,P002,26,10639.75
202602,2026-02-01,WC01,P003,20,14889.68
202602,2026-02-01,WC01,P004,21,8113.91
202602,2026-02-01,WC01,P005,44,9391.29
202602,2026-02-01,WC01,P006,30,17105.03
202602,2026-02-01,WC01,P007,23,7590.39
202602,2026-02-01,WC01,P008,16,2622.65
202602,2026-02-01,WC01,P009,18,4842.81
202602,2026-02-01,WC01,P010,12,18034.19
202602,2026-02-01,WC02,P001,32,31949.39
202602,2026-02-01,WC02,P002,26,10596.76
202602,2026-02-01,WC02,P003,17,12219.99
202602,2026-02-01,WC02,P004,20,7768.12
202602,2026-02-01,WC02,P005,44,9506.06
202602,2026-02-01,WC02,P006,31,17862.54
202602,2026-02-01,WC02,P007,22,7464.99
202602,2026-02-01,WC02,P008,16,2672.56
202602,2026-02-01,WC02,P009,16,4148.25
202602,2026-02-01,WC02,P010,11,16444.32
202602,2026-02-01,WC03,P001,32,31827.87
202602,2026-02-01,WC03,P002,26,11347.45
202602,2026-02-01,WC03,P003,18,12830.98
202602,2026-02-01,WC03,P004,22,8324.08
202602,2026-02-01,WC03,P005,44,9684.26
202602,2026-02-01,WC03,P006,30,16665.4
202602,2026-02-01,WC03,P007,22,7410.38
202602,2026-02-01,WC03,P008,16,2737.57
202602,2026-02-01,WC03,P009,18,4628.64
202602,2026-02-01,WC03,P010,11,15977.58
202602,2026-02-01,WC04,P001,29,28276.54
202602,2026-02-01,WC04,P002,24,9949.01
202602,2026-02-01,WC04,P003,18,12932.54
202602,2026-02-01,WC04,P004,18,6725.25
202602,2026-02-01,WC04,P005,40,8509.7
202602,2026-02-01,WC04,P006,29,16084.96
202602,2026-02-01,WC04,P007,19,6146.55
202602,2026-02-01,WC04,P008,16,2697.22
202602,2026-02-01,WC04,P009,16,4036.56
202602,2026-02-01,WC04,P010,10,15152.63
202602,2026-02-01,KZN01,P001,32,30428.97
202602,2026-02-01,KZN01,P002,24,10085.41
202602,2026-02-01,KZN01,P003,20,14511.02
202602,2026-02-01,KZN01,P004,20,7774.94
202602,2026-02-01,KZN01,P005,43,9045.95
202602,2026-02-01,KZN01,P006,29,15843.35
202602,2026-02-01,KZN01,P007,22,7413.26
202602,2026-02-01,KZN01,P008,16,2661.1
202602,2026-02-01,KZN01,P009,17,4349.81
202602,2026-02-01,KZN01,P010,10,14159.32
202602,2026-02-01,KZN02,P001,26,24910.96
202602,2026-02-01,KZN02,P002,21,8634.82
202602,2026-02-01,KZN02,P003,17,12785.69
202602,2026-02-01,KZN02,P004,18,6669.88
202602,2026-02-01,KZN02,P005,39,8275.97
202602,2026-02-01,KZN02,P006,24,13821.76
202602,2026-02-01,KZN02,P007,19,6448.55
202602,2026-02-01,KZN02,P008,13,2239.55
202602,2026-02-01,KZN02,P009,14,3710.0
202602,2026-02-01,KZN02,P010,9,13193.75
202602,2026-02-01,KZN03,P001,27,27763.05
202602,2026-02-01,KZN03,P002,19,8208.32
202602,2026-02-01,KZN03,P003,15,11280.47
202602,2026-02-01,KZN03,P004,15,5617.63
202602,2026-02-01,KZN03,P005,34,7448.6
202602,2026-02-01,KZN03,P006,23,13304.07
202602,2026-02-01,KZN03,P007,18,5846.55
202602,2026-02-01,KZN03,P008,13,2121.15
202602,2026-02-01,KZN03,P009,14,3556.24
202602,2026-02-01,KZN03,P010,8,11739.88
202602,2026-02-01,KZN04,P001,30,28740.68
202602,2026-02-01,KZN04,P002,25,10610.73
202602,2026-02-01,KZN04,P003,19,14259.47
202602,2026-02-01,KZN04,P004,19,7261.01
202602,2026-02-01,KZN04,P005,41,8541.84
202602,2026-02-01,KZN04,P006,27,15423.11
202602,2026-02-01,KZN04,P007,21,7105.42
202602,2026-02-01,KZN04,P008,15,2486.04
202602,2026-02-01,KZN04,P009,17,4604.77
202602,2026-02-01,KZN04,P010,9,13107.65
202602,2026-02-01,EC01,P001,24,24186.41
202602,2026-02-01,EC01,P002,20,8786.12
202602,2026-02-01,EC01,P003,15,11225.4
202602,2026-02-01,EC01,P004,16,6149.11
202602,2026-02-01,EC01,P005,36,7744.11
202602,2026-02-01,EC01,P006,24,13178.61
202602,2026-02-01,EC01,P007,19,6280.83
202602,2026-02-01,EC01,P008,14,2353.46
202602,2026-02-01,EC01,P009,15,3848.74
202602,2026-02-01,EC01,P010,8,11429.48
202602,2026-02-01,EC02,P001,21,19973.26
202602,2026-02-01,EC02,P002,16,6670.15
202602,2026-02-01,EC02,P003,13,9407.53
202602,2026-02-01,EC02,P004,15,5692.11
202602,2026-02-01,EC02,P005,28,6148.48
202602,2026-02-01,EC02,P006,20,11290.15
202602,2026-02-01,EC02,P007,14,4578.41
202602,2026-02-01,EC02,P008,11,1809.61
202602,2026-02-01,EC02,P009,11,2885.41
202602,2026-02-01,EC02,P010,7,10431.45
202602,2026-02-01,EC03,P001,22,22439.29
202602,2026-02-01,EC03,P002,17,7186.61
202602,2026-02-01,EC03,P003,13,9807.43
202602,2026-02-01,EC03,P004,14,5494.4
202602,2026-02-01,EC03,P005,30,6464.1
202602,2026-02-01,EC03,P006,19,10949.61
202602,2026-02-01,EC03,P007,16,5351.3
202602,2026-02-01,EC03,P008,10,1666.53
202602,2026-02-01,EC03,P009,12,3268.89
202602,2026-02-01,EC03,P010,7,9889.47
202602,2026-02-01,FS01,P001,20,19628.05
202602,2026-02-01,FS01,P002,17,7287.47
202602,2026-02-01,FS01,P003,13,9232.36
202602,2026-02-01,FS01,P004,14,5185.91
202602,2026-02-01,FS01,P005,29,6249.53
202602,2026-02-01,FS01,P006,19,10866.33
202602,2026-02-01,FS01,P007,14,4805.96
202602,2026-02-01,FS01,P008,10,1632.37
202602,2026-02-01,FS01,P009,12,3072.4
202602,2026-02-01,FS01,P010,6,8604.84
202602,2026-02-01,FS02,P001,21,21484.38
202602,2026-02-01,FS02,P002,14,5850.07
202602,2026-02-01,FS02,P003,12,8450.27
202602,2026-02-01,FS02,P004,12,4722.01
202602,2026-02-01,FS02,P005,28,5831.74
202602,2026-02-01,FS02,P006,19,10352.67
202602,2026-02-01,FS02,P007,14,4837.63
202602,2026-02-01,FS02,P008,11,1839.32
202602,2026-02-01,FS02,P009,11,2832.78
202602,2026-02-01,FS02,P010,6,8484.55
202602,2026-02-01,LP01,P001,18,18410.2
202602,2026-02-01,LP01,P002,16,6886.85
202602,2026-02-01,LP01,P003,11,8312.34
202602,2026-02-01,LP01,P004,12,4516.1
202602,2026-02-01,LP01,P005,25,5426.16
202602,2026-02-01,LP01,P006,16,9205.89
202602,2026-02-01,LP01,P007,12,4155.25
202602,2026-02-01,LP01,P008,10,1705.41
202602,2026-02-01,LP01,P009,11,2892.2
202602,2026-02-01,LP01,P010,6,8442.05
202602,2026-02-01,LP02,P001,21,20751.56
202602,2026-02-01,LP02,P002,16,6575.82
202602,2026-02-01,LP02,P003,13,9805.15
202602,2026-02-01,LP02,P004,13,5105.03
202602,2026-02-01,LP02,P005,30,6489.85
202602,2026-02-01,LP02,P006,20,11082.99
202602,2026-02-01,LP02,P007,13,4467.65
202602,2026-02-01,LP02,P008,10,1634.69
202602,2026-02-01,LP02,P009,11,2866.16
202602,2026-02-01,LP02,P010,7,9961.15
202602,2026-02-01,MP01,P001,20,19769.94
202602,2026-02-01,MP01,P002,16,6873.93
202602,2026-02-01,MP01,P003,12,8539.26
202602,2026-02-01,MP01,P004,13,4997.38
202602,2026-02-01,MP01,P005,30,6324.74
202602,2026-02-01,MP01,P006,18,10209.97
202602,2026-02-01,MP01,P007,14,4810.74
202602,2026-02-01,MP01,P008,10,1642.15
202602,2026-02-01,MP01,P009,11,2964.21
202602,2026-02-01,MP01,P010,7,10468.98
202602,2026-02-01,MP02,P001,24,23526.91
202602,2026-02-01,MP02,P002,17,7306.24
202602,2026-02-01,MP02,P003,13,9299.84
202602,2026-02-01,MP02,P004,14,5439.02
202602,2026-02-01,MP02,P005,33,7257.51
202602,2026-02-01,MP02,P006,20,10938.97
202602,2026-02-01,MP02,P007,15,4897.78
202602,2026-02-01,MP02,P008,12,1926.98
202602,2026-02-01,MP02,P009,13,3435.84
202602,2026-02-01,MP02,P010,7,10482.93
202602,2026-02-01,NW01,P001,19,18520.92
202602,2026-02-01,NW01,P002,16,6826.86
202602,2026-02-01,NW01,P003,12,8714.36
202602,2026-02-01,NW01,P004,13,5100.79
202602,2026-02-01,NW01,P005,27,5832.53
202602,2026-02-01,NW01,P006,19,10887.46
202602,2026-02-01,NW01,P007,14,4729.19
202602,2026-02-01,NW01,P008,11,1797.73
202602,2026-02-01,NW01,P009,12,3102.55
202602,2026-02-01,NW01,P010,7,10143.43
202602,2026-02-01,NW02,P001,24,23846.98
202602,2026-02-01,NW02,P002,18,7831.73
202602,2026-02-01,NW02,P003,13,9120.0
202602,2026-02-01,NW02,P004,14,5236.77
202602,2026-02-01,NW02,P005,30,6546.88
202602,2026-02-01,NW02,P006,22,12840.23
202602,2026-02-01,NW02,P007,15,4838.67
202602,2026-02-01,NW02,P008,11,1872.08
202602,2026-02-01,NW02,P009,13,3370.24
202602,2026-02-01,NW02,P010,7,9947.35
202602,2026-02-01,NC01,P001,17,17474.25
202602,2026-02-01,NC01,P002,14,5974.66
202602,2026-02-01,NC01,P003,10,6986.03
202602,2026-02-01,NC01,P004,12,4473.45
202602,2026-02-01,NC01,P005,23,4944.02
202602,2026-02-01,NC01,P006,16,9339.99
202602,2026-02-01,NC01,P007,12,4099.14
202602,2026-02-01,NC01,P008,8,1321.84
202602,2026-02-01,NC01,P009,11,2793.96
202602,2026-02-01,NC01,P010,6,8566.33
202603,2026-03-01,GP01,P001,34,32996.46
202603,2026-03-01,GP01,P002,23,9953.2
202603,2026-03-01,GP01,P003,18,13474.57
202603,2026-03-01,GP01,P004,19,7223.05
202603,2026-03-01,GP01,P005,41,8416.0
202603,2026-03-01,GP01,P006,28,15420.66
202603,2026-03-01,GP01,P007,20,6633.99
202603,2026-03-01,GP01,P008,15,2593.49
202603,2026-03-01,GP01,P009,18,4829.41
202603,2026-03-01,GP01,P010,10,14717.44
202603,2026-03-01,GP02,P001,35,34541.0
202603,2026-03-01,GP02,P002,25,10380.43
202603,2026-03-01,GP02,P003,19,14018.05
202603,2026-03-01,GP02,P004,22,8177.29
202603,2026-03-01,GP02,P005,49,10508.78
202603,2026-03-01,GP02,P006,30,17494.69
202603,2026-03-01,GP02,P007,24,7802.32
202603,2026-03-01,GP02,P008,18,2948.65
202603,2026-03-01,GP02,P009,20,5342.48
202603,2026-03-01,GP02,P010,10,15068.35
202603,2026-03-01,GP03,P001,34,33046.62
202603,2026-03-01,GP03,P002,28,11558.4
202603,2026-03-01,GP03,P003,20,14476.82
202603,2026-03-01,GP03,P004,25,9633.32
202603,2026-03-01,GP03,P005,47,9980.38
202603,2026-03-01,GP03,P006,35,20175.96
202603,2026-03-01,GP03,P007,25,8297.57
202603,2026-03-01,GP03,P008,17,2889.84
202603,2026-03-01,GP03,P009,20,5280.28
202603,2026-03-01,GP03,P010,12,17556.27
202603,2026-03-01,GP04,P001,29,28035.26
202603,2026-03-01,GP04,P002,21,8847.46
202603,2026-03-01,GP04,P003,18,12778.48
202603,2026-03-01,GP04,P004,18,6758.46
202603,2026-03-01,GP04,P005,37,7818.48
202603,2026-03-01,GP04,P006,28,16433.33
202603,2026-03-01,GP04,P007,21,7249.92
202603,2026-03-01,GP04,P008,13,2166.68
202603,2026-03-01,GP04,P009,17,4352.46
202603,2026-03-01,GP04,P010,9,13698.62
202603,2026-03-01,GP05,P001,33,33950.37
202603,2026-03-01,GP05,P002,22,9300.29
202603,2026-03-01,GP05,P003,19,13360.44
202603,2026-03-01,GP05,P004,18,6989.27
202603,2026-03-01,GP05,P005,43,8818.58
202603,2026-03-01,GP05,P006,27,15522.27
202603,2026-03-01,GP05,P007,22,7258.29
202603,2026-03-01,GP05,P008,16,2570.38
202603,2026-03-01,GP05,P009,17,4350.04
202603,2026-03-01,GP05,P010,11,16226.84
202603,2026-03-01,WC01,P001,31,31708.98
202603,2026-03-01,WC01,P002,25,10982.31
202603,2026-03-01,WC01,P003,18,13457.28
202603,2026-03-01,WC01,P004,21,7808.3
202603,2026-03-01,WC01,P005,42,9206.63
202603,2026-03-01,WC01,P006,29,16867.96
202603,2026-03-01,WC01,P007,23,7712.93
202603,2026-03-01,WC01,P008,17,2740.88
202603,2026-03-01,WC01,P009,16,4367.85
202603,2026-03-01,WC01,P010,11,15947.92
202603,2026-03-01,WC02,P001,29,29484.14
202603,2026-03-01,WC02,P002,22,9025.77
202603,2026-03-01,WC02,P003,18,13159.28
202603,2026-03-01,WC02,P004,20,7789.52
202603,2026-03-01,WC02,P005,40,8344.17
202603,2026-03-01,WC02,P006,27,15317.31
202603,2026-03-01,WC02,P007,21,7083.01
202603,2026-03-01,WC02,P008,14,2344.76
202603,2026-03-01,WC02,P009,16,4288.64
202603,2026-03-01,WC02,P010,10,14461.59
202603,2026-03-01,WC03,P001,28,26976.66
202603,2026-03-01,WC03,P002,24,10065.33
202603,2026-03-01,WC03,P003,18,12829.91
202603,2026-03-01,WC03,P004,19,7371.65
202603,2026-03-01,WC03,P005,43,8817.8
202603,2026-03-01,WC03,P006,25,14516.62
202603,2026-03-01,WC03,P007,19,6127.02
202603,2026-03-01,WC03,P008,16,2753.92
202603,2026-03-01,WC03,P009,16,4267.93
202603,2026-03-01,WC03,P010,10,14180.61
202603,2026-03-01,WC04,P001,27,27306.4
202603,2026-03-01,WC04,P002,22,9620.88
202603,2026-03-01,WC04,P003,18,12603.87
202603,2026-03-01,WC04,P004,19,7222.13
202603,2026-03-01,WC04,P005,36,7644.38
202603,2026-03-01,WC04,P006,26,14789.73
202603,2026-03-01,WC04,P007,19,6293.43
202603,2026-03-01,WC04,P008,15,2464.03
202603,2026-03-01,WC04,P009,14,3749.73
202603,2026-03-01,WC04,P010,9,13480.95
202603,2026-03-01,KZN01,P001,30,30247.99
202603,2026-03-01,KZN01,P002,22,9618.25
202603,2026-03-01,KZN01,P003,18,13558.11
202603,2026-03-01,KZN01,P004,19,7104.12
202603,2026-03-01,KZN01,P005,43,9311.7
202603,2026-03-01,KZN01,P006,29,15865.1
202603,2026-03-01,KZN01,P007,21,7006.0
202603,2026-03-01,KZN01,P008,16,2588.4
202603,2026-03-01,KZN01,P009,17,4341.42
202603,2026-03-01,KZN01,P010,10,14444.94
202603,2026-03-01,KZN02,P001,26,25493.59
202603,2026-03-01,KZN02,P002,18,7810.27
202603,2026-03-01,KZN02,P003,16,11259.74
202603,2026-03-01,KZN02,P004,15,5815.72
202603,2026-03-01,KZN02,P005,32,6875.6
202603,2026-03-01,KZN02,P006,21,11519.52
202603,2026-03-01,KZN02,P007,18,5835.14
202603,2026-03-01,KZN02,P008,12,2078.46
202603,2026-03-01,KZN02,P009,13,3475.75
202603,2026-03-01,KZN02,P010,8,11621.22
202603,2026-03-01,KZN03,P001,25,23770.49
202603,2026-03-01,KZN03,P002,20,8293.91
202603,2026-03-01,KZN03,P003,15,10755.04
202603,2026-03-01,KZN03,P004,14,5523.49
202603,2026-03-01,KZN03,P005,35,7207.47
202603,2026-03-01,KZN03,P006,23,13332.29
202603,2026-03-01,KZN03,P007,17,5688.85
202603,2026-03-01,KZN03,P008,13,2223.87
202603,2026-03-01,KZN03,P009,12,3181.45
202603,2026-03-01,KZN03,P010,7,10512.31
202603,2026-03-01,KZN04,P001,29,29121.47
202603,2026-03-01,KZN04,P002,21,8946.7
202603,2026-03-01,KZN04,P003,17,12677.52
202603,2026-03-01,KZN04,P004,17,6742.84
202603,2026-03-01,KZN04,P005,40,8165.36
202603,2026-03-01,KZN04,P006,28,15801.6
202603,2026-03-01,KZN04,P007,21,7033.02
202603,2026-03-01,KZN04,P008,13,2164.01
202603,2026-03-01,KZN04,P009,17,4474.18
202603,2026-03-01,KZN04,P010,10,14089.76
202603,2026-03-01,EC01,P001,25,25336.1
202603,2026-03-01,EC01,P002,18,7467.03
202603,2026-03-01,EC01,P003,13,9311.79
202603,2026-03-01,EC01,P004,16,6314.23
202603,2026-03-01,EC01,P005,32,6851.03
202603,2026-03-01,EC01,P006,21,11687.46
202603,2026-03-01,EC01,P007,17,5656.03
202603,2026-03-01,EC01,P008,11,1885.11
202603,2026-03-01,EC01,P009,14,3548.06
202603,2026-03-01,EC01,P010,7,10026.31
202603,2026-03-01,EC02,P001,20,19730.11
202603,2026-03-01,EC02,P002,16,6633.58
202603,2026-03-01,EC02,P003,12,8755.24
202603,2026-03-01,EC02,P004,12,4566.13
202603,2026-03-01,EC02,P005,26,5614.63
202603,2026-03-01,EC02,P006,17,9948.64
202603,2026-03-01,EC02,P007,14,4763.69
202603,2026-03-01,EC02,P008,11,1812.97
202603,2026-03-01,EC02,P009,10,2628.78
202603,2026-03-01,EC02,P010,6,8503.3
202603,2026-03-01,EC03,P001,21,20594.34
202603,2026-03-01,EC03,P002,16,6749.21
202603,2026-03-01,EC03,P003,13,9122.9
202603,2026-03-01,EC03,P004,12,4602.25
202603,2026-03-01,EC03,P005,30,6459.25
202603,2026-03-01,EC03,P006,20,11023.3
202603,2026-03-01,EC03,P007,15,4883.89
202603,2026-03-01,EC03,P008,10,1720.89
202603,2026-03-01,EC03,P009,11,2963.27
202603,2026-03-01,EC03,P010,7,9970.02
202603,2026-03-01,FS01,P001,21,20936.42
202603,2026-03-01,FS01,P002,16,6624.49
202603,2026-03-01,FS01,P003,12,8713.54
202603,2026-03-01,FS01,P004,12,4503.74
202603,2026-03-01,FS01,P005,26,5608.82
202603,2026-03-01,FS01,P006,17,9249.62
202603,2026-03-01,FS01,P007,14,4732.04
202603,2026-03-01,FS01,P008,10,1646.17
202603,2026-03-01,FS01,P009,10,2565.46
202603,2026-03-01,FS01,P010,6,8851.37
202603,2026-03-01,FS02,P001,17,16552.88
202603,2026-03-01,FS02,P002,14,6082.39
202603,2026-03-01,FS02,P003,11,8202.0
202603,2026-03-01,FS02,P004,11,4226.29
202603,2026-03-01,FS02,P005,26,5357.62
202603,2026-03-01,FS02,P006,16,9133.1
202603,2026-03-01,FS02,P007,13,4397.81
202603,2026-03-01,FS02,P008,8,1334.13
202603,2026-03-01,FS02,P009,10,2636.41
202603,2026-03-01,FS02,P010,6,8764.29
202603,2026-03-01,LP01,P001,17,16339.67
202603,2026-03-01,LP01,P002,13,5575.28
202603,2026-03-01,LP01,P003,10,7098.95
202603,2026-03-01,LP01,P004,11,4099.47
202603,2026-03-01,LP01,P005,22,4497.68
202603,2026-03-01,LP01,P006,16,8843.29
202603,2026-03-01,LP01,P007,12,4106.91
202603,2026-03-01,LP01,P008,8,1361.81
202603,2026-03-01,LP01,P009,10,2654.47
202603,2026-03-01,LP01,P010,6,8832.92
202603,2026-03-01,LP02,P001,20,20294.37
202603,2026-03-01,LP02,P002,14,6088.65
202603,2026-03-01,LP02,P003,11,7898.9
202603,2026-03-01,LP02,P004,13,5020.19
202603,2026-03-01,LP02,P005,25,5347.65
202603,2026-03-01,LP02,P006,17,9508.55
202603,2026-03-01,LP02,P007,14,4702.98
202603,2026-03-01,LP02,P008,9,1442.83
202603,2026-03-01,LP02,P009,11,2850.89
202603,2026-03-01,LP02,P010,7,10501.91
202603,2026-03-01,MP01,P001,18,17146.14
202603,2026-03-01,MP01,P002,14,6145.09
202603,2026-03-01,MP01,P003,12,8869.23
202603,2026-03-01,MP01,P004,12,4718.57
202603,2026-03-01,MP01,P005,28,5981.44
202603,2026-03-01,MP01,P006,16,8825.76
202603,2026-03-01,MP01,P007,12,3991.83
202603,2026-03-01,MP01,P008,10,1670.25
202603,2026-03-01,MP01,P009,11,2994.62
202603,2026-03-01,MP01,P010,6,9088.13
202603,2026-03-01,MP02,P001,22,21804.39
202603,2026-03-01,MP02,P002,17,7190.36
202603,2026-03-01,MP02,P003,12,8560.25
202603,2026-03-01,MP02,P004,15,5630.71
202603,2026-03-01,MP02,P005,29,6312.15
202603,2026-03-01,MP02,P006,18,10520.85
202603,2026-03-01,MP02,P007,16,5302.48
202603,2026-03-01,MP02,P008,12,2025.08
202603,2026-03-01,MP02,P009,13,3429.69
202603,2026-03-01,MP02,P010,7,10511.11
202603,2026-03-01,NW01,P001,21,20629.36
202603,2026-03-01,NW01,P002,16,6593.43
202603,2026-03-01,NW01,P003,12,8987.17
202603,2026-03-01,NW01,P004,13,4918.33
202603,2026-03-01,NW01,P005,25,5294.12
202603,2026-03-01,NW01,P006,17,9242.88
202603,2026-03-01,NW01,P007,12,4140.57
202603,2026-03-01,NW01,P008,10,1622.11
202603,2026-03-01,NW01,P009,10,2595.97
202603,2026-03-01,NW01,P010,6,9021.38
202603,2026-03-01,NW02,P001,21,20311.12
202603,2026-03-01,NW02,P002,17,7390.29
202603,2026-03-01,NW02,P003,12,8720.03
202603,2026-03-01,NW02,P004,14,5535.08
202603,2026-03-01,NW02,P005,29,6204.1
202603,2026-03-01,NW02,P006,19,10820.96
202603,2026-03-01,NW02,P007,15,5074.05
202603,2026-03-01,NW02,P008,11,1886.88
202603,2026-03-01,NW02,P009,11,2993.72
202603,2026-03-01,NW02,P010,7,10342.9
202603,2026-03-01,NC01,P001,17,16672.31
202603,2026-03-01,NC01,P002,14,5953.26
202603,2026-03-01,NC01,P003,9,6456.57
202603,2026-03-01,NC01,P004,11,4135.38
202603,2026-03-01,NC01,P005,23,4825.86
202603,2026-03-01,NC01,P006,16,9076.11
202603,2026-03-01,NC01,P007,11,3639.92
202603,2026-03-01,NC01,P008,8,1318.39
202603,2026-03-01,NC01,P009,9,2420.35
202603,2026-03-01,NC01,P010,5,7220.2
202604,2026-04-01,GP01,P001,33,33745.65
202604,2026-04-01,GP01,P002,25,10539.33
202604,2026-04-01,GP01,P003,20,14431.48
202604,2026-04-01,GP01,P004,20,7562.44
202604,2026-04-01,GP01,P005,40,8382.45
202604,2026-04-01,GP01,P006,27,15386.31
202604,2026-04-01,GP01,P007,20,6527.58
202604,2026-04-01,GP01,P008,15,2500.75
202604,2026-04-01,GP01,P009,18,4827.01
202604,2026-04-01,GP01,P010,9,13300.52
202604,2026-04-01,GP02,P001,33,33094.56
202604,2026-04-01,GP02,P002,28,11862.27
202604,2026-04-01,GP02,P003,21,15834.86
202604,2026-04-01,GP02,P004,20,7615.92
202604,2026-04-01,GP02,P005,49,10064.59
202604,2026-04-01,GP02,P006,31,17455.66
202604,2026-04-01,GP02,P007,25,8289.64
202604,2026-04-01,GP02,P008,16,2751.62
202604,2026-04-01,GP02,P009,17,4503.74
202604,2026-04-01,GP02,P010,11,16322.5
202604,2026-04-01,GP03,P001,38,37460.53
202604,2026-04-01,GP03,P002,29,12120.41
202604,2026-04-01,GP03,P003,20,15082.06
202604,2026-04-01,GP03,P004,23,9146.81
202604,2026-04-01,GP03,P005,49,10486.05
202604,2026-04-01,GP03,P006,31,17778.65
202604,2026-04-01,GP03,P007,25,8643.87
202604,2026-04-01,GP03,P008,18,3078.0
202604,2026-04-01,GP03,P009,19,4897.45
202604,2026-04-01,GP03,P010,12,17936.56
202604,2026-04-01,GP04,P001,27,27120.21
202604,2026-04-01,GP04,P002,23,9377.33
202604,2026-04-01,GP04,P003,16,11475.41
202604,2026-04-01,GP04,P004,19,7436.83
202604,2026-04-01,GP04,P005,39,8239.76
202604,2026-04-01,GP04,P006,25,14517.3
202604,2026-04-01,GP04,P007,20,6419.02
202604,2026-04-01,GP04,P008,15,2427.05
202604,2026-04-01,GP04,P009,16,4365.26
202604,2026-04-01,GP04,P010,10,14201.26
202604,2026-04-01,GP05,P001,32,30711.74
202604,2026-04-01,GP05,P002,26,10782.97
202604,2026-04-01,GP05,P003,20,14576.82
202604,2026-04-01,GP05,P004,20,7447.59
202604,2026-04-01,GP05,P005,39,8413.58
202604,2026-04-01,GP05,P006,26,15243.37
202604,2026-04-01,GP05,P007,20,6888.86
202604,2026-04-01,GP05,P008,17,2902.67
202604,2026-04-01,GP05,P009,18,4550.71
202604,2026-04-01,GP05,P010,10,14570.96
202604,2026-04-01,WC01,P001,30,30565.55
202604,2026-04-01,WC01,P002,26,11263.95
202604,2026-04-01,WC01,P003,19,14258.93
202604,2026-04-01,WC01,P004,19,7376.88
202604,2026-04-01,WC01,P005,41,8702.68
202604,2026-04-01,WC01,P006,30,17245.23
202604,2026-04-01,WC01,P007,20,6731.21
202604,2026-04-01,WC01,P008,17,2743.96
202604,2026-04-01,WC01,P009,17,4512.01
202604,2026-04-01,WC01,P010,10,15152.38
202604,2026-04-01,WC02,P001,28,26813.1
202604,2026-04-01,WC02,P002,24,9844.07
202604,2026-04-01,WC02,P003,17,12205.99
202604,2026-04-01,WC02,P004,18,6651.69
202604,2026-04-01,WC02,P005,41,8927.61
202604,2026-04-01,WC02,P006,27,15138.18
202604,2026-04-01,WC02,P007,19,6131.68
202604,2026-04-01,WC02,P008,14,2283.03
202604,2026-04-01,WC02,P009,15,3957.24
202604,2026-04-01,WC02,P010,9,12976.66
202604,2026-04-01,WC03,P001,32,30578.71
202604,2026-04-01,WC03,P002,22,9370.29
202604,2026-04-01,WC03,P003,17,12719.2
202604,2026-04-01,WC03,P004,19,7110.92
202604,2026-04-01,WC03,P005,40,8586.84
202604,2026-04-01,WC03,P006,29,16937.73
202604,2026-04-01,WC03,P007,20,6614.77
202604,2026-04-01,WC03,P008,14,2309.76
202604,2026-04-01,WC03,P009,15,3822.25
202604,2026-04-01,WC03,P010,10,14973.67
202604,2026-04-01,WC04,P001,30,30571.15
202604,2026-04-01,WC04,P002,23,9876.76
202604,2026-04-01,WC04,P003,16,11749.99
202604,2026-04-01,WC04,P004,17,6631.86
202604,2026-04-01,WC04,P005,40,8474.84
202604,2026-04-01,WC04,P006,27,15361.61
202604,2026-04-01,WC04,P007,20,6866.02
202604,2026-04-01,WC04,P008,14,2257.72
202604,2026-04-01,WC04,P009,16,4038.52
202604,2026-04-01,WC04,P010,10,14532.16
202604,2026-04-01,KZN01,P001,30,28607.23
202604,2026-04-01,KZN01,P002,24,9922.55
202604,2026-04-01,KZN01,P003,17,12823.93
202604,2026-04-01,KZN01,P004,18,6663.0
202604,2026-04-01,KZN01,P005,43,9470.98
202604,2026-04-01,KZN01,P006,27,14731.47
202604,2026-04-01,KZN01,P007,21,6860.52
202604,2026-04-01,KZN01,P008,14,2291.55
202604,2026-04-01,KZN01,P009,15,3881.19
202604,2026-04-01,KZN01,P010,9,13620.28
202604,2026-04-01,KZN02,P001,27,25938.23
202604,2026-04-01,KZN02,P002,20,8326.16
202604,2026-04-01,KZN02,P003,15,10900.13
202604,2026-04-01,KZN02,P004,15,5661.59
202604,2026-04-01,KZN02,P005,36,7381.52
202604,2026-04-01,KZN02,P006,24,13586.23
202604,2026-04-01,KZN02,P007,17,5803.74
202604,2026-04-01,KZN02,P008,13,2248.44
202604,2026-04-01,KZN02,P009,13,3529.93
202604,2026-04-01,KZN02,P010,8,12156.45
202604,2026-04-01,KZN03,P001,23,23144.0
202604,2026-04-01,KZN03,P002,18,7630.21
202604,2026-04-01,KZN03,P003,15,11237.08
202604,2026-04-01,KZN03,P004,16,5959.16
202604,2026-04-01,KZN03,P005,32,6815.55
202604,2026-04-01,KZN03,P006,22,12358.99
202604,2026-04-01,KZN03,P007,16,5398.33
202604,2026-04-01,KZN03,P008,12,2062.61
202604,2026-04-01,KZN03,P009,14,3635.48
202604,2026-04-01,KZN03,P010,7,10475.82
202604,2026-04-01,KZN04,P001,31,30306.23
202604,2026-04-01,KZN04,P002,22,9535.32
202604,2026-04-01,KZN04,P003,16,11807.83
202604,2026-04-01,KZN04,P004,17,6681.92
202604,2026-04-01,KZN04,P005,38,8007.92
202604,2026-04-01,KZN04,P006,25,14414.72
202604,2026-04-01,KZN04,P007,19,6514.79
202604,2026-04-01,KZN04,P008,14,2347.8
202604,2026-04-01,KZN04,P009,16,4137.61
202604,2026-04-01,KZN04,P010,9,13082.23
202604,2026-04-01,EC01,P001,25,25063.41
202604,2026-04-01,EC01,P002,19,8083.89
202604,2026-04-01,EC01,P003,14,10020.2
202604,2026-04-01,EC01,P004,15,5708.45
202604,2026-04-01,EC01,P005,30,6407.43
202604,2026-04-01,EC01,P006,21,11457.07
202604,2026-04-01,EC01,P007,17,5865.14
202604,2026-04-01,EC01,P008,12,2053.48
202604,2026-04-01,EC01,P009,13,3476.26
202604,2026-04-01,EC01,P010,8,11374.33
202604,2026-04-01,EC02,P001,21,20174.68
202604,2026-04-01,EC02,P002,17,7205.13
202604,2026-04-01,EC02,P003,12,8562.44
202604,2026-04-01,EC02,P004,12,4464.24
202604,2026-04-01,EC02,P005,26,5427.81
202604,2026-04-01,EC02,P006,18,10193.06
202604,2026-04-01,EC02,P007,13,4390.53
202604,2026-04-01,EC02,P008,10,1708.02
202604,2026-04-01,EC02,P009,11,2786.15
202604,2026-04-01,EC02,P010,6,8784.25
202604,2026-04-01,EC03,P001,21,19974.76
202604,2026-04-01,EC03,P002,17,6926.84
202604,2026-04-01,EC03,P003,13,9516.7
202604,2026-04-01,EC03,P004,12,4640.39
202604,2026-04-01,EC03,P005,26,5700.97
202604,2026-04-01,EC03,P006,18,9931.18
202604,2026-04-01,EC03,P007,14,4555.41
202604,2026-04-01,EC03,P008,9,1489.96
202604,2026-04-01,EC03,P009,12,3255.33
202604,2026-04-01,EC03,P010,7,10036.4
202604,2026-04-01,FS01,P001,18,18290.93
202604,2026-04-01,FS01,P002,16,6696.05
202604,2026-04-01,FS01,P003,11,8060.15
202604,2026-04-01,FS01,P004,13,5067.01
202604,2026-04-01,FS01,P005,27,5728.66
202604,2026-04-01,FS01,P006,19,10713.12
202604,2026-04-01,FS01,P007,12,4145.74
202604,2026-04-01,FS01,P008,10,1611.03
202604,2026-04-01,FS01,P009,11,2994.36
202604,2026-04-01,FS01,P010,7,10274.68
202604,2026-04-01,FS02,P001,17,16325.54
202604,2026-04-01,FS02,P002,13,5361.45
202604,2026-04-01,FS02,P003,11,7822.81
202604,2026-04-01,FS02,P004,12,4506.82
202604,2026-04-01,FS02,P005,26,5643.74
202604,2026-04-01,FS02,P006,17,9272.68
202604,2026-04-01,FS02,P007,13,4491.0
202604,2026-04-01,FS02,P008,9,1496.04
202604,2026-04-01,FS02,P009,9,2353.04
202604,2026-04-01,FS02,P010,6,8935.47
202604,2026-04-01,LP01,P001,18,17794.02
202604,2026-04-01,LP01,P002,13,5449.31
202604,2026-04-01,LP01,P003,11,8164.38
202604,2026-04-01,LP01,P004,12,4560.17
202604,2026-04-01,LP01,P005,25,5283.48
202604,2026-04-01,LP01,P006,15,8808.31
202604,2026-04-01,LP01,P007,11,3720.88
202604,2026-04-01,LP01,P008,8,1375.62
202604,2026-04-01,LP01,P009,10,2538.9
202604,2026-04-01,LP01,P010,5,7309.93
202604,2026-04-01,LP02,P001,20,19583.11
202604,2026-04-01,LP02,P002,16,6783.79
202604,2026-04-01,LP02,P003,12,8909.2
202604,2026-04-01,LP02,P004,11,4259.33
202604,2026-04-01,LP02,P005,28,5871.65
202604,2026-04-01,LP02,P006,18,10483.15
202604,2026-04-01,LP02,P007,12,4103.53
202604,2026-04-01,LP02,P008,9,1480.21
202604,2026-04-01,LP02,P009,11,2774.78
202604,2026-04-01,LP02,P010,6,8976.36
202604,2026-04-01,MP01,P001,19,19306.62
202604,2026-04-01,MP01,P002,15,6470.71
202604,2026-04-01,MP01,P003,11,7776.14
202604,2026-04-01,MP01,P004,13,4984.0
202604,2026-04-01,MP01,P005,25,5399.79
202604,2026-04-01,MP01,P006,18,10530.41
202604,2026-04-01,MP01,P007,14,4531.88
202604,2026-04-01,MP01,P008,9,1459.25
202604,2026-04-01,MP01,P009,11,2987.85
202604,2026-04-01,MP01,P010,6,9007.31
202604,2026-04-01,MP02,P001,22,21568.12
202604,2026-04-01,MP02,P002,16,6519.92
202604,2026-04-01,MP02,P003,12,8748.04
202604,2026-04-01,MP02,P004,15,5816.85
202604,2026-04-01,MP02,P005,30,6209.67
202604,2026-04-01,MP02,P006,20,11024.87
202604,2026-04-01,MP02,P007,15,5156.01
202604,2026-04-01,MP02,P008,12,2031.53
202604,2026-04-01,MP02,P009,11,2865.37
202604,2026-04-01,MP02,P010,7,10590.66
202604,2026-04-01,NW01,P001,18,17677.94
202604,2026-04-01,NW01,P002,15,6165.72
202604,2026-04-01,NW01,P003,11,7783.02
202604,2026-04-01,NW01,P004,13,4809.96
202604,2026-04-01,NW01,P005,28,6103.05
202604,2026-04-01,NW01,P006,18,10378.98
202604,2026-04-01,NW01,P007,13,4321.79
202604,2026-04-01,NW01,P008,10,1721.16
202604,2026-04-01,NW01,P009,11,2930.46
202604,2026-04-01,NW01,P010,6,8571.06
202604,2026-04-01,NW02,P001,20,19763.52
202604,2026-04-01,NW02,P002,17,7240.33
202604,2026-04-01,NW02,P003,14,9867.32
202604,2026-04-01,NW02,P004,13,4937.37
202604,2026-04-01,NW02,P005,29,6077.47
202604,2026-04-01,NW02,P006,19,10869.87
202604,2026-04-01,NW02,P007,15,4905.95
202604,2026-04-01,NW02,P008,11,1769.15
202604,2026-04-01,NW02,P009,12,3100.35
202604,2026-04-01,NW02,P010,7,10318.95
202604,2026-04-01,NC01,P001,16,15312.25
202604,2026-04-01,NC01,P002,14,5951.43
202604,2026-04-01,NC01,P003,9,6609.38
202604,2026-04-01,NC01,P004,11,4327.01
202604,2026-04-01,NC01,P005,25,5122.28
202604,2026-04-01,NC01,P006,15,8462.3
202604,2026-04-01,NC01,P007,12,4118.46
202604,2026-04-01,NC01,P008,8,1315.68
202604,2026-04-01,NC01,P009,9,2275.14
202604,2026-04-01,NC01,P010,5,7580.86
202605,2026-05-01,GP01,P001,29,28527.93
202605,2026-05-01,GP01,P002,24,10033.0
202605,2026-05-01,GP01,P003,17,12278.26
202605,2026-05-01,GP01,P004,20,7377.25
202605,2026-05-01,GP01,P005,45,9448.86
202605,2026-05-01,GP01,P006,27,15038.33
202605,2026-05-01,GP01,P007,22,7226.26
202605,2026-05-01,GP01,P008,16,2642.54
202605,2026-05-01,GP01,P009,18,4659.44
202605,2026-05-01,GP01,P010,11,15881.2
202605,2026-05-01,GP02,P001,34,32390.51
202605,2026-05-01,GP02,P002,27,11593.86
202605,2026-05-01,GP02,P003,20,14635.96
202605,2026-05-01,GP02,P004,22,8156.54
202605,2026-05-01,GP02,P005,45,9700.71
202605,2026-05-01,GP02,P006,31,18206.33
202605,2026-05-01,GP02,P007,24,8284.73
202605,2026-05-01,GP02,P008,17,2862.86
202605,2026-05-01,GP02,P009,19,4976.28
202605,2026-05-01,GP02,P010,11,15983.55
202605,2026-05-01,GP03,P001,34,34850.55
202605,2026-05-01,GP03,P002,28,11568.51
202605,2026-05-01,GP03,P003,20,14248.9
202605,2026-05-01,GP03,P004,25,9856.68
202605,2026-05-01,GP03,P005,47,9766.42
202605,2026-05-01,GP03,P006,32,17634.29
202605,2026-05-01,GP03,P007,23,7448.03
202605,2026-05-01,GP03,P008,18,2906.72
202605,2026-05-01,GP03,P009,19,5014.13
202605,2026-05-01,GP03,P010,12,17827.89
202605,2026-05-01,GP04,P001,31,30835.35
202605,2026-05-01,GP04,P002,21,8959.77
202605,2026-05-01,GP04,P003,19,14117.99
202605,2026-05-01,GP04,P004,20,7502.42
202605,2026-05-01,GP04,P005,39,7998.64
202605,2026-05-01,GP04,P006,28,16389.93
202605,2026-05-01,GP04,P007,20,6452.25
202605,2026-05-01,GP04,P008,15,2561.7
202605,2026-05-01,GP04,P009,15,4053.38
202605,2026-05-01,GP04,P010,10,14261.55
202605,2026-05-01,GP05,P001,31,31495.38
202605,2026-05-01,GP05,P002,23,10056.13
202605,2026-05-01,GP05,P003,19,13884.07
202605,2026-05-01,GP05,P004,20,7940.52
202605,2026-05-01,GP05,P005,44,9369.99
202605,2026-05-01,GP05,P006,30,16759.62
202605,2026-05-01,GP05,P007,21,7196.32
202605,2026-05-01,GP05,P008,15,2418.53
202605,2026-05-01,GP05,P009,16,4110.69
202605,2026-05-01,GP05,P010,9,13168.68
202605,2026-05-01,WC01,P001,30,28854.37
202605,2026-05-01,WC01,P002,24,10382.09
202605,2026-05-01,WC01,P003,19,13567.35
202605,2026-05-01,WC01,P004,20,7677.52
202605,2026-05-01,WC01,P005,42,9113.39
202605,2026-05-01,WC01,P006,28,15642.69
202605,2026-05-01,WC01,P007,23,7613.4
202605,2026-05-01,WC01,P008,15,2473.0
202605,2026-05-01,WC01,P009,18,4611.77
202605,2026-05-01,WC01,P010,9,13382.55
202605,2026-05-01,WC02,P001,31,30619.71
202605,2026-05-01,WC02,P002,22,9681.83
202605,2026-05-01,WC02,P003,18,13404.46
202605,2026-05-01,WC02,P004,19,7224.6
202605,2026-05-01,WC02,P005,39,8260.86
202605,2026-05-01,WC02,P006,25,13980.09
202605,2026-05-01,WC02,P007,19,6142.91
202605,2026-05-01,WC02,P008,15,2569.4
202605,2026-05-01,WC02,P009,16,4186.15
202605,2026-05-01,WC02,P010,9,13026.36
202605,2026-05-01,WC03,P001,31,30320.83
202605,2026-05-01,WC03,P002,23,9771.11
202605,2026-05-01,WC03,P003,18,12604.71
202605,2026-05-01,WC03,P004,18,7094.55
202605,2026-05-01,WC03,P005,41,8533.81
202605,2026-05-01,WC03,P006,26,14874.24
202605,2026-05-01,WC03,P007,21,7202.42
202605,2026-05-01,WC03,P008,16,2574.76
202605,2026-05-01,WC03,P009,17,4400.92
202605,2026-05-01,WC03,P010,10,14267.28
202605,2026-05-01,WC04,P001,26,25166.0
202605,2026-05-01,WC04,P002,23,9957.78
202605,2026-05-01,WC04,P003,16,12072.47
202605,2026-05-01,WC04,P004,17,6452.21
202605,2026-05-01,WC04,P005,38,8327.37
202605,2026-05-01,WC04,P006,25,14431.03
202605,2026-05-01,WC04,P007,21,7014.03
202605,2026-05-01,WC04,P008,15,2400.99
202605,2026-05-01,WC04,P009,15,3945.88
202605,2026-05-01,WC04,P010,9,13676.57
202605,2026-05-01,KZN01,P001,31,30174.23
202605,2026-05-01,KZN01,P002,22,9425.09
202605,2026-05-01,KZN01,P003,19,13540.74
202605,2026-05-01,KZN01,P004,18,6778.34
202605,2026-05-01,KZN01,P005,41,8515.68
202605,2026-05-01,KZN01,P006,27,15683.39
202605,2026-05-01,KZN01,P007,22,7195.49
202605,2026-05-01,KZN01,P008,16,2684.21
202605,2026-05-01,KZN01,P009,16,4190.02
202605,2026-05-01,KZN01,P010,10,15063.9
202605,2026-05-01,KZN02,P001,26,25313.74
202605,2026-05-01,KZN02,P002,18,7757.38
202605,2026-05-01,KZN02,P003,14,10547.24
202605,2026-05-01,KZN02,P004,16,6158.05
202605,2026-05-01,KZN02,P005,34,7232.41
202605,2026-05-01,KZN02,P006,23,13265.44
202605,2026-05-01,KZN02,P007,16,5261.75
202605,2026-05-01,KZN02,P008,12,2059.79
202605,2026-05-01,KZN02,P009,14,3648.99
202605,2026-05-01,KZN02,P010,8,11726.76
202605,2026-05-01,KZN03,P001,23,23437.19
202605,2026-05-01,KZN03,P002,17,7046.46
202605,2026-05-01,KZN03,P003,14,9976.44
202605,2026-05-01,KZN03,P004,16,6331.31
202605,2026-05-01,KZN03,P005,34,6978.04
202605,2026-05-01,KZN03,P006,21,11638.94
202605,2026-05-01,KZN03,P007,15,5171.44
202605,2026-05-01,KZN03,P008,13,2142.4
202605,2026-05-01,KZN03,P009,14,3565.2
202605,2026-05-01,KZN03,P010,7,10229.89
202605,2026-05-01,KZN04,P001,28,28422.68
202605,2026-05-01,KZN04,P002,21,8587.41
202605,2026-05-01,KZN04,P003,17,12321.14
202605,2026-05-01,KZN04,P004,18,7154.67
202605,2026-05-01,KZN04,P005,40,8683.04
202605,2026-05-01,KZN04,P006,27,15611.03
202605,2026-05-01,KZN04,P007,20,6451.27
202605,2026-05-01,KZN04,P008,15,2417.14
202605,2026-05-01,KZN04,P009,15,4055.41
202605,2026-05-01,KZN04,P010,9,13688.66
202605,2026-05-01,EC01,P001,24,24473.61
202605,2026-05-01,EC01,P002,19,7821.98
202605,2026-05-01,EC01,P003,14,10363.3
202605,2026-05-01,EC01,P004,14,5322.87
202605,2026-05-01,EC01,P005,30,6599.12
202605,2026-05-01,EC01,P006,22,12845.12
202605,2026-05-01,EC01,P007,17,5791.7
202605,2026-05-01,EC01,P008,12,2017.03
202605,2026-05-01,EC01,P009,14,3660.36
202605,2026-05-01,EC01,P010,7,10399.76
202605,2026-05-01,EC02,P001,21,21064.78
202605,2026-05-01,EC02,P002,16,6871.01
202605,2026-05-01,EC02,P003,12,8435.06
202605,2026-05-01,EC02,P004,12,4701.54
202605,2026-05-01,EC02,P005,30,6357.35
202605,2026-05-01,EC02,P006,20,11426.1
202605,2026-05-01,EC02,P007,13,4222.65
202605,2026-05-01,EC02,P008,10,1629.29
202605,2026-05-01,EC02,P009,12,3091.94
202605,2026-05-01,EC02,P010,7,10198.16
202605,2026-05-01,EC03,P001,22,21791.18
202605,2026-05-01,EC03,P002,16,7014.26
202605,2026-05-01,EC03,P003,13,9488.37
202605,2026-05-01,EC03,P004,13,4887.72
202605,2026-05-01,EC03,P005,26,5635.37
202605,2026-05-01,EC03,P006,19,10323.42
202605,2026-05-01,EC03,P007,14,4681.06
202605,2026-05-01,EC03,P008,11,1849.96
202605,2026-05-01,EC03,P009,12,3054.8
202605,2026-05-01,EC03,P010,6,8669.68
202605,2026-05-01,FS01,P001,18,17735.72
202605,2026-05-01,FS01,P002,15,6413.26
202605,2026-05-01,FS01,P003,11,7894.19
202605,2026-05-01,FS01,P004,12,4465.81
202605,2026-05-01,FS01,P005,29,6305.41
202605,2026-05-01,FS01,P006,19,11095.25
202605,2026-05-01,FS01,P007,14,4795.82
202605,2026-05-01,FS01,P008,10,1621.87
202605,2026-05-01,FS01,P009,11,2907.75
202605,2026-05-01,FS01,P010,6,8801.77
202605,2026-05-01,FS02,P001,19,19067.66
202605,2026-05-01,FS02,P002,13,5380.06
202605,2026-05-01,FS02,P003,10,7452.36
202605,2026-05-01,FS02,P004,11,4221.42
202605,2026-05-01,FS02,P005,24,5187.41
202605,2026-05-01,FS02,P006,17,9482.36
202605,2026-05-01,FS02,P007,12,4029.77
202605,2026-05-01,FS02,P008,9,1549.22
202605,2026-05-01,FS02,P009,10,2663.72
202605,2026-05-01,FS02,P010,6,8695.69
202605,2026-05-01,LP01,P001,18,17525.16
202605,2026-05-01,LP01,P002,13,5500.72
202605,2026-05-01,LP01,P003,11,7908.37
202605,2026-05-01,LP01,P004,12,4601.19
202605,2026-05-01,LP01,P005,23,4875.23
202605,2026-05-01,LP01,P006,16,9240.51
202605,2026-05-01,LP01,P007,13,4212.14
202605,2026-05-01,LP01,P008,8,1354.93
202605,2026-05-01,LP01,P009,9,2428.96
202605,2026-05-01,LP01,P010,5,7283.01
202605,2026-05-01,LP02,P001,19,18713.51
202605,2026-05-01,LP02,P002,14,5956.04
202605,2026-05-01,LP02,P003,11,8288.8
202605,2026-05-01,LP02,P004,12,4766.73
202605,2026-05-01,LP02,P005,25,5158.99
202605,2026-05-01,LP02,P006,17,9862.62
202605,2026-05-01,LP02,P007,13,4185.46
202605,2026-05-01,LP02,P008,9,1537.61
202605,2026-05-01,LP02,P009,10,2709.29
202605,2026-05-01,LP02,P010,6,8446.58
202605,2026-05-01,MP01,P001,19,18831.83
202605,2026-05-01,MP01,P002,14,5845.81
202605,2026-05-01,MP01,P003,11,8122.53
202605,2026-05-01,MP01,P004,13,4859.88
202605,2026-05-01,MP01,P005,27,5925.18
202605,2026-05-01,MP01,P006,16,9040.99
202605,2026-05-01,MP01,P007,12,4099.57
202605,2026-05-01,MP01,P008,10,1662.51
202605,2026-05-01,MP01,P009,10,2529.94
202605,2026-05-01,MP01,P010,6,8551.01
202605,2026-05-01,MP02,P001,22,22155.98
202605,2026-05-01,MP02,P002,17,7252.71
202605,2026-05-01,MP02,P003,13,9733.77
202605,2026-05-01,MP02,P004,13,4847.7
202605,2026-05-01,MP02,P005,31,6673.94
202605,2026-05-01,MP02,P006,21,11641.5
202605,2026-05-01,MP02,P007,14,4500.01
202605,2026-05-01,MP02,P008,11,1821.53
202605,2026-05-01,MP02,P009,11,2792.2
202605,2026-05-01,MP02,P010,7,9958.67
202605,2026-05-01,NW01,P001,18,18392.04
202605,2026-05-01,NW01,P002,15,6251.46
202605,2026-05-01,NW01,P003,12,8686.7
202605,2026-05-01,NW01,P004,12,4575.86
202605,2026-05-01,NW01,P005,25,5463.07
202605,2026-05-01,NW01,P006,18,10146.01
202605,2026-05-01,NW01,P007,12,4128.02
202605,2026-05-01,NW01,P008,10,1651.61
202605,2026-05-01,NW01,P009,11,2787.13
202605,2026-05-01,NW01,P010,6,8462.53
202605,2026-05-01,NW02,P001,22,22280.71
202605,2026-05-01,NW02,P002,16,6800.9
202605,2026-05-01,NW02,P003,12,8496.18
202605,2026-05-01,NW02,P004,13,5057.91
202605,2026-05-01,NW02,P005,31,6426.25
202605,2026-05-01,NW02,P006,19,10427.62
202605,2026-05-01,NW02,P007,14,4582.48
202605,2026-05-01,NW02,P008,11,1798.12
202605,2026-05-01,NW02,P009,13,3427.67
202605,2026-05-01,NW02,P010,6,8457.81
202605,2026-05-01,NC01,P001,17,16583.01
202605,2026-05-01,NC01,P002,13,5388.5
202605,2026-05-01,NC01,P003,9,6376.8
202605,2026-05-01,NC01,P004,12,4442.17
202605,2026-05-01,NC01,P005,22,4809.88
202605,2026-05-01,NC01,P006,15,8376.79
202605,2026-05-01,NC01,P007,11,3771.03
202605,2026-05-01,NC01,P008,8,1327.57
202605,2026-05-01,NC01,P009,9,2393.43
202605,2026-05-01,NC01,P010,5,7417.82
202606,2026-06-01,GP01,P001,30,30609.68
202606,2026-06-01,GP01,P002,24,10559.9
202606,2026-06-01,GP01,P003,17,12731.6
202606,2026-06-01,GP01,P004,22,8242.51
202606,2026-06-01,GP01,P005,46,9797.51
202606,2026-06-01,GP01,P006,29,16715.57
202606,2026-06-01,GP01,P007,22,7266.61
202606,2026-06-01,GP01,P008,16,2756.86
202606,2026-06-01,GP01,P009,17,4454.47
202606,2026-06-01,GP01,P010,11,16466.81
202606,2026-06-01,GP02,P001,33,32153.31
202606,2026-06-01,GP02,P002,27,11519.41
202606,2026-06-01,GP02,P003,21,14913.98
202606,2026-06-01,GP02,P004,21,7979.25
202606,2026-06-01,GP02,P005,46,9722.19
202606,2026-06-01,GP02,P006,30,16866.95
202606,2026-06-01,GP02,P007,25,8045.69
202606,2026-06-01,GP02,P008,17,2854.24
202606,2026-06-01,GP02,P009,19,5066.8
202606,2026-06-01,GP02,P010,11,16090.54
202606,2026-06-01,GP03,P001,35,34702.06
202606,2026-06-01,GP03,P002,28,12167.86
202606,2026-06-01,GP03,P003,21,14743.71
202606,2026-06-01,GP03,P004,24,9259.91
202606,2026-06-01,GP03,P005,47,10030.33
202606,2026-06-01,GP03,P006,34,19182.28
202606,2026-06-01,GP03,P007,24,8132.64
202606,2026-06-01,GP03,P008,19,3268.84
202606,2026-06-01,GP03,P009,19,4981.23
202606,2026-06-01,GP03,P010,11,15579.73
202606,2026-06-01,GP04,P001,28,28254.77
202606,2026-06-01,GP04,P002,22,9458.5
202606,2026-06-01,GP04,P003,17,12434.46
202606,2026-06-01,GP04,P004,19,7242.96
202606,2026-06-01,GP04,P005,40,8328.21
202606,2026-06-01,GP04,P006,27,14892.44
202606,2026-06-01,GP04,P007,21,7133.23
202606,2026-06-01,GP04,P008,15,2579.59
202606,2026-06-01,GP04,P009,16,4244.66
202606,2026-06-01,GP04,P010,9,13339.65
202606,2026-06-01,GP05,P001,33,33817.74
202606,2026-06-01,GP05,P002,23,9485.52
202606,2026-06-01,GP05,P003,18,13385.27
202606,2026-06-01,GP05,P004,21,8132.26
202606,2026-06-01,GP05,P005,40,8359.92
202606,2026-06-01,GP05,P006,28,16084.81
202606,2026-06-01,GP05,P007,22,7494.25
202606,2026-06-01,GP05,P008,16,2578.45
202606,2026-06-01,GP05,P009,16,4356.37
202606,2026-06-01,GP05,P010,10,14655.12
202606,2026-06-01,WC01,P001,31,30369.25
202606,2026-06-01,WC01,P002,25,10387.4
202606,2026-06-01,WC01,P003,18,13285.31
202606,2026-06-01,WC01,P004,21,8369.31
202606,2026-06-01,WC01,P005,47,9735.4
202606,2026-06-01,WC01,P006,31,18085.36
202606,2026-06-01,WC01,P007,21,6759.72
202606,2026-06-01,WC01,P008,15,2470.87
202606,2026-06-01,WC01,P009,17,4601.6
202606,2026-06-01,WC01,P010,10,15129.46
202606,2026-06-01,WC02,P001,31,31540.22
202606,2026-06-01,WC02,P002,22,9675.87
202606,2026-06-01,WC02,P003,16,11478.39
202606,2026-06-01,WC02,P004,17,6317.32
202606,2026-06-01,WC02,P005,41,8434.96
202606,2026-06-01,WC02,P006,26,14557.34
202606,2026-06-01,WC02,P007,21,7238.19
202606,2026-06-01,WC02,P008,15,2500.83
202606,2026-06-01,WC02,P009,16,4339.4
202606,2026-06-01,WC02,P010,10,14732.92
202606,2026-06-01,WC03,P001,31,29745.61
202606,2026-06-01,WC03,P002,23,9445.69
202606,2026-06-01,WC03,P003,18,12911.99
202606,2026-06-01,WC03,P004,20,7513.77
202606,2026-06-01,WC03,P005,41,8485.13
202606,2026-06-01,WC03,P006,29,17027.81
202606,2026-06-01,WC03,P007,19,6113.31
202606,2026-06-01,WC03,P008,14,2276.7
202606,2026-06-01,WC03,P009,16,4169.4
202606,2026-06-01,WC03,P010,9,13377.97
202606,2026-06-01,WC04,P001,29,29661.85
202606,2026-06-01,WC04,P002,21,8954.79
202606,2026-06-01,WC04,P003,17,11953.67
202606,2026-06-01,WC04,P004,19,7384.33
202606,2026-06-01,WC04,P005,39,8478.37
202606,2026-06-01,WC04,P006,26,15017.4
202606,2026-06-01,WC04,P007,21,6748.98
202606,2026-06-01,WC04,P008,14,2350.63
202606,2026-06-01,WC04,P009,15,3848.76
202606,2026-06-01,WC04,P010,9,12892.94
202606,2026-06-01,KZN01,P001,28,28183.6
202606,2026-06-01,KZN01,P002,22,9187.55
202606,2026-06-01,KZN01,P003,17,12303.89
202606,2026-06-01,KZN01,P004,19,7112.97
202606,2026-06-01,KZN01,P005,39,7971.56
202606,2026-06-01,KZN01,P006,28,15390.8
202606,2026-06-01,KZN01,P007,21,7180.14
202606,2026-06-01,KZN01,P008,15,2587.77
202606,2026-06-01,KZN01,P009,16,4091.03
202606,2026-06-01,KZN01,P010,9,13279.49
202606,2026-06-01,KZN02,P001,24,22974.22
202606,2026-06-01,KZN02,P002,20,8286.0
202606,2026-06-01,KZN02,P003,14,10535.15
202606,2026-06-01,KZN02,P004,16,6383.05
202606,2026-06-01,KZN02,P005,36,7685.69
202606,2026-06-01,KZN02,P006,23,12557.15
202606,2026-06-01,KZN02,P007,18,6206.78
202606,2026-06-01,KZN02,P008,12,1957.5
202606,2026-06-01,KZN02,P009,14,3572.39
202606,2026-06-01,KZN02,P010,8,11382.92
202606,2026-06-01,KZN03,P001,24,23733.04
202606,2026-06-01,KZN03,P002,20,8348.46
202606,2026-06-01,KZN03,P003,15,10669.75
202606,2026-06-01,KZN03,P004,16,6030.89
202606,2026-06-01,KZN03,P005,30,6206.65
202606,2026-06-01,KZN03,P006,23,13077.88
202606,2026-06-01,KZN03,P007,15,5153.5
202606,2026-06-01,KZN03,P008,13,2235.93
202606,2026-06-01,KZN03,P009,13,3426.31
202606,2026-06-01,KZN03,P010,7,9868.22
202606,2026-06-01,KZN04,P001,28,26994.76
202606,2026-06-01,KZN04,P002,24,10179.6
202606,2026-06-01,KZN04,P003,16,11378.31
202606,2026-06-01,KZN04,P004,20,7524.48
202606,2026-06-01,KZN04,P005,43,9461.16
202606,2026-06-01,KZN04,P006,27,14860.15
202606,2026-06-01,KZN04,P007,21,7073.92
202606,2026-06-01,KZN04,P008,15,2530.43
202606,2026-06-01,KZN04,P009,15,3862.53
202606,2026-06-01,KZN04,P010,10,14964.29
202606,2026-06-01,EC01,P001,23,22866.22
202606,2026-06-01,EC01,P002,19,7825.83
202606,2026-06-01,EC01,P003,15,10802.2
202606,2026-06-01,EC01,P004,16,6113.73
202606,2026-06-01,EC01,P005,31,6765.75
202606,2026-06-01,EC01,P006,23,13264.75
202606,2026-06-01,EC01,P007,17,5508.12
202606,2026-06-01,EC01,P008,12,1953.64
202606,2026-06-01,EC01,P009,13,3427.75
202606,2026-06-01,EC01,P010,7,10232.6
202606,2026-06-01,EC02,P001,19,18292.6
202606,2026-06-01,EC02,P002,14,6019.74
202606,2026-06-01,EC02,P003,12,9032.45
202606,2026-06-01,EC02,P004,13,5051.68
202606,2026-06-01,EC02,P005,30,6262.21
202606,2026-06-01,EC02,P006,18,9994.39
202606,2026-06-01,EC02,P007,14,4823.5
202606,2026-06-01,EC02,P008,11,1843.22
202606,2026-06-01,EC02,P009,10,2563.17
202606,2026-06-01,EC02,P010,6,8513.28
202606,2026-06-01,EC03,P001,22,21111.29
202606,2026-06-01,EC03,P002,17,7447.0
202606,2026-06-01,EC03,P003,11,8284.11
202606,2026-06-01,EC03,P004,14,5554.6
202606,2026-06-01,EC03,P005,28,5793.34
202606,2026-06-01,EC03,P006,18,10053.95
202606,2026-06-01,EC03,P007,13,4438.94
202606,2026-06-01,EC03,P008,9,1443.8
202606,2026-06-01,EC03,P009,11,2918.58
202606,2026-06-01,EC03,P010,6,8591.57
202606,2026-06-01,FS01,P001,18,17296.96
202606,2026-06-01,FS01,P002,15,6334.56
202606,2026-06-01,FS01,P003,12,8790.08
202606,2026-06-01,FS01,P004,13,5023.65
202606,2026-06-01,FS01,P005,25,5293.44
202606,2026-06-01,FS01,P006,19,10780.62
202606,2026-06-01,FS01,P007,13,4455.0
202606,2026-06-01,FS01,P008,9,1484.35
202606,2026-06-01,FS01,P009,11,2826.1
202606,2026-06-01,FS01,P010,7,10053.29
202606,2026-06-01,FS02,P001,19,19274.6
202606,2026-06-01,FS02,P002,14,6121.09
202606,2026-06-01,FS02,P003,12,8797.32
202606,2026-06-01,FS02,P004,11,4362.42
202606,2026-06-01,FS02,P005,26,5469.16
202606,2026-06-01,FS02,P006,16,8935.67
202606,2026-06-01,FS02,P007,12,4076.42
202606,2026-06-01,FS02,P008,9,1554.3
202606,2026-06-01,FS02,P009,10,2665.6
202606,2026-06-01,FS02,P010,5,7369.61
202606,2026-06-01,LP01,P001,17,16358.24
202606,2026-06-01,LP01,P002,14,5962.97
202606,2026-06-01,LP01,P003,11,7823.72
202606,2026-06-01,LP01,P004,12,4490.53
202606,2026-06-01,LP01,P005,23,4981.78
202606,2026-06-01,LP01,P006,17,9883.53
202606,2026-06-01,LP01,P007,12,3879.02
202606,2026-06-01,LP01,P008,9,1544.78
202606,2026-06-01,LP01,P009,10,2597.44
202606,2026-06-01,LP01,P010,5,7379.24
202606,2026-06-01,LP02,P001,20,19455.9
202606,2026-06-01,LP02,P002,15,6474.72
202606,2026-06-01,LP02,P003,12,8847.28
202606,2026-06-01,LP02,P004,13,4845.97
202606,2026-06-01,LP02,P005,28,5879.14
202606,2026-06-01,LP02,P006,19,10951.06
202606,2026-06-01,LP02,P007,12,3874.71
202606,2026-06-01,LP02,P008,10,1634.38
202606,2026-06-01,LP02,P009,11,2844.79
202606,2026-06-01,LP02,P010,6,9085.5
202606,2026-06-01,MP01,P001,18,17303.41
202606,2026-06-01,MP01,P002,15,6503.82
202606,2026-06-01,MP01,P003,11,7776.36
202606,2026-06-01,MP01,P004,12,4441.75
202606,2026-06-01,MP01,P005,25,5494.9
202606,2026-06-01,MP01,P006,18,10127.39
202606,2026-06-01,MP01,P007,13,4236.44
202606,2026-06-01,MP01,P008,10,1653.02
202606,2026-06-01,MP01,P009,11,2955.6
202606,2026-06-01,MP01,P010,6,8527.79
202606,2026-06-01,MP02,P001,21,21329.0
202606,2026-06-01,MP02,P002,17,7080.59
202606,2026-06-01,MP02,P003,14,10084.56
202606,2026-06-01,MP02,P004,15,5539.68
202606,2026-06-01,MP02,P005,27,5573.33
202606,2026-06-01,MP02,P006,21,11836.17
202606,2026-06-01,MP02,P007,14,4488.5
202606,2026-06-01,MP02,P008,11,1827.19
202606,2026-06-01,MP02,P009,12,3059.11
202606,2026-06-01,MP02,P010,7,9884.16
202606,2026-06-01,NW01,P001,19,19444.09
202606,2026-06-01,NW01,P002,15,6372.65
202606,2026-06-01,NW01,P003,12,8939.53
202606,2026-06-01,NW01,P004,13,5023.98
202606,2026-06-01,NW01,P005,28,6156.64
202606,2026-06-01,NW01,P006,18,9858.86
202606,2026-06-01,NW01,P007,12,3928.77
202606,2026-06-01,NW01,P008,10,1722.72
202606,2026-06-01,NW01,P009,10,2654.01
202606,2026-06-01,NW01,P010,6,8867.38
202606,2026-06-01,NW02,P001,22,21687.34
202606,2026-06-01,NW02,P002,17,7205.52
202606,2026-06-01,NW02,P003,12,9034.81
202606,2026-06-01,NW02,P004,14,5278.57
202606,2026-06-01,NW02,P005,31,6612.69
202606,2026-06-01,NW02,P006,20,11371.64
202606,2026-06-01,NW02,P007,15,4822.98
202606,2026-06-01,NW02,P008,11,1837.81
202606,2026-06-01,NW02,P009,12,3093.73
202606,2026-06-01,NW02,P010,7,10233.78
202606,2026-06-01,NC01,P001,17,17302.89
202606,2026-06-01,NC01,P002,13,5591.29
202606,2026-06-01,NC01,P003,10,7382.08
202606,2026-06-01,NC01,P004,11,4223.42
202606,2026-06-01,NC01,P005,22,4739.4
202606,2026-06-01,NC01,P006,16,8975.38
202606,2026-06-01,NC01,P007,12,4100.11
202606,2026-06-01,NC01,P008,8,1291.49
202606,2026-06-01,NC01,P009,9,2406.43
202606,2026-06-01,NC01,P010,6,8759.83
202607,2026-07-01,GP01,P001,34,33050.44
202607,2026-07-01,GP01,P002,26,11439.09
202607,2026-07-01,GP01,P003,18,12934.72
202607,2026-07-01,GP01,P004,20,7819.71
202607,2026-07-01,GP01,P005,41,8793.2
202607,2026-07-01,GP01,P006,30,17315.82
202607,2026-07-01,GP01,P007,21,6830.59
202607,2026-07-01,GP01,P008,15,2446.22
202607,2026-07-01,GP01,P009,16,4341.08
202607,2026-07-01,GP01,P010,10,14936.9
202607,2026-07-01,GP02,P001,36,35424.99
202607,2026-07-01,GP02,P002,26,10893.18
202607,2026-07-01,GP02,P003,21,15115.06
202607,2026-07-01,GP02,P004,21,8351.08
202607,2026-07-01,GP02,P005,47,10015.39
202607,2026-07-01,GP02,P006,33,18811.98
202607,2026-07-01,GP02,P007,24,8083.99
202607,2026-07-01,GP02,P008,17,2933.24
202607,2026-07-01,GP02,P009,18,4694.04
202607,2026-07-01,GP02,P010,11,16113.19
202607,2026-07-01,GP03,P001,35,33958.05
202607,2026-07-01,GP03,P002,30,12751.24
202607,2026-07-01,GP03,P003,22,15605.66
202607,2026-07-01,GP03,P004,22,8768.47
202607,2026-07-01,GP03,P005,46,9608.52
202607,2026-07-01,GP03,P006,33,18382.95
202607,2026-07-01,GP03,P007,24,8172.61
202607,2026-07-01,GP03,P008,19,3253.48
202607,2026-07-01,GP03,P009,18,4687.73
202607,2026-07-01,GP03,P010,11,15925.87
202607,2026-07-01,GP04,P001,31,29824.69
202607,2026-07-01,GP04,P002,21,9219.23
202607,2026-07-01,GP04,P003,18,12783.07
202607,2026-07-01,GP04,P004,17,6393.81
202607,2026-07-01,GP04,P005,38,7757.92
202607,2026-07-01,GP04,P006,25,13959.65
202607,2026-07-01,GP04,P007,19,6277.51
202607,2026-07-01,GP04,P008,15,2402.46
202607,2026-07-01,GP04,P009,16,4354.47
202607,2026-07-01,GP04,P010,9,13436.3
202607,2026-07-01,GP05,P001,31,30194.44
202607,2026-07-01,GP05,P002,23,9933.09
202607,2026-07-01,GP05,P003,17,12267.73
202607,2026-07-01,GP05,P004,20,7574.27
202607,2026-07-01,GP05,P005,40,8645.08
202607,2026-07-01,GP05,P006,26,14410.44
202607,2026-07-01,GP05,P007,23,7665.58
202607,2026-07-01,GP05,P008,15,2404.76
202607,2026-07-01,GP05,P009,18,4893.69
202607,2026-07-01,GP05,P010,11,15985.34
202607,2026-07-01,WC01,P001,31,30632.28
202607,2026-07-01,WC01,P002,25,10619.67
202607,2026-07-01,WC01,P003,20,14363.16
202607,2026-07-01,WC01,P004,20,7881.06
202607,2026-07-01,WC01,P005,44,9258.37
202607,2026-07-01,WC01,P006,28,15311.91
202607,2026-07-01,WC01,P007,21,6897.92
202607,2026-07-01,WC01,P008,15,2519.56
202607,2026-07-01,WC01,P009,18,4909.46
202607,2026-07-01,WC01,P010,9,13382.1
202607,2026-07-01,WC02,P001,29,29634.66
202607,2026-07-01,WC02,P002,22,9217.13
202607,2026-07-01,WC02,P003,19,14242.6
202607,2026-07-01,WC02,P004,19,7490.34
202607,2026-07-01,WC02,P005,41,8941.33
202607,2026-07-01,WC02,P006,27,15739.41
202607,2026-07-01,WC02,P007,21,6829.68
202607,2026-07-01,WC02,P008,15,2422.53
202607,2026-07-01,WC02,P009,15,3934.14
202607,2026-07-01,WC02,P010,10,14259.46
202607,2026-07-01,WC03,P001,29,29075.56
202607,2026-07-01,WC03,P002,24,10174.77
202607,2026-07-01,WC03,P003,19,13908.13
202607,2026-07-01,WC03,P004,19,7360.9
202607,2026-07-01,WC03,P005,44,8990.43
202607,2026-07-01,WC03,P006,27,14891.66
202607,2026-07-01,WC03,P007,19,6398.43
202607,2026-07-01,WC03,P008,16,2620.56
202607,2026-07-01,WC03,P009,17,4569.87
202607,2026-07-01,WC03,P010,9,12782.46
202607,2026-07-01,WC04,P001,30,29476.03
202607,2026-07-01,WC04,P002,20,8503.64
202607,2026-07-01,WC04,P003,17,11897.99
202607,2026-07-01,WC04,P004,17,6463.28
202607,2026-07-01,WC04,P005,40,8604.25
202607,2026-07-01,WC04,P006,26,14817.15
202607,2026-07-01,WC04,P007,20,6723.3
202607,2026-07-01,WC04,P008,13,2211.46
202607,2026-07-01,WC04,P009,15,3943.16
202607,2026-07-01,WC04,P010,10,14801.63
202607,2026-07-01,KZN01,P001,30,28796.68
202607,2026-07-01,KZN01,P002,22,9051.33
202607,2026-07-01,KZN01,P003,16,11472.9
202607,2026-07-01,KZN01,P004,19,7039.1
202607,2026-07-01,KZN01,P005,39,8590.34
202607,2026-07-01,KZN01,P006,28,15612.01
202607,2026-07-01,KZN01,P007,22,7578.11
202607,2026-07-01,KZN01,P008,16,2714.66
202607,2026-07-01,KZN01,P009,17,4529.7
202607,2026-07-01,KZN01,P010,10,15005.2
202607,2026-07-01,KZN02,P001,25,24577.02
202607,2026-07-01,KZN02,P002,20,8326.9
202607,2026-07-01,KZN02,P003,14,9862.38
202607,2026-07-01,KZN02,P004,16,6381.02
202607,2026-07-01,KZN02,P005,35,7267.35
202607,2026-07-01,KZN02,P006,23,13463.71
202607,2026-07-01,KZN02,P007,17,5685.19
202607,2026-07-01,KZN02,P008,12,1921.9
202607,2026-07-01,KZN02,P009,15,3912.09
202607,2026-07-01,KZN02,P010,7,10279.77
202607,2026-07-01,KZN03,P001,23,23479.93
202607,2026-07-01,KZN03,P002,19,7843.81
202607,2026-07-01,KZN03,P003,14,9984.1
202607,2026-07-01,KZN03,P004,16,6047.97
202607,2026-07-01,KZN03,P005,34,7142.27
202607,2026-07-01,KZN03,P006,22,12323.28
202607,2026-07-01,KZN03,P007,16,5311.69
202607,2026-07-01,KZN03,P008,12,1930.51
202607,2026-07-01,KZN03,P009,13,3379.74
202607,2026-07-01,KZN03,P010,7,10422.31
202607,2026-07-01,KZN04,P001,27,26285.34
202607,2026-07-01,KZN04,P002,24,10550.09
202607,2026-07-01,KZN04,P003,18,12685.7
202607,2026-07-01,KZN04,P004,18,7128.97
202607,2026-07-01,KZN04,P005,38,7988.03
202607,2026-07-01,KZN04,P006,27,14775.94
202607,2026-07-01,KZN04,P007,18,5826.79
202607,2026-07-01,KZN04,P008,13,2158.46
202607,2026-07-01,KZN04,P009,15,4049.44
202607,2026-07-01,KZN04,P010,9,13213.99
202607,2026-07-01,EC01,P001,23,22640.33
202607,2026-07-01,EC01,P002,18,7695.96
202607,2026-07-01,EC01,P003,13,9130.56
202607,2026-07-01,EC01,P004,16,6100.71
202607,2026-07-01,EC01,P005,35,7655.32
202607,2026-07-01,EC01,P006,21,12068.16
202607,2026-07-01,EC01,P007,16,5297.52
202607,2026-07-01,EC01,P008,12,1993.79
202607,2026-07-01,EC01,P009,14,3724.52
202607,2026-07-01,EC01,P010,8,11846.82
202607,2026-07-01,EC02,P001,21,21575.3
202607,2026-07-01,EC02,P002,16,6541.96
202607,2026-07-01,EC02,P003,12,8968.4
202607,2026-07-01,EC02,P004,14,5197.99
202607,2026-07-01,EC02,P005,26,5576.14
202607,2026-07-01,EC02,P006,18,10569.95
202607,2026-07-01,EC02,P007,15,5081.95
202607,2026-07-01,EC02,P008,10,1600.8
202607,2026-07-01,EC02,P009,11,2928.51
202607,2026-07-01,EC02,P010,6,9098.26
202607,2026-07-01,EC03,P001,21,20991.91
202607,2026-07-01,EC03,P002,15,6340.96
202607,2026-07-01,EC03,P003,12,8905.15
202607,2026-07-01,EC03,P004,14,5349.18
202607,2026-07-01,EC03,P005,26,5317.36
202607,2026-07-01,EC03,P006,18,10529.89
202607,2026-07-01,EC03,P007,14,4703.88
202607,2026-07-01,EC03,P008,10,1627.37
202607,2026-07-01,EC03,P009,12,3071.15
202607,2026-07-01,EC03,P010,6,9089.62
202607,2026-07-01,FS01,P001,19,19160.73
202607,2026-07-01,FS01,P002,16,6565.62
202607,2026-07-01,FS01,P003,12,8527.36
202607,2026-07-01,FS01,P004,12,4622.49
202607,2026-07-01,FS01,P005,29,6214.08
202607,2026-07-01,FS01,P006,17,9814.44
202607,2026-07-01,FS01,P007,13,4311.9
202607,2026-07-01,FS01,P008,10,1614.97
202607,2026-07-01,FS01,P009,11,2783.33
202607,2026-07-01,FS01,P010,6,8763.46
202607,2026-07-01,FS02,P001,18,18108.52
202607,2026-07-01,FS02,P002,13,5532.3
202607,2026-07-01,FS02,P003,12,8695.6
202607,2026-07-01,FS02,P004,11,4287.23
202607,2026-07-01,FS02,P005,26,5480.24
202607,2026-07-01,FS02,P006,15,8216.46
202607,2026-07-01,FS02,P007,13,4259.97
202607,2026-07-01,FS02,P008,9,1520.02
202607,2026-07-01,FS02,P009,10,2720.19
202607,2026-07-01,FS02,P010,5,7156.56
202607,2026-07-01,LP01,P001,18,18131.35
202607,2026-07-01,LP01,P002,14,6104.21
202607,2026-07-01,LP01,P003,11,7982.79
202607,2026-07-01,LP01,P004,11,4253.28
202607,2026-07-01,LP01,P005,23,4973.63
202607,2026-07-01,LP01,P006,15,8370.66
202607,2026-07-01,LP01,P007,11,3553.82
202607,2026-07-01,LP01,P008,9,1480.67
202607,2026-07-01,LP01,P009,9,2335.33
202607,2026-07-01,LP01,P010,5,7573.1
202607,2026-07-01,LP02,P001,19,19475.53
202607,2026-07-01,LP02,P002,15,6602.43
202607,2026-07-01,LP02,P003,11,8006.78
202607,2026-07-01,LP02,P004,13,5022.44
202607,2026-07-01,LP02,P005,26,5331.61
202607,2026-07-01,LP02,P006,16,8695.05
202607,2026-07-01,LP02,P007,13,4383.51
202607,2026-07-01,LP02,P008,10,1623.05
202607,2026-07-01,LP02,P009,10,2535.07
202607,2026-07-01,LP02,P010,6,8732.9
202607,2026-07-01,MP01,P001,19,19151.41
202607,2026-07-01,MP01,P002,15,6412.68
202607,2026-07-01,MP01,P003,11,8131.24
202607,2026-07-01,MP01,P004,12,4542.55
202607,2026-07-01,MP01,P005,27,5825.28
202607,2026-07-01,MP01,P006,17,9609.81
202607,2026-07-01,MP01,P007,12,4148.35
202607,2026-07-01,MP01,P008,9,1537.59
202607,2026-07-01,MP01,P009,11,2910.54
202607,2026-07-01,MP01,P010,6,8959.3
202607,2026-07-01,MP02,P001,22,21418.24
202607,2026-07-01,MP02,P002,16,6988.82
202607,2026-07-01,MP02,P003,12,8825.02
202607,2026-07-01,MP02,P004,13,4852.17
202607,2026-07-01,MP02,P005,27,5910.97
202607,2026-07-01,MP02,P006,19,10894.89
202607,2026-07-01,MP02,P007,14,4586.51
202607,2026-07-01,MP02,P008,11,1834.89
202607,2026-07-01,MP02,P009,12,3080.79
202607,2026-07-01,MP02,P010,7,10006.48
202607,2026-07-01,NW01,P001,21,21319.4
202607,2026-07-01,NW01,P002,15,6165.22
202607,2026-07-01,NW01,P003,11,8010.9
202607,2026-07-01,NW01,P004,12,4531.78
202607,2026-07-01,NW01,P005,27,5839.17
202607,2026-07-01,NW01,P006,18,10571.41
202607,2026-07-01,NW01,P007,14,4560.14
202607,2026-07-01,NW01,P008,9,1537.37
202607,2026-07-01,NW01,P009,11,2998.49
202607,2026-07-01,NW01,P010,6,8470.21
202607,2026-07-01,NW02,P001,20,20012.22
202607,2026-07-01,NW02,P002,18,7437.41
202607,2026-07-01,NW02,P003,13,9392.85
202607,2026-07-01,NW02,P004,13,4807.89
202607,2026-07-01,NW02,P005,27,5520.26
202607,2026-07-01,NW02,P006,18,10474.92
202607,2026-07-01,NW02,P007,15,4962.97
202607,2026-07-01,NW02,P008,11,1791.72
202607,2026-07-01,NW02,P009,11,2845.28
202607,2026-07-01,NW02,P010,7,10135.75
202607,2026-07-01,NC01,P001,16,15666.02
202607,2026-07-01,NC01,P002,13,5457.12
202607,2026-07-01,NC01,P003,9,6411.9
202607,2026-07-01,NC01,P004,10,3807.17
202607,2026-07-01,NC01,P005,22,4570.6
202607,2026-07-01,NC01,P006,16,9087.05
202607,2026-07-01,NC01,P007,12,3902.86
202607,2026-07-01,NC01,P008,8,1381.15
202607,2026-07-01,NC01,P009,9,2378.35
202607,2026-07-01,NC01,P010,5,7274.83
202608,2026-08-01,GP01,P001,32,31462.79
202608,2026-08-01,GP01,P002,25,10360.29
202608,2026-08-01,GP01,P003,19,13724.19
202608,2026-08-01,GP01,P004,19,7240.7
202608,2026-08-01,GP01,P005,45,9297.07
202608,2026-08-01,GP01,P006,28,15460.46
202608,2026-08-01,GP01,P007,22,7325.89
202608,2026-08-01,GP01,P008,15,2480.56
202608,2026-08-01,GP01,P009,16,4338.03
202608,2026-08-01,GP01,P010,11,15481.03
202608,2026-08-01,GP02,P001,33,33028.69
202608,2026-08-01,GP02,P002,26,11151.11
202608,2026-08-01,GP02,P003,21,15675.07
202608,2026-08-01,GP02,P004,20,7622.84
202608,2026-08-01,GP02,P005,45,9609.36
202608,2026-08-01,GP02,P006,32,18040.13
202608,2026-08-01,GP02,P007,23,7802.62
202608,2026-08-01,GP02,P008,18,2903.85
202608,2026-08-01,GP02,P009,18,4621.94
202608,2026-08-01,GP02,P010,10,14688.79
202608,2026-08-01,GP03,P001,34,34645.89
202608,2026-08-01,GP03,P002,29,12668.5
202608,2026-08-01,GP03,P003,20,14756.08
202608,2026-08-01,GP03,P004,25,9826.16
202608,2026-08-01,GP03,P005,52,11354.19
202608,2026-08-01,GP03,P006,34,19673.12
202608,2026-08-01,GP03,P007,24,7758.59
202608,2026-08-01,GP03,P008,17,2824.3
202608,2026-08-01,GP03,P009,20,5115.98
202608,2026-08-01,GP03,P010,12,18068.49
202608,2026-08-01,GP04,P001,29,29637.55
202608,2026-08-01,GP04,P002,23,9535.49
202608,2026-08-01,GP04,P003,18,13013.64
202608,2026-08-01,GP04,P004,18,6938.79
202608,2026-08-01,GP04,P005,39,8539.8
202608,2026-08-01,GP04,P006,27,15416.6
202608,2026-08-01,GP04,P007,20,6784.56
202608,2026-08-01,GP04,P008,14,2410.27
202608,2026-08-01,GP04,P009,16,4045.18
202608,2026-08-01,GP04,P010,9,13383.78
202608,2026-08-01,GP05,P001,29,29052.98
202608,2026-08-01,GP05,P002,26,11068.52
202608,2026-08-01,GP05,P003,17,12479.4
202608,2026-08-01,GP05,P004,19,7061.72
202608,2026-08-01,GP05,P005,40,8781.69
202608,2026-08-01,GP05,P006,30,17325.61
202608,2026-08-01,GP05,P007,23,7916.52
202608,2026-08-01,GP05,P008,15,2442.58
202608,2026-08-01,GP05,P009,16,4152.41
202608,2026-08-01,GP05,P010,10,15224.74
202608,2026-08-01,WC01,P001,31,31624.1
202608,2026-08-01,WC01,P002,24,10461.23
202608,2026-08-01,WC01,P003,18,12665.27
202608,2026-08-01,WC01,P004,22,8770.84
202608,2026-08-01,WC01,P005,44,9024.14
202608,2026-08-01,WC01,P006,29,16587.68
202608,2026-08-01,WC01,P007,22,7520.29
202608,2026-08-01,WC01,P008,16,2768.26
202608,2026-08-01,WC01,P009,19,4821.43
202608,2026-08-01,WC01,P010,10,14285.36
202608,2026-08-01,WC02,P001,30,29773.82
202608,2026-08-01,WC02,P002,24,9984.22
202608,2026-08-01,WC02,P003,19,13639.6
202608,2026-08-01,WC02,P004,20,7409.14
202608,2026-08-01,WC02,P005,39,8500.4
202608,2026-08-01,WC02,P006,26,14973.96
202608,2026-08-01,WC02,P007,21,6749.92
202608,2026-08-01,WC02,P008,14,2361.88
202608,2026-08-01,WC02,P009,16,4184.24
202608,2026-08-01,WC02,P010,9,13580.02
202608,2026-08-01,WC03,P001,28,26876.75
202608,2026-08-01,WC03,P002,22,9308.13
202608,2026-08-01,WC03,P003,19,13695.39
202608,2026-08-01,WC03,P004,19,7119.25
202608,2026-08-01,WC03,P005,44,9667.87
202608,2026-08-01,WC03,P006,27,15236.42
202608,2026-08-01,WC03,P007,21,6987.62
202608,2026-08-01,WC03,P008,16,2627.77
202608,2026-08-01,WC03,P009,16,4311.03
202608,2026-08-01,WC03,P010,9,13622.34
202608,2026-08-01,WC04,P001,27,25901.65
202608,2026-08-01,WC04,P002,22,9598.28
202608,2026-08-01,WC04,P003,17,12333.46
202608,2026-08-01,WC04,P004,18,6812.38
202608,2026-08-01,WC04,P005,36,7503.86
202608,2026-08-01,WC04,P006,27,14745.5
202608,2026-08-01,WC04,P007,18,5923.05
202608,2026-08-01,WC04,P008,13,2153.38
202608,2026-08-01,WC04,P009,14,3601.71
202608,2026-08-01,WC04,P010,9,13075.76
202608,2026-08-01,KZN01,P001,30,30812.32
202608,2026-08-01,KZN01,P002,22,9343.58
202608,2026-08-01,KZN01,P003,18,13259.14
202608,2026-08-01,KZN01,P004,19,7270.47
202608,2026-08-01,KZN01,P005,39,8589.09
202608,2026-08-01,KZN01,P006,26,14203.34
202608,2026-08-01,KZN01,P007,20,6672.31
202608,2026-08-01,KZN01,P008,15,2474.21
202608,2026-08-01,KZN01,P009,17,4593.66
202608,2026-08-01,KZN01,P010,10,14488.73
202608,2026-08-01,KZN02,P001,27,27115.98
202608,2026-08-01,KZN02,P002,20,8574.54
202608,2026-08-01,KZN02,P003,15,11166.81
202608,2026-08-01,KZN02,P004,15,5749.78
202608,2026-08-01,KZN02,P005,34,7380.2
202608,2026-08-01,KZN02,P006,23,13254.57
202608,2026-08-01,KZN02,P007,16,5337.3
202608,2026-08-01,KZN02,P008,13,2148.5
202608,2026-08-01,KZN02,P009,13,3459.31
202608,2026-08-01,KZN02,P010,8,12158.17
202608,2026-08-01,KZN03,P001,22,21313.04
202608,2026-08-01,KZN03,P002,17,7343.31
202608,2026-08-01,KZN03,P003,14,10464.81
202608,2026-08-01,KZN03,P004,16,5925.35
202608,2026-08-01,KZN03,P005,32,6845.7
202608,2026-08-01,KZN03,P006,22,12196.8
202608,2026-08-01,KZN03,P007,17,5608.84
202608,2026-08-01,KZN03,P008,13,2118.1
202608,2026-08-01,KZN03,P009,13,3531.92
202608,2026-08-01,KZN03,P010,8,12118.76
202608,2026-08-01,KZN04,P001,28,27599.65
202608,2026-08-01,KZN04,P002,22,9611.64
202608,2026-08-01,KZN04,P003,17,12457.81
202608,2026-08-01,KZN04,P004,17,6368.69
202608,2026-08-01,KZN04,P005,40,8800.05
202608,2026-08-01,KZN04,P006,25,13753.42
202608,2026-08-01,KZN04,P007,21,6730.63
202608,2026-08-01,KZN04,P008,14,2384.47
202608,2026-08-01,KZN04,P009,16,4050.92
202608,2026-08-01,KZN04,P010,9,12913.04
202608,2026-08-01,EC01,P001,25,23818.79
202608,2026-08-01,EC01,P002,17,7393.5
202608,2026-08-01,EC01,P003,13,9149.24
202608,2026-08-01,EC01,P004,16,6235.79
202608,2026-08-01,EC01,P005,31,6587.39
202608,2026-08-01,EC01,P006,21,12256.64
202608,2026-08-01,EC01,P007,16,5213.82
202608,2026-08-01,EC01,P008,12,2009.16
202608,2026-08-01,EC01,P009,13,3351.55
202608,2026-08-01,EC01,P010,8,11475.23
202608,2026-08-01,EC02,P001,22,21024.88
202608,2026-08-01,EC02,P002,16,6891.56
202608,2026-08-01,EC02,P003,12,9011.92
202608,2026-08-01,EC02,P004,12,4515.22
202608,2026-08-01,EC02,P005,30,6406.44
202608,2026-08-01,EC02,P006,20,11033.54
202608,2026-08-01,EC02,P007,14,4483.42
202608,2026-08-01,EC02,P008,10,1614.08
202608,2026-08-01,EC02,P009,11,2838.09
202608,2026-08-01,EC02,P010,7,10151.9
202608,2026-08-01,EC03,P001,19,18506.06
202608,2026-08-01,EC03,P002,15,6302.97
202608,2026-08-01,EC03,P003,13,9351.34
202608,2026-08-01,EC03,P004,14,5190.57
202608,2026-08-01,EC03,P005,29,6033.6
202608,2026-08-01,EC03,P006,18,10186.81
202608,2026-08-01,EC03,P007,13,4449.54
202608,2026-08-01,EC03,P008,11,1897.64
202608,2026-08-01,EC03,P009,12,3275.2
202608,2026-08-01,EC03,P010,7,10034.74
202608,2026-08-01,FS01,P001,21,21441.73
202608,2026-08-01,FS01,P002,14,5901.58
202608,2026-08-01,FS01,P003,12,8662.39
202608,2026-08-01,FS01,P004,13,5043.98
202608,2026-08-01,FS01,P005,28,6024.13
202608,2026-08-01,FS01,P006,18,10128.91
202608,2026-08-01,FS01,P007,12,4046.62
202608,2026-08-01,FS01,P008,9,1493.46
202608,2026-08-01,FS01,P009,11,2947.52
202608,2026-08-01,FS01,P010,6,8775.7
202608,2026-08-01,FS02,P001,20,19522.05
202608,2026-08-01,FS02,P002,13,5617.94
202608,2026-08-01,FS02,P003,11,7936.48
202608,2026-08-01,FS02,P004,12,4737.83
202608,2026-08-01,FS02,P005,27,5618.49
202608,2026-08-01,FS02,P006,17,9258.57
202608,2026-08-01,FS02,P007,13,4385.45
202608,2026-08-01,FS02,P008,9,1510.0
202608,2026-08-01,FS02,P009,11,2998.16
202608,2026-08-01,FS02,P010,6,8749.26
202608,2026-08-01,LP01,P001,19,18476.73
202608,2026-08-01,LP01,P002,13,5467.81
202608,2026-08-01,LP01,P003,10,7266.51
202608,2026-08-01,LP01,P004,11,4129.15
202608,2026-08-01,LP01,P005,25,5461.23
202608,2026-08-01,LP01,P006,17,9649.73
202608,2026-08-01,LP01,P007,12,3881.58
202608,2026-08-01,LP01,P008,9,1520.32
202608,2026-08-01,LP01,P009,9,2329.88
202608,2026-08-01,LP01,P010,6,8955.74
202608,2026-08-01,LP02,P001,19,19474.04
202608,2026-08-01,LP02,P002,15,6212.68
202608,2026-08-01,LP02,P003,11,7750.05
202608,2026-08-01,LP02,P004,13,5098.58
202608,2026-08-01,LP02,P005,27,5675.53
202608,2026-08-01,LP02,P006,18,9806.05
202608,2026-08-01,LP02,P007,13,4224.65
202608,2026-08-01,LP02,P008,10,1655.72
202608,2026-08-01,LP02,P009,10,2598.13
202608,2026-08-01,LP02,P010,6,8821.54
202608,2026-08-01,MP01,P001,20,20194.44
202608,2026-08-01,MP01,P002,14,6076.59
202608,2026-08-01,MP01,P003,11,7850.62
202608,2026-08-01,MP01,P004,12,4452.04
202608,2026-08-01,MP01,P005,27,5589.22
202608,2026-08-01,MP01,P006,18,10463.68
202608,2026-08-01,MP01,P007,14,4656.38
202608,2026-08-01,MP01,P008,10,1682.5
202608,2026-08-01,MP01,P009,11,2940.18
202608,2026-08-01,MP01,P010,6,8591.26
202608,2026-08-01,MP02,P001,20,20104.68
202608,2026-08-01,MP02,P002,16,6711.17
202608,2026-08-01,MP02,P003,13,9567.18
202608,2026-08-01,MP02,P004,13,4909.84
202608,2026-08-01,MP02,P005,28,5860.86
202608,2026-08-01,MP02,P006,18,10277.22
202608,2026-08-01,MP02,P007,15,5184.82
202608,2026-08-01,MP02,P008,10,1720.79
202608,2026-08-01,MP02,P009,12,3163.97
202608,2026-08-01,MP02,P010,7,10078.23
202608,2026-08-01,NW01,P001,20,20492.92
202608,2026-08-01,NW01,P002,16,6950.67
202608,2026-08-01,NW01,P003,12,8678.34
202608,2026-08-01,NW01,P004,12,4536.15
202608,2026-08-01,NW01,P005,28,5724.97
202608,2026-08-01,NW01,P006,18,10052.97
202608,2026-08-01,NW01,P007,12,4097.93
202608,2026-08-01,NW01,P008,10,1645.58
202608,2026-08-01,NW01,P009,10,2693.18
202608,2026-08-01,NW01,P010,6,8891.51
202608,2026-08-01,NW02,P001,22,22387.32
202608,2026-08-01,NW02,P002,17,7373.08
202608,2026-08-01,NW02,P003,13,9152.24
202608,2026-08-01,NW02,P004,14,5191.7
202608,2026-08-01,NW02,P005,28,6068.63
202608,2026-08-01,NW02,P006,21,12076.57
202608,2026-08-01,NW02,P007,15,5084.52
202608,2026-08-01,NW02,P008,10,1608.11
202608,2026-08-01,NW02,P009,12,3051.28
202608,2026-08-01,NW02,P010,7,10066.72
202608,2026-08-01,NC01,P001,17,17406.65
202608,2026-08-01,NC01,P002,14,5997.56
202608,2026-08-01,NC01,P003,10,7423.03
202608,2026-08-01,NC01,P004,11,4305.06
202608,2026-08-01,NC01,P005,22,4758.68
202608,2026-08-01,NC01,P006,15,8547.23
202608,2026-08-01,NC01,P007,12,4155.15
202608,2026-08-01,NC01,P008,8,1378.84
202608,2026-08-01,NC01,P009,9,2312.61
202608,2026-08-01,NC01,P010,6,9008.87
202609,2026-09-01,GP01,P001,33,31448.23
202609,2026-09-01,GP01,P002,24,10238.54
202609,2026-09-01,GP01,P003,20,14472.44
202609,2026-09-01,GP01,P004,21,8367.46
202609,2026-09-01,GP01,P005,46,9400.9
202609,2026-09-01,GP01,P006,28,16217.93
202609,2026-09-01,GP01,P007,20,6595.74
202609,2026-09-01,GP01,P008,16,2711.22
202609,2026-09-01,GP01,P009,18,4540.17
202609,2026-09-01,GP01,P010,10,14858.24
202609,2026-09-01,GP02,P001,32,30748.96
202609,2026-09-01,GP02,P002,26,11078.38
202609,2026-09-01,GP02,P003,21,15485.41
202609,2026-09-01,GP02,P004,21,7765.77
202609,2026-09-01,GP02,P005,47,10145.17
202609,2026-09-01,GP02,P006,33,18576.45
202609,2026-09-01,GP02,P007,22,7512.58
202609,2026-09-01,GP02,P008,16,2607.24
202609,2026-09-01,GP02,P009,19,4951.55
202609,2026-09-01,GP02,P010,10,14626.34
202609,2026-09-01,GP03,P001,35,35366.17
202609,2026-09-01,GP03,P002,26,10815.27
202609,2026-09-01,GP03,P003,20,14939.38
202609,2026-09-01,GP03,P004,24,9546.64
202609,2026-09-01,GP03,P005,52,11071.13
202609,2026-09-01,GP03,P006,33,18817.94
202609,2026-09-01,GP03,P007,26,8833.38
202609,2026-09-01,GP03,P008,17,2904.51
202609,2026-09-01,GP03,P009,20,5245.5
202609,2026-09-01,GP03,P010,12,17814.67
202609,2026-09-01,GP04,P001,31,29887.26
202609,2026-09-01,GP04,P002,21,8828.99
202609,2026-09-01,GP04,P003,18,12916.65
202609,2026-09-01,GP04,P004,20,7600.56
202609,2026-09-01,GP04,P005,40,8205.15
202609,2026-09-01,GP04,P006,26,14779.5
202609,2026-09-01,GP04,P007,18,5881.63
202609,2026-09-01,GP04,P008,15,2441.11
202609,2026-09-01,GP04,P009,15,3912.26
202609,2026-09-01,GP04,P010,9,13646.77
202609,2026-09-01,GP05,P001,33,32245.95
202609,2026-09-01,GP05,P002,23,9416.05
202609,2026-09-01,GP05,P003,17,12001.57
202609,2026-09-01,GP05,P004,19,7072.94
202609,2026-09-01,GP05,P005,39,8345.1
202609,2026-09-01,GP05,P006,27,15209.72
202609,2026-09-01,GP05,P007,20,6592.44
202609,2026-09-01,GP05,P008,15,2480.33
202609,2026-09-01,GP05,P009,18,4845.84
202609,2026-09-01,GP05,P010,10,14209.46
202609,2026-09-01,WC01,P001,31,29977.53
202609,2026-09-01,WC01,P002,26,11247.5
202609,2026-09-01,WC01,P003,18,12774.72
202609,2026-09-01,WC01,P004,19,7572.4
202609,2026-09-01,WC01,P005,45,9556.69
202609,2026-09-01,WC01,P006,27,15327.19
202609,2026-09-01,WC01,P007,23,7721.29
202609,2026-09-01,WC01,P008,16,2768.19
202609,2026-09-01,WC01,P009,16,4226.36
202609,2026-09-01,WC01,P010,10,14534.65
202609,2026-09-01,WC02,P001,28,27507.58
202609,2026-09-01,WC02,P002,24,9929.55
202609,2026-09-01,WC02,P003,17,12315.36
202609,2026-09-01,WC02,P004,18,6971.99
202609,2026-09-01,WC02,P005,42,8673.66
202609,2026-09-01,WC02,P006,26,14478.17
202609,2026-09-01,WC02,P007,21,6898.49
202609,2026-09-01,WC02,P008,16,2685.18
202609,2026-09-01,WC02,P009,15,3860.1
202609,2026-09-01,WC02,P010,10,14451.48
202609,2026-09-01,WC03,P001,28,26641.39
202609,2026-09-01,WC03,P002,25,10578.17
202609,2026-09-01,WC03,P003,17,11903.1
202609,2026-09-01,WC03,P004,20,7550.02
202609,2026-09-01,WC03,P005,39,8034.53
202609,2026-09-01,WC03,P006,28,16159.93
202609,2026-09-01,WC03,P007,19,6121.91
202609,2026-09-01,WC03,P008,15,2597.89
202609,2026-09-01,WC03,P009,16,4200.99
202609,2026-09-01,WC03,P010,9,12835.24
202609,2026-09-01,WC04,P001,30,28732.51
202609,2026-09-01,WC04,P002,21,8728.06
202609,2026-09-01,WC04,P003,17,12096.8
202609,2026-09-01,WC04,P004,19,7054.46
202609,2026-09-01,WC04,P005,39,8384.83
202609,2026-09-01,WC04,P006,24,13934.43
202609,2026-09-01,WC04,P007,20,6607.77
202609,2026-09-01,WC04,P008,14,2315.19
202609,2026-09-01,WC04,P009,15,4000.35
202609,2026-09-01,WC04,P010,9,12770.91
202609,2026-09-01,KZN01,P001,32,31278.36
202609,2026-09-01,KZN01,P002,24,10342.01
202609,2026-09-01,KZN01,P003,18,12783.53
202609,2026-09-01,KZN01,P004,20,7732.93
202609,2026-09-01,KZN01,P005,41,8792.13
202609,2026-09-01,KZN01,P006,29,16170.49
202609,2026-09-01,KZN01,P007,20,6713.27
202609,2026-09-01,KZN01,P008,15,2529.99
202609,2026-09-01,KZN01,P009,16,4212.65
202609,2026-09-01,KZN01,P010,9,13470.16
202609,2026-09-01,KZN02,P001,26,26569.84
202609,2026-09-01,KZN02,P002,19,8241.46
202609,2026-09-01,KZN02,P003,16,11220.51
202609,2026-09-01,KZN02,P004,17,6324.52
202609,2026-09-01,KZN02,P005,36,7486.24
202609,2026-09-01,KZN02,P006,21,11779.79
202609,2026-09-01,KZN02,P007,18,6114.48
202609,2026-09-01,KZN02,P008,13,2125.17
202609,2026-09-01,KZN02,P009,14,3619.58
202609,2026-09-01,KZN02,P010,8,11750.24
202609,2026-09-01,KZN03,P001,24,24246.27
202609,2026-09-01,KZN03,P002,20,8247.72
202609,2026-09-01,KZN03,P003,14,10150.88
202609,2026-09-01,KZN03,P004,15,5965.51
202609,2026-09-01,KZN03,P005,33,6981.79
202609,2026-09-01,KZN03,P006,20,11672.99
202609,2026-09-01,KZN03,P007,16,5491.6
202609,2026-09-01,KZN03,P008,12,1925.48
202609,2026-09-01,KZN03,P009,14,3647.6
202609,2026-09-01,KZN03,P010,7,10464.23
202609,2026-09-01,KZN04,P001,27,26928.59
202609,2026-09-01,KZN04,P002,22,9289.03
202609,2026-09-01,KZN04,P003,18,13067.79
202609,2026-09-01,KZN04,P004,19,7065.16
202609,2026-09-01,KZN04,P005,42,9065.46
202609,2026-09-01,KZN04,P006,28,15686.26
202609,2026-09-01,KZN04,P007,21,7043.86
202609,2026-09-01,KZN04,P008,14,2337.58
202609,2026-09-01,KZN04,P009,16,4233.46
202609,2026-09-01,KZN04,P010,10,14785.84
202609,2026-09-01,EC01,P001,23,22798.39
202609,2026-09-01,EC01,P002,19,8004.02
202609,2026-09-01,EC01,P003,14,10308.64
202609,2026-09-01,EC01,P004,16,5933.85
202609,2026-09-01,EC01,P005,34,7046.56
202609,2026-09-01,EC01,P006,20,11583.69
202609,2026-09-01,EC01,P007,17,5444.07
202609,2026-09-01,EC01,P008,13,2107.13
202609,2026-09-01,EC01,P009,14,3645.59
202609,2026-09-01,EC01,P010,8,11916.26
202609,2026-09-01,EC02,P001,20,20398.98
202609,2026-09-01,EC02,P002,17,7340.38
202609,2026-09-01,EC02,P003,11,8248.31
202609,2026-09-01,EC02,P004,13,5183.83
202609,2026-09-01,EC02,P005,28,6059.46
202609,2026-09-01,EC02,P006,19,11128.59
202609,2026-09-01,EC02,P007,14,4499.63
202609,2026-09-01,EC02,P008,10,1623.98
202609,2026-09-01,EC02,P009,11,2956.32
202609,2026-09-01,EC02,P010,7,10260.73
202609,2026-09-01,EC03,P001,20,20115.92
202609,2026-09-01,EC03,P002,17,7456.88
202609,2026-09-01,EC03,P003,13,9705.78
202609,2026-09-01,EC03,P004,12,4729.94
202609,2026-09-01,EC03,P005,30,6562.01
202609,2026-09-01,EC03,P006,19,11040.01
202609,2026-09-01,EC03,P007,15,4803.44
202609,2026-09-01,EC03,P008,10,1674.49
202609,2026-09-01,EC03,P009,11,2815.79
202609,2026-09-01,EC03,P010,6,8621.87
202609,2026-09-01,FS01,P001,19,18930.33
202609,2026-09-01,FS01,P002,16,6537.21
202609,2026-09-01,FS01,P003,12,8753.97
202609,2026-09-01,FS01,P004,13,4959.53
202609,2026-09-01,FS01,P005,29,5997.29
202609,2026-09-01,FS01,P006,18,10486.33
202609,2026-09-01,FS01,P007,13,4164.87
202609,2026-09-01,FS01,P008,10,1724.99
202609,2026-09-01,FS01,P009,11,2814.77
202609,2026-09-01,FS01,P010,6,8485.31
202609,2026-09-01,FS02,P001,18,18310.99
202609,2026-09-01,FS02,P002,15,6150.24
202609,2026-09-01,FS02,P003,11,8028.1
202609,2026-09-01,FS02,P004,11,4152.25
202609,2026-09-01,FS02,P005,23,4770.91
202609,2026-09-01,FS02,P006,17,9760.05
202609,2026-09-01,FS02,P007,12,4052.84
202609,2026-09-01,FS02,P008,9,1535.47
202609,2026-09-01,FS02,P009,10,2661.75
202609,2026-09-01,FS02,P010,6,9100.97
202609,2026-09-01,LP01,P001,17,16725.78
202609,2026-09-01,LP01,P002,13,5620.76
202609,2026-09-01,LP01,P003,11,8011.64
202609,2026-09-01,LP01,P004,12,4645.38
202609,2026-09-01,LP01,P005,24,4957.04
202609,2026-09-01,LP01,P006,17,9343.46
202609,2026-09-01,LP01,P007,12,4039.61
202609,2026-09-01,LP01,P008,9,1459.37
202609,2026-09-01,LP01,P009,10,2700.99
202609,2026-09-01,LP01,P010,6,8619.58
202609,2026-09-01,LP02,P001,19,19116.83
202609,2026-09-01,LP02,P002,14,5845.2
202609,2026-09-01,LP02,P003,11,8249.98
202609,2026-09-01,LP02,P004,12,4771.36
202609,2026-09-01,LP02,P005,25,5320.51
202609,2026-09-01,LP02,P006,17,9378.31
202609,2026-09-01,LP02,P007,13,4238.3
202609,2026-09-01,LP02,P008,9,1522.27
202609,2026-09-01,LP02,P009,10,2584.08
202609,2026-09-01,LP02,P010,6,8481.9
202609,2026-09-01,MP01,P001,20,19372.56
202609,2026-09-01,MP01,P002,14,5885.23
202609,2026-09-01,MP01,P003,11,7702.21
202609,2026-09-01,MP01,P004,13,5165.45
202609,2026-09-01,MP01,P005,28,5878.17
202609,2026-09-01,MP01,P006,18,9821.18
202609,2026-09-01,MP01,P007,13,4365.47
202609,2026-09-01,MP01,P008,9,1482.08
202609,2026-09-01,MP01,P009,11,2892.73
202609,2026-09-01,MP01,P010,6,8546.33
202609,2026-09-01,MP02,P001,23,22298.92
202609,2026-09-01,MP02,P002,17,7048.88
202609,2026-09-01,MP02,P003,12,9056.08
202609,2026-09-01,MP02,P004,14,5430.02
202609,2026-09-01,MP02,P005,30,6471.36
202609,2026-09-01,MP02,P006,20,11010.84
202609,2026-09-01,MP02,P007,15,4891.03
202609,2026-09-01,MP02,P008,10,1731.12
202609,2026-09-01,MP02,P009,11,2938.29
202609,2026-09-01,MP02,P010,7,10226.93
202609,2026-09-01,NW01,P001,20,19804.59
202609,2026-09-01,NW01,P002,14,6126.54
202609,2026-09-01,NW01,P003,11,8308.56
202609,2026-09-01,NW01,P004,13,5022.4
202609,2026-09-01,NW01,P005,25,5442.1
202609,2026-09-01,NW01,P006,18,10069.37
202609,2026-09-01,NW01,P007,14,4570.76
202609,2026-09-01,NW01,P008,10,1678.64
202609,2026-09-01,NW01,P009,11,2946.01
202609,2026-09-01,NW01,P010,6,9081.47
202609,2026-09-01,NW02,P001,23,22456.78
202609,2026-09-01,NW02,P002,16,6605.79
202609,2026-09-01,NW02,P003,12,8562.96
202609,2026-09-01,NW02,P004,14,5348.07
202609,2026-09-01,NW02,P005,31,6492.36
202609,2026-09-01,NW02,P006,18,10583.38
202609,2026-09-01,NW02,P007,15,4801.94
202609,2026-09-01,NW02,P008,10,1687.72
202609,2026-09-01,NW02,P009,12,3150.02
202609,2026-09-01,NW02,P010,7,10225.23
202609,2026-09-01,NC01,P001,16,15802.07
202609,2026-09-01,NC01,P002,14,5868.67
202609,2026-09-01,NC01,P003,9,6370.16
202609,2026-09-01,NC01,P004,10,3739.01
202609,2026-09-01,NC01,P005,23,4835.17
202609,2026-09-01,NC01,P006,16,8780.68
202609,2026-09-01,NC01,P007,11,3602.89
202609,2026-09-01,NC01,P008,9,1487.41
202609,2026-09-01,NC01,P009,9,2339.48
202609,2026-09-01,NC01,P010,6,8723.27
202610,2026-10-01,GP01,P001,33,32270.08
202610,2026-10-01,GP01,P002,25,10715.35
202610,2026-10-01,GP01,P003,21,15202.26
202610,2026-10-01,GP01,P004,22,8195.64
202610,2026-10-01,GP01,P005,42,8815.98
202610,2026-10-01,GP01,P006,28,15529.26
202610,2026-10-01,GP01,P007,21,6772.04
202610,2026-10-01,GP01,P008,16,2734.63
202610,2026-10-01,GP01,P009,18,4749.05
202610,2026-10-01,GP01,P010,11,16723.71
202610,2026-10-01,GP02,P001,38,36649.43
202610,2026-10-01,GP02,P002,27,11260.63
202610,2026-10-01,GP02,P003,20,14906.53
202610,2026-10-01,GP02,P004,24,9090.65
202610,2026-10-01,GP02,P005,47,10328.16
202610,2026-10-01,GP02,P006,31,18032.03
202610,2026-10-01,GP02,P007,25,8368.8
202610,2026-10-01,GP02,P008,17,2860.83
202610,2026-10-01,GP02,P009,21,5655.75
202610,2026-10-01,GP02,P010,11,15867.62
202610,2026-10-01,GP03,P001,39,39406.99
202610,2026-10-01,GP03,P002,29,11861.8
202610,2026-10-01,GP03,P003,24,17727.07
202610,2026-10-01,GP03,P004,23,8654.88
202610,2026-10-01,GP03,P005,52,10846.19
202610,2026-10-01,GP03,P006,32,17730.2
202610,2026-10-01,GP03,P007,25,8437.07
202610,2026-10-01,GP03,P008,18,3034.2
202610,2026-10-01,GP03,P009,21,5344.07
202610,2026-10-01,GP03,P010,13,19629.82
202610,2026-10-01,GP04,P001,28,28331.3
202610,2026-10-01,GP04,P002,23,10134.15
202610,2026-10-01,GP04,P003,17,12723.49
202610,2026-10-01,GP04,P004,18,6670.79
202610,2026-10-01,GP04,P005,38,8181.74
202610,2026-10-01,GP04,P006,30,17223.53
202610,2026-10-01,GP04,P007,19,6410.6
202610,2026-10-01,GP04,P008,16,2714.72
202610,2026-10-01,GP04,P009,17,4358.33
202610,2026-10-01,GP04,P010,10,15049.06
202610,2026-10-01,GP05,P001,30,30859.61
202610,2026-10-01,GP05,P002,26,10667.07
202610,2026-10-01,GP05,P003,20,14652.19
202610,2026-10-01,GP05,P004,19,7005.45
202610,2026-10-01,GP05,P005,43,9138.42
202610,2026-10-01,GP05,P006,29,16937.71
202610,2026-10-01,GP05,P007,23,7965.79
202610,2026-10-01,GP05,P008,17,2801.57
202610,2026-10-01,GP05,P009,19,4938.42
202610,2026-10-01,GP05,P010,10,14466.41
202610,2026-10-01,WC01,P001,33,31480.36
202610,2026-10-01,WC01,P002,26,10719.39
202610,2026-10-01,WC01,P003,19,13818.02
202610,2026-10-01,WC01,P004,21,7898.82
202610,2026-10-01,WC01,P005,42,8687.5
202610,2026-10-01,WC01,P006,31,17142.08
202610,2026-10-01,WC01,P007,22,7349.74
202610,2026-10-01,WC01,P008,16,2601.87
202610,2026-10-01,WC01,P009,18,4629.88
202610,2026-10-01,WC01,P010,10,14820.24
202610,2026-10-01,WC02,P001,30,28991.98
202610,2026-10-01,WC02,P002,22,9630.88
202610,2026-10-01,WC02,P003,18,13368.2
202610,2026-10-01,WC02,P004,19,7400.03
202610,2026-10-01,WC02,P005,45,9561.77
202610,2026-10-01,WC02,P006,27,14935.05
202610,2026-10-01,WC02,P007,22,7479.74
202610,2026-10-01,WC02,P008,15,2470.68
202610,2026-10-01,WC02,P009,18,4756.48
202610,2026-10-01,WC02,P010,10,14730.5
202610,2026-10-01,WC03,P001,29,28466.7
202610,2026-10-01,WC03,P002,24,9851.33
202610,2026-10-01,WC03,P003,17,12538.74
202610,2026-10-01,WC03,P004,20,7417.9
202610,2026-10-01,WC03,P005,42,9217.62
202610,2026-10-01,WC03,P006,29,16440.84
202610,2026-10-01,WC03,P007,23,7718.53
202610,2026-10-01,WC03,P008,16,2770.4
202610,2026-10-01,WC03,P009,18,4834.32
202610,2026-10-01,WC03,P010,10,14685.24
202610,2026-10-01,WC04,P001,30,30314.29
202610,2026-10-01,WC04,P002,22,9130.01
202610,2026-10-01,WC04,P003,16,11750.16
202610,2026-10-01,WC04,P004,19,7290.01
202610,2026-10-01,WC04,P005,41,8575.23
202610,2026-10-01,WC04,P006,26,15150.61
202610,2026-10-01,WC04,P007,20,6410.8
202610,2026-10-01,WC04,P008,15,2536.57
202610,2026-10-01,WC04,P009,16,4241.58
202610,2026-10-01,WC04,P010,9,13659.73
202610,2026-10-01,KZN01,P001,30,30809.25
202610,2026-10-01,KZN01,P002,23,9565.23
202610,2026-10-01,KZN01,P003,17,12042.77
202610,2026-10-01,KZN01,P004,18,7096.12
202610,2026-10-01,KZN01,P005,42,8916.02
202610,2026-10-01,KZN01,P006,26,15109.07
202610,2026-10-01,KZN01,P007,22,7524.56
202610,2026-10-01,KZN01,P008,15,2525.41
202610,2026-10-01,KZN01,P009,16,4055.17
202610,2026-10-01,KZN01,P010,10,15083.17
202610,2026-10-01,KZN02,P001,25,24958.75
202610,2026-10-01,KZN02,P002,19,8294.93
202610,2026-10-01,KZN02,P003,15,10910.65
202610,2026-10-01,KZN02,P004,18,7022.05
202610,2026-10-01,KZN02,P005,38,8321.48
202610,2026-10-01,KZN02,P006,23,12867.82
202610,2026-10-01,KZN02,P007,18,5988.83
202610,2026-10-01,KZN02,P008,13,2245.33
202610,2026-10-01,KZN02,P009,14,3815.05
202610,2026-10-01,KZN02,P010,9,13695.33
202610,2026-10-01,KZN03,P001,24,24147.17
202610,2026-10-01,KZN03,P002,20,8657.64
202610,2026-10-01,KZN03,P003,16,11366.43
202610,2026-10-01,KZN03,P004,16,6032.67
202610,2026-10-01,KZN03,P005,33,6905.97
202610,2026-10-01,KZN03,P006,21,11500.07
202610,2026-10-01,KZN03,P007,16,5477.54
202610,2026-10-01,KZN03,P008,13,2164.97
202610,2026-10-01,KZN03,P009,13,3540.7
202610,2026-10-01,KZN03,P010,8,11669.21
202610,2026-10-01,KZN04,P001,28,27509.93
202610,2026-10-01,KZN04,P002,23,10062.55
202610,2026-10-01,KZN04,P003,18,13522.01
202610,2026-10-01,KZN04,P004,19,7452.36
202610,2026-10-01,KZN04,P005,41,9037.58
202610,2026-10-01,KZN04,P006,25,13840.5
202610,2026-10-01,KZN04,P007,19,6423.52
202610,2026-10-01,KZN04,P008,14,2366.85
202610,2026-10-01,KZN04,P009,17,4304.85
202610,2026-10-01,KZN04,P010,9,12765.15
202610,2026-10-01,EC01,P001,24,23251.57
202610,2026-10-01,EC01,P002,20,8664.27
202610,2026-10-01,EC01,P003,14,9928.41
202610,2026-10-01,EC01,P004,16,6275.93
202610,2026-10-01,EC01,P005,35,7260.73
202610,2026-10-01,EC01,P006,23,12931.55
202610,2026-10-01,EC01,P007,16,5460.82
202610,2026-10-01,EC01,P008,13,2240.35
202610,2026-10-01,EC01,P009,13,3450.38
202610,2026-10-01,EC01,P010,8,11698.75
202610,2026-10-01,EC02,P001,21,21010.32
202610,2026-10-01,EC02,P002,17,7124.48
202610,2026-10-01,EC02,P003,13,9569.58
202610,2026-10-01,EC02,P004,13,4881.39
202610,2026-10-01,EC02,P005,30,6165.29
202610,2026-10-01,EC02,P006,20,11676.16
202610,2026-10-01,EC02,P007,15,5080.67
202610,2026-10-01,EC02,P008,11,1898.82
202610,2026-10-01,EC02,P009,12,3057.12
202610,2026-10-01,EC02,P010,7,9951.21
202610,2026-10-01,EC03,P001,22,21408.46
202610,2026-10-01,EC03,P002,17,7011.54
202610,2026-10-01,EC03,P003,14,9845.88
202610,2026-10-01,EC03,P004,13,4817.33
202610,2026-10-01,EC03,P005,28,5850.97
202610,2026-10-01,EC03,P006,19,11012.07
202610,2026-10-01,EC03,P007,14,4507.56
202610,2026-10-01,EC03,P008,11,1822.24
202610,2026-10-01,EC03,P009,11,2979.81
202610,2026-10-01,EC03,P010,7,10146.92
202610,2026-10-01,FS01,P001,20,19942.82
202610,2026-10-01,FS01,P002,17,7007.7
202610,2026-10-01,FS01,P003,13,9695.07
202610,2026-10-01,FS01,P004,13,5050.01
202610,2026-10-01,FS01,P005,26,5477.84
202610,2026-10-01,FS01,P006,20,11520.57
202610,2026-10-01,FS01,P007,14,4496.41
202610,2026-10-01,FS01,P008,10,1671.78
202610,2026-10-01,FS01,P009,11,2995.57
202610,2026-10-01,FS01,P010,6,8902.2
202610,2026-10-01,FS02,P001,19,18713.41
202610,2026-10-01,FS02,P002,14,5867.9
202610,2026-10-01,FS02,P003,12,8459.66
202610,2026-10-01,FS02,P004,12,4526.01
202610,2026-10-01,FS02,P005,27,5554.07
202610,2026-10-01,FS02,P006,18,9871.19
202610,2026-10-01,FS02,P007,13,4462.31
202610,2026-10-01,FS02,P008,9,1515.03
202610,2026-10-01,FS02,P009,11,2804.28
202610,2026-10-01,FS02,P010,6,8522.88
202610,2026-10-01,LP01,P001,18,17696.36
202610,2026-10-01,LP01,P002,13,5698.53
202610,2026-10-01,LP01,P003,10,7499.9
202610,2026-10-01,LP01,P004,11,4197.09
202610,2026-10-01,LP01,P005,24,4938.84
202610,2026-10-01,LP01,P006,16,9286.75
202610,2026-10-01,LP01,P007,13,4359.06
202610,2026-10-01,LP01,P008,9,1481.8
202610,2026-10-01,LP01,P009,10,2720.75
202610,2026-10-01,LP01,P010,5,7483.73
202610,2026-10-01,LP02,P001,21,20010.93
202610,2026-10-01,LP02,P002,16,6577.43
202610,2026-10-01,LP02,P003,11,8162.96
202610,2026-10-01,LP02,P004,13,4817.39
202610,2026-10-01,LP02,P005,28,5746.76
202610,2026-10-01,LP02,P006,19,10389.91
202610,2026-10-01,LP02,P007,14,4603.89
202610,2026-10-01,LP02,P008,10,1687.83
202610,2026-10-01,LP02,P009,10,2586.1
202610,2026-10-01,LP02,P010,6,8734.87
202610,2026-10-01,MP01,P001,21,19978.89
202610,2026-10-01,MP01,P002,15,6341.69
202610,2026-10-01,MP01,P003,12,8464.53
202610,2026-10-01,MP01,P004,12,4684.07
202610,2026-10-01,MP01,P005,28,5817.82
202610,2026-10-01,MP01,P006,17,9290.87
202610,2026-10-01,MP01,P007,14,4707.18
202610,2026-10-01,MP01,P008,9,1460.99
202610,2026-10-01,MP01,P009,11,2796.66
202610,2026-10-01,MP01,P010,6,9010.45
202610,2026-10-01,MP02,P001,24,23766.82
202610,2026-10-01,MP02,P002,18,7699.33
202610,2026-10-01,MP02,P003,14,10566.99
202610,2026-10-01,MP02,P004,13,4996.38
202610,2026-10-01,MP02,P005,28,6068.71
202610,2026-10-01,MP02,P006,20,11644.2
202610,2026-10-01,MP02,P007,15,4853.77
202610,2026-10-01,MP02,P008,10,1684.15
202610,2026-10-01,MP02,P009,13,3327.97
202610,2026-10-01,MP02,P010,7,10210.28
202610,2026-10-01,NW01,P001,21,20099.63
202610,2026-10-01,NW01,P002,16,6998.68
202610,2026-10-01,NW01,P003,12,8444.77
202610,2026-10-01,NW01,P004,13,4946.97
202610,2026-10-01,NW01,P005,25,5349.04
202610,2026-10-01,NW01,P006,18,10064.69
202610,2026-10-01,NW01,P007,14,4638.9
202610,2026-10-01,NW01,P008,10,1633.93
202610,2026-10-01,NW01,P009,11,2966.92
202610,2026-10-01,NW01,P010,6,8743.63
202610,2026-10-01,NW02,P001,21,19971.33
202610,2026-10-01,NW02,P002,16,6714.08
202610,2026-10-01,NW02,P003,12,8912.46
202610,2026-10-01,NW02,P004,14,5198.74
202610,2026-10-01,NW02,P005,29,5922.42
202610,2026-10-01,NW02,P006,20,10892.17
202610,2026-10-01,NW02,P007,16,5332.66
202610,2026-10-01,NW02,P008,11,1784.58
202610,2026-10-01,NW02,P009,12,3043.43
202610,2026-10-01,NW02,P010,7,10248.85
202610,2026-10-01,NC01,P001,17,16420.38
202610,2026-10-01,NC01,P002,13,5483.94
202610,2026-10-01,NC01,P003,10,7201.55
202610,2026-10-01,NC01,P004,11,4331.37
202610,2026-10-01,NC01,P005,24,5250.47
202610,2026-10-01,NC01,P006,17,9346.82
202610,2026-10-01,NC01,P007,12,3892.96
202610,2026-10-01,NC01,P008,9,1524.39
202610,2026-10-01,NC01,P009,10,2707.97
202610,2026-10-01,NC01,P010,6,9023.12
202611,2026-11-01,GP01,P001,34,33504.24
202611,2026-11-01,GP01,P002,24,10345.32
202611,2026-11-01,GP01,P003,18,13082.51
202611,2026-11-01,GP01,P004,21,7785.96
202611,2026-11-01,GP01,P005,47,10114.76
202611,2026-11-01,GP01,P006,32,17707.47
202611,2026-11-01,GP01,P007,22,7072.27
202611,2026-11-01,GP01,P008,18,3008.31
202611,2026-11-01,GP01,P009,17,4529.95
202611,2026-11-01,GP01,P010,11,16592.47
202611,2026-11-01,GP02,P001,34,32623.0
202611,2026-11-01,GP02,P002,26,10978.38
202611,2026-11-01,GP02,P003,22,15768.41
202611,2026-11-01,GP02,P004,22,8438.36
202611,2026-11-01,GP02,P005,49,10585.78
202611,2026-11-01,GP02,P006,31,17171.37
202611,2026-11-01,GP02,P007,24,7999.48
202611,2026-11-01,GP02,P008,19,3235.29
202611,2026-11-01,GP02,P009,19,4908.64
202611,2026-11-01,GP02,P010,11,15591.29
202611,2026-11-01,GP03,P001,40,40353.51
202611,2026-11-01,GP03,P002,29,12133.17
202611,2026-11-01,GP03,P003,22,16540.63
202611,2026-11-01,GP03,P004,23,8717.37
202611,2026-11-01,GP03,P005,49,10615.2
202611,2026-11-01,GP03,P006,34,18956.21
202611,2026-11-01,GP03,P007,25,8329.52
202611,2026-11-01,GP03,P008,19,3172.47
202611,2026-11-01,GP03,P009,20,5383.87
202611,2026-11-01,GP03,P010,12,17144.2
202611,2026-11-01,GP04,P001,32,31332.44
202611,2026-11-01,GP04,P002,24,10561.63
202611,2026-11-01,GP04,P003,19,13756.64
202611,2026-11-01,GP04,P004,19,7463.81
202611,2026-11-01,GP04,P005,42,9206.65
202611,2026-11-01,GP04,P006,28,15328.04
202611,2026-11-01,GP04,P007,21,6967.69
202611,2026-11-01,GP04,P008,14,2382.53
202611,2026-11-01,GP04,P009,18,4696.28
202611,2026-11-01,GP04,P010,10,14695.42
202611,2026-11-01,GP05,P001,34,34221.84
202611,2026-11-01,GP05,P002,26,10899.92
202611,2026-11-01,GP05,P003,19,13308.65
202611,2026-11-01,GP05,P004,19,7325.31
202611,2026-11-01,GP05,P005,41,9011.44
202611,2026-11-01,GP05,P006,30,16889.1
202611,2026-11-01,GP05,P007,22,7304.17
202611,2026-11-01,GP05,P008,15,2445.76
202611,2026-11-01,GP05,P009,19,5120.62
202611,2026-11-01,GP05,P010,11,15979.55
202611,2026-11-01,WC01,P001,34,33392.17
202611,2026-11-01,WC01,P002,26,11147.04
202611,2026-11-01,WC01,P003,19,13827.88
202611,2026-11-01,WC01,P004,23,8950.27
202611,2026-11-01,WC01,P005,43,9253.23
202611,2026-11-01,WC01,P006,31,16855.91
202611,2026-11-01,WC01,P007,24,8155.16
202611,2026-11-01,WC01,P008,15,2566.24
202611,2026-11-01,WC01,P009,18,4905.48
202611,2026-11-01,WC01,P010,11,16305.48
202611,2026-11-01,WC02,P001,33,31555.16
202611,2026-11-01,WC02,P002,24,9893.84
202611,2026-11-01,WC02,P003,20,14699.87
202611,2026-11-01,WC02,P004,20,7944.75
202611,2026-11-01,WC02,P005,40,8281.51
202611,2026-11-01,WC02,P006,26,14756.22
202611,2026-11-01,WC02,P007,19,6178.19
202611,2026-11-01,WC02,P008,15,2533.96
202611,2026-11-01,WC02,P009,17,4298.82
202611,2026-11-01,WC02,P010,10,14868.21
202611,2026-11-01,WC03,P001,32,32568.89
202611,2026-11-01,WC03,P002,25,10220.62
202611,2026-11-01,WC03,P003,19,14258.26
202611,2026-11-01,WC03,P004,21,8200.79
202611,2026-11-01,WC03,P005,43,9474.2
202611,2026-11-01,WC03,P006,29,16281.93
202611,2026-11-01,WC03,P007,21,7012.46
202611,2026-11-01,WC03,P008,15,2413.64
202611,2026-11-01,WC03,P009,18,4549.19
202611,2026-11-01,WC03,P010,10,15148.25
202611,2026-11-01,WC04,P001,29,29412.4
202611,2026-11-01,WC04,P002,22,8971.45
202611,2026-11-01,WC04,P003,17,12603.79
202611,2026-11-01,WC04,P004,18,7172.24
202611,2026-11-01,WC04,P005,42,8582.13
202611,2026-11-01,WC04,P006,27,15197.67
202611,2026-11-01,WC04,P007,20,6885.23
202611,2026-11-01,WC04,P008,15,2437.71
202611,2026-11-01,WC04,P009,17,4565.73
202611,2026-11-01,WC04,P010,9,13197.91
202611,2026-11-01,KZN01,P001,33,32742.0
202611,2026-11-01,KZN01,P002,25,10987.36
202611,2026-11-01,KZN01,P003,19,13405.27
202611,2026-11-01,KZN01,P004,21,8369.09
202611,2026-11-01,KZN01,P005,45,9428.48
202611,2026-11-01,KZN01,P006,30,16559.83
202611,2026-11-01,KZN01,P007,22,7442.87
202611,2026-11-01,KZN01,P008,15,2549.97
202611,2026-11-01,KZN01,P009,17,4336.21
202611,2026-11-01,KZN01,P010,10,14916.95
202611,2026-11-01,KZN02,P001,25,25600.81
202611,2026-11-01,KZN02,P002,20,8506.64
202611,2026-11-01,KZN02,P003,16,11969.22
202611,2026-11-01,KZN02,P004,17,6774.31
202611,2026-11-01,KZN02,P005,35,7488.6
202611,2026-11-01,KZN02,P006,23,12894.88
202611,2026-11-01,KZN02,P007,18,6224.59
202611,2026-11-01,KZN02,P008,14,2315.75
202611,2026-11-01,KZN02,P009,14,3535.06
202611,2026-11-01,KZN02,P010,9,13436.46
202611,2026-11-01,KZN03,P001,24,24345.84
202611,2026-11-01,KZN03,P002,20,8362.93
202611,2026-11-01,KZN03,P003,15,11028.08
202611,2026-11-01,KZN03,P004,17,6610.78
202611,2026-11-01,KZN03,P005,36,7905.28
202611,2026-11-01,KZN03,P006,24,13616.1
202611,2026-11-01,KZN03,P007,16,5539.3
202611,2026-11-01,KZN03,P008,12,2021.26
202611,2026-11-01,KZN03,P009,14,3705.68
202611,2026-11-01,KZN03,P010,8,11475.15
202611,2026-11-01,KZN04,P001,31,31497.56
202611,2026-11-01,KZN04,P002,24,10191.58
202611,2026-11-01,KZN04,P003,18,12991.33
202611,2026-11-01,KZN04,P004,18,6784.14
202611,2026-11-01,KZN04,P005,38,7765.26
202611,2026-11-01,KZN04,P006,26,14500.89
202611,2026-11-01,KZN04,P007,22,7587.56
202611,2026-11-01,KZN04,P008,15,2569.17
202611,2026-11-01,KZN04,P009,16,4267.49
202611,2026-11-01,KZN04,P010,10,14657.46
202611,2026-11-01,EC01,P001,26,26334.56
202611,2026-11-01,EC01,P002,18,7671.48
202611,2026-11-01,EC01,P003,15,10909.23
202611,2026-11-01,EC01,P004,15,5822.58
202611,2026-11-01,EC01,P005,32,6954.85
202611,2026-11-01,EC01,P006,23,13286.48
202611,2026-11-01,EC01,P007,16,5172.25
202611,2026-11-01,EC01,P008,12,2076.39
202611,2026-11-01,EC01,P009,14,3539.21
202611,2026-11-01,EC01,P010,8,11407.94
202611,2026-11-01,EC02,P001,20,19534.5
202611,2026-11-01,EC02,P002,16,6902.63
202611,2026-11-01,EC02,P003,11,8150.46
202611,2026-11-01,EC02,P004,13,4955.46
202611,2026-11-01,EC02,P005,28,5962.22
202611,2026-11-01,EC02,P006,19,10766.41
202611,2026-11-01,EC02,P007,15,5094.32
202611,2026-11-01,EC02,P008,11,1825.35
202611,2026-11-01,EC02,P009,12,3256.66
202611,2026-11-01,EC02,P010,6,8897.23
202611,2026-11-01,EC03,P001,21,21105.98
202611,2026-11-01,EC03,P002,18,7634.21
202611,2026-11-01,EC03,P003,14,9875.14
202611,2026-11-01,EC03,P004,13,5101.48
202611,2026-11-01,EC03,P005,27,5718.75
202611,2026-11-01,EC03,P006,20,11340.61
202611,2026-11-01,EC03,P007,15,4910.15
202611,2026-11-01,EC03,P008,10,1698.05
202611,2026-11-01,EC03,P009,11,2992.49
202611,2026-11-01,EC03,P010,7,10211.55
202611,2026-11-01,FS01,P001,21,20735.99
202611,2026-11-01,FS01,P002,16,6960.75
202611,2026-11-01,FS01,P003,12,8501.16
202611,2026-11-01,FS01,P004,12,4492.47
202611,2026-11-01,FS01,P005,30,6515.91
202611,2026-11-01,FS01,P006,19,10739.99
202611,2026-11-01,FS01,P007,15,4921.76
202611,2026-11-01,FS01,P008,10,1719.33
202611,2026-11-01,FS01,P009,11,2892.86
202611,2026-11-01,FS01,P010,7,10451.53
202611,2026-11-01,FS02,P001,18,18323.7
202611,2026-11-01,FS02,P002,14,6106.38
202611,2026-11-01,FS02,P003,10,7362.5
202611,2026-11-01,FS02,P004,12,4631.45
202611,2026-11-01,FS02,P005,27,5782.78
202611,2026-11-01,FS02,P006,16,8895.79
202611,2026-11-01,FS02,P007,12,3945.25
202611,2026-11-01,FS02,P008,9,1489.3
202611,2026-11-01,FS02,P009,10,2698.74
202611,2026-11-01,FS02,P010,6,9123.38
202611,2026-11-01,LP01,P001,18,17899.89
202611,2026-11-01,LP01,P002,15,6423.92
202611,2026-11-01,LP01,P003,11,8111.07
202611,2026-11-01,LP01,P004,12,4700.12
202611,2026-11-01,LP01,P005,26,5656.8
202611,2026-11-01,LP01,P006,17,9513.0
202611,2026-11-01,LP01,P007,12,4013.02
202611,2026-11-01,LP01,P008,9,1445.37
202611,2026-11-01,LP01,P009,9,2444.53
202611,2026-11-01,LP01,P010,6,8875.92
202611,2026-11-01,LP02,P001,19,19530.75
202611,2026-11-01,LP02,P002,15,6570.46
202611,2026-11-01,LP02,P003,12,8903.92
202611,2026-11-01,LP02,P004,12,4625.45
202611,2026-11-01,LP02,P005,29,6112.61
202611,2026-11-01,LP02,P006,19,10338.88
202611,2026-11-01,LP02,P007,13,4434.2
202611,2026-11-01,LP02,P008,10,1638.77
202611,2026-11-01,LP02,P009,11,2935.39
202611,2026-11-01,LP02,P010,6,9031.75
202611,2026-11-01,MP01,P001,18,18065.93
202611,2026-11-01,MP01,P002,15,6159.19
202611,2026-11-01,MP01,P003,12,8557.74
202611,2026-11-01,MP01,P004,12,4657.11
202611,2026-11-01,MP01,P005,28,6154.72
202611,2026-11-01,MP01,P006,18,10070.56
202611,2026-11-01,MP01,P007,14,4542.75
202611,2026-11-01,MP01,P008,11,1814.37
202611,2026-11-01,MP01,P009,11,2999.9
202611,2026-11-01,MP01,P010,6,8782.79
202611,2026-11-01,MP02,P001,22,21236.0
202611,2026-11-01,MP02,P002,18,7716.62
202611,2026-11-01,MP02,P003,14,10401.92
202611,2026-11-01,MP02,P004,15,5775.01
202611,2026-11-01,MP02,P005,30,6153.53
202611,2026-11-01,MP02,P006,21,12104.45
202611,2026-11-01,MP02,P007,14,4550.6
202611,2026-11-01,MP02,P008,11,1847.31
202611,2026-11-01,MP02,P009,12,3164.92
202611,2026-11-01,MP02,P010,7,10323.5
202611,2026-11-01,NW01,P001,19,19254.68
202611,2026-11-01,NW01,P002,16,6795.61
202611,2026-11-01,NW01,P003,13,9262.12
202611,2026-11-01,NW01,P004,14,5206.51
202611,2026-11-01,NW01,P005,25,5486.47
202611,2026-11-01,NW01,P006,18,10250.95
202611,2026-11-01,NW01,P007,14,4629.1
202611,2026-11-01,NW01,P008,10,1678.42
202611,2026-11-01,NW01,P009,11,2879.28
202611,2026-11-01,NW01,P010,7,10488.68
202611,2026-11-01,NW02,P001,21,21252.88
202611,2026-11-01,NW02,P002,18,7614.95
202611,2026-11-01,NW02,P003,12,8774.53
202611,2026-11-01,NW02,P004,15,5597.15
202611,2026-11-01,NW02,P005,31,6626.23
202611,2026-11-01,NW02,P006,21,12270.21
202611,2026-11-01,NW02,P007,16,5145.52
202611,2026-11-01,NW02,P008,11,1795.4
202611,2026-11-01,NW02,P009,11,2999.06
202611,2026-11-01,NW02,P010,7,10145.94
202611,2026-11-01,NC01,P001,19,19087.88
202611,2026-11-01,NC01,P002,14,6120.37
202611,2026-11-01,NC01,P003,10,7264.03
202611,2026-11-01,NC01,P004,10,3769.73
202611,2026-11-01,NC01,P005,24,5146.76
202611,2026-11-01,NC01,P006,17,9323.52
202611,2026-11-01,NC01,P007,12,4001.57
202611,2026-11-01,NC01,P008,9,1512.86
202611,2026-11-01,NC01,P009,9,2386.19
202611,2026-11-01,NC01,P010,6,8439.81
202612,2026-12-01,GP01,P001,25,23857.0
202612,2026-12-01,GP01,P002,19,8052.49
202612,2026-12-01,GP01,P003,15,10602.11
202612,2026-12-01,GP01,P004,15,5539.01
202612,2026-12-01,GP01,P005,36,7394.33
202612,2026-12-01,GP01,P006,22,11986.79
202612,2026-12-01,GP01,P007,17,5764.07
202612,2026-12-01,GP01,P008,14,2342.58
202612,2026-12-01,GP01,P009,14,3790.03
202612,2026-12-01,GP01,P010,9,12716.91
202612,2026-12-01,GP02,P001,28,26810.15
202612,2026-12-01,GP02,P002,22,9187.5
202612,2026-12-01,GP02,P003,16,11744.8
202612,2026-12-01,GP02,P004,18,6952.21
202612,2026-12-01,GP02,P005,38,8036.05
202612,2026-12-01,GP02,P006,26,15264.54
202612,2026-12-01,GP02,P007,18,6182.61
202612,2026-12-01,GP02,P008,13,2173.35
202612,2026-12-01,GP02,P009,14,3641.51
202612,2026-12-01,GP02,P010,9,13032.2
202612,2026-12-01,GP03,P001,28,27758.18
202612,2026-12-01,GP03,P002,23,9431.02
202612,2026-12-01,GP03,P003,18,13434.55
202612,2026-12-01,GP03,P004,18,7123.59
202612,2026-12-01,GP03,P005,42,8822.4
202612,2026-12-01,GP03,P006,28,15375.14
202612,2026-12-01,GP03,P007,19,6111.21
202612,2026-12-01,GP03,P008,15,2595.2
202612,2026-12-01,GP03,P009,17,4555.74
202612,2026-12-01,GP03,P010,10,14409.67
202612,2026-12-01,GP04,P001,25,25052.9
202612,2026-12-01,GP04,P002,19,7763.69
202612,2026-12-01,GP04,P003,15,10587.04
202612,2026-12-01,GP04,P004,14,5377.7
202612,2026-12-01,GP04,P005,30,6425.47
202612,2026-12-01,GP04,P006,22,12874.36
202612,2026-12-01,GP04,P007,15,5054.81
202612,2026-12-01,GP04,P008,12,1947.97
202612,2026-12-01,GP04,P009,13,3307.35
202612,2026-12-01,GP04,P010,8,11331.56
202612,2026-12-01,GP05,P001,24,24211.01
202612,2026-12-01,GP05,P002,21,8846.85
202612,2026-12-01,GP05,P003,15,10574.38
202612,2026-12-01,GP05,P004,16,5951.53
202612,2026-12-01,GP05,P005,36,7860.36
202612,2026-12-01,GP05,P006,23,12509.38
202612,2026-12-01,GP05,P007,17,5637.45
202612,2026-12-01,GP05,P008,13,2232.81
202612,2026-12-01,GP05,P009,15,3818.2
202612,2026-12-01,GP05,P010,8,11621.53
202612,2026-12-01,WC01,P001,27,27777.35
202612,2026-12-01,WC01,P002,20,8660.5
202612,2026-12-01,WC01,P003,14,10422.19
202612,2026-12-01,WC01,P004,17,6604.19
202612,2026-12-01,WC01,P005,35,7413.61
202612,2026-12-01,WC01,P006,23,13418.77
202612,2026-12-01,WC01,P007,19,6406.48
202612,2026-12-01,WC01,P008,14,2333.7
202612,2026-12-01,WC01,P009,15,3988.91
202612,2026-12-01,WC01,P010,8,11422.04
202612,2026-12-01,WC02,P001,25,25455.59
202612,2026-12-01,WC02,P002,17,7413.16
202612,2026-12-01,WC02,P003,14,10068.71
202612,2026-12-01,WC02,P004,15,5709.68
202612,2026-12-01,WC02,P005,34,7445.54
202612,2026-12-01,WC02,P006,24,13098.6
202612,2026-12-01,WC02,P007,17,5598.54
202612,2026-12-01,WC02,P008,11,1777.42
202612,2026-12-01,WC02,P009,14,3569.67
202612,2026-12-01,WC02,P010,8,11340.4
202612,2026-12-01,WC03,P001,25,24742.82
202612,2026-12-01,WC03,P002,19,7846.84
202612,2026-12-01,WC03,P003,14,10361.99
202612,2026-12-01,WC03,P004,16,6343.73
202612,2026-12-01,WC03,P005,35,7492.02
202612,2026-12-01,WC03,P006,23,12590.76
202612,2026-12-01,WC03,P007,16,5351.72
202612,2026-12-01,WC03,P008,12,1959.07
202612,2026-12-01,WC03,P009,15,3862.54
202612,2026-12-01,WC03,P010,8,12134.33
202612,2026-12-01,WC04,P001,22,21498.76
202612,2026-12-01,WC04,P002,16,6955.61
202612,2026-12-01,WC04,P003,13,9458.69
202612,2026-12-01,WC04,P004,14,5498.47
202612,2026-12-01,WC04,P005,30,6517.16
202612,2026-12-01,WC04,P006,21,11551.62
202612,2026-12-01,WC04,P007,16,5201.98
202612,2026-12-01,WC04,P008,12,2004.0
202612,2026-12-01,WC04,P009,13,3443.34
202612,2026-12-01,WC04,P010,7,10412.94
202612,2026-12-01,KZN01,P001,25,25086.47
202612,2026-12-01,KZN01,P002,19,8059.5
202612,2026-12-01,KZN01,P003,13,9332.38
202612,2026-12-01,KZN01,P004,15,5616.12
202612,2026-12-01,KZN01,P005,35,7417.85
202612,2026-12-01,KZN01,P006,23,13205.6
202612,2026-12-01,KZN01,P007,15,4912.29
202612,2026-12-01,KZN01,P008,12,2027.25
202612,2026-12-01,KZN01,P009,14,3712.49
202612,2026-12-01,KZN01,P010,8,11584.44
202612,2026-12-01,KZN02,P001,21,21529.49
202612,2026-12-01,KZN02,P002,15,6313.86
202612,2026-12-01,KZN02,P003,13,9568.55
202612,2026-12-01,KZN02,P004,13,5067.13
202612,2026-12-01,KZN02,P005,27,5651.63
202612,2026-12-01,KZN02,P006,19,10678.28
202612,2026-12-01,KZN02,P007,15,5139.63
202612,2026-12-01,KZN02,P008,10,1682.39
202612,2026-12-01,KZN02,P009,11,2931.04
202612,2026-12-01,KZN02,P010,6,8593.27
202612,2026-12-01,KZN03,P001,18,18030.46
202612,2026-12-01,KZN03,P002,16,6621.31
202612,2026-12-01,KZN03,P003,12,8813.65
202612,2026-12-01,KZN03,P004,13,4869.61
202612,2026-12-01,KZN03,P005,25,5176.13
202612,2026-12-01,KZN03,P006,18,10273.12
202612,2026-12-01,KZN03,P007,13,4401.68
202612,2026-12-01,KZN03,P008,10,1606.07
202612,2026-12-01,KZN03,P009,11,2901.61
202612,2026-12-01,KZN03,P010,6,8838.12
202612,2026-12-01,KZN04,P001,24,23542.66
202612,2026-12-01,KZN04,P002,17,7052.94
202612,2026-12-01,KZN04,P003,15,10709.53
202612,2026-12-01,KZN04,P004,15,5561.94
202612,2026-12-01,KZN04,P005,34,7423.6
202612,2026-12-01,KZN04,P006,23,12872.08
202612,2026-12-01,KZN04,P007,15,4930.29
202612,2026-12-01,KZN04,P008,13,2241.35
202612,2026-12-01,KZN04,P009,13,3349.29
202612,2026-12-01,KZN04,P010,8,11337.2
202612,2026-12-01,EC01,P001,19,18353.07
202612,2026-12-01,EC01,P002,15,6234.91
202612,2026-12-01,EC01,P003,12,8800.6
202612,2026-12-01,EC01,P004,12,4664.17
202612,2026-12-01,EC01,P005,28,5718.42
202612,2026-12-01,EC01,P006,18,10510.35
202612,2026-12-01,EC01,P007,13,4288.26
202612,2026-12-01,EC01,P008,10,1685.45
202612,2026-12-01,EC01,P009,10,2603.85
202612,2026-12-01,EC01,P010,7,10623.65
202612,2026-12-01,EC02,P001,18,17754.67
202612,2026-12-01,EC02,P002,12,5053.78
202612,2026-12-01,EC02,P003,10,7169.14
202612,2026-12-01,EC02,P004,11,4155.85
202612,2026-12-01,EC02,P005,23,5035.7
202612,2026-12-01,EC02,P006,16,8825.2
202612,2026-12-01,EC02,P007,11,3606.19
202612,2026-12-01,EC02,P008,8,1294.75
202612,2026-12-01,EC02,P009,9,2384.58
202612,2026-12-01,EC02,P010,5,7248.23
202612,2026-12-01,EC03,P001,16,16030.29
202612,2026-12-01,EC03,P002,12,5095.95
202612,2026-12-01,EC03,P003,10,7492.4
202612,2026-12-01,EC03,P004,10,3967.34
202612,2026-12-01,EC03,P005,23,4828.7
202612,2026-12-01,EC03,P006,14,8028.92
202612,2026-12-01,EC03,P007,12,3860.63
202612,2026-12-01,EC03,P008,9,1451.99
202612,2026-12-01,EC03,P009,10,2588.14
202612,2026-12-01,EC03,P010,5,7066.11
202612,2026-12-01,FS01,P001,15,15419.27
202612,2026-12-01,FS01,P002,13,5364.08
202612,2026-12-01,FS01,P003,10,7132.44
202612,2026-12-01,FS01,P004,10,3976.24
202612,2026-12-01,FS01,P005,21,4482.76
202612,2026-12-01,FS01,P006,14,7642.14
202612,2026-12-01,FS01,P007,11,3629.32
202612,2026-12-01,FS01,P008,8,1365.97
202612,2026-12-01,FS01,P009,8,2022.86
202612,2026-12-01,FS01,P010,5,7289.33
202612,2026-12-01,FS02,P001,15,15180.28
202612,2026-12-01,FS02,P002,12,4928.3
202612,2026-12-01,FS02,P003,9,6766.95
202612,2026-12-01,FS02,P004,10,3807.76
202612,2026-12-01,FS02,P005,20,4291.24
202612,2026-12-01,FS02,P006,13,7150.68
202612,2026-12-01,FS02,P007,10,3409.23
202612,2026-12-01,FS02,P008,8,1310.86
202612,2026-12-01,FS02,P009,8,2125.89
202612,2026-12-01,FS02,P010,5,7493.58
202612,2026-12-01,LP01,P001,13,13195.45
202612,2026-12-01,LP01,P002,11,4655.21
202612,2026-12-01,LP01,P003,9,6581.61
202612,2026-12-01,LP01,P004,9,3332.23
202612,2026-12-01,LP01,P005,19,4136.27
202612,2026-12-01,LP01,P006,13,7635.74
202612,2026-12-01,LP01,P007,10,3398.1
202612,2026-12-01,LP01,P008,7,1142.99
202612,2026-12-01,LP01,P009,8,2087.4
202612,2026-12-01,LP01,P010,4,6019.09
202612,2026-12-01,LP02,P001,17,16787.19
202612,2026-12-01,LP02,P002,12,5139.76
202612,2026-12-01,LP02,P003,9,6517.51
202612,2026-12-01,LP02,P004,10,3845.29
202612,2026-12-01,LP02,P005,20,4086.18
202612,2026-12-01,LP02,P006,14,7818.06
202612,2026-12-01,LP02,P007,11,3650.4
202612,2026-12-01,LP02,P008,8,1305.64
202612,2026-12-01,LP02,P009,8,2178.09
202612,2026-12-01,LP02,P010,5,7299.56
202612,2026-12-01,MP01,P001,16,15460.71
202612,2026-12-01,MP01,P002,12,5199.84
202612,2026-12-01,MP01,P003,10,7342.59
202612,2026-12-01,MP01,P004,10,3717.16
202612,2026-12-01,MP01,P005,20,4279.89
202612,2026-12-01,MP01,P006,14,7763.29
202612,2026-12-01,MP01,P007,11,3757.48
202612,2026-12-01,MP01,P008,8,1286.39
202612,2026-12-01,MP01,P009,9,2294.25
202612,2026-12-01,MP01,P010,5,7205.7
202612,2026-12-01,MP02,P001,19,18267.89
202612,2026-12-01,MP02,P002,14,5854.12
202612,2026-12-01,MP02,P003,10,6984.44
202612,2026-12-01,MP02,P004,11,4075.01
202612,2026-12-01,MP02,P005,22,4619.53
202612,2026-12-01,MP02,P006,16,8955.61
202612,2026-12-01,MP02,P007,12,3987.05
202612,2026-12-01,MP02,P008,9,1476.71
202612,2026-12-01,MP02,P009,9,2355.56
202612,2026-12-01,MP02,P010,6,8690.16
202612,2026-12-01,NW01,P001,15,14712.06
202612,2026-12-01,NW01,P002,13,5570.35
202612,2026-12-01,NW01,P003,9,6671.48
202612,2026-12-01,NW01,P004,11,4384.02
202612,2026-12-01,NW01,P005,20,4205.12
202612,2026-12-01,NW01,P006,14,8112.04
202612,2026-12-01,NW01,P007,11,3579.7
202612,2026-12-01,NW01,P008,8,1340.82
202612,2026-12-01,NW01,P009,8,2073.2
202612,2026-12-01,NW01,P010,5,7451.99
202612,2026-12-01,NW02,P001,18,17989.64
202612,2026-12-01,NW02,P002,13,5307.88
202612,2026-12-01,NW02,P003,11,7733.51
202612,2026-12-01,NW02,P004,11,4065.62
202612,2026-12-01,NW02,P005,23,4837.64
202612,2026-12-01,NW02,P006,16,8865.68
202612,2026-12-01,NW02,P007,13,4362.99
202612,2026-12-01,NW02,P008,9,1455.63
202612,2026-12-01,NW02,P009,10,2671.12
202612,2026-12-01,NW02,P010,5,7308.45
202612,2026-12-01,NC01,P001,14,14172.52
202612,2026-12-01,NC01,P002,11,4646.66
202612,2026-12-01,NC01,P003,8,5671.67
202612,2026-12-01,NC01,P004,9,3448.31
202612,2026-12-01,NC01,P005,18,3726.64
202612,2026-12-01,NC01,P006,13,7069.44
202612,2026-12-01,NC01,P007,9,2899.03
202612,2026-12-01,NC01,P008,7,1194.94
202612,2026-12-01,NC01,P009,8,2081.34
202612,2026-12-01,NC01,P010,5,7542.58
